            0.399995 0 0 0 1.58801e-05 0.000168786  0.00165954  0.392673   -1.2662 -0.505185 0.038549 0.048077 0.141315 0.00149412 0.00238014   0.011213   0.00015979 -8.78843e-05 -0.000175769 0 0 0  0.418706 -0.392796  -9.79218 
            0.499992 -0.0298059  0.0315917 -0.0101904  0.00445595 0.000405442 0.000801662  0.392673   -1.2662 -0.505185 0.038549 0.048077 0.141315 0.00209027 0.00151219  0.0140414  0.000159799 -8.78873e-05 -0.000175766 -7.86232e-08  3.37053e-09  3.77119e-08  0.418706 -0.392796  -9.79218 
            0.599991 -0.00673417   0.0406713 -0.00739594 -0.00154434 -0.00651076   0.0099642  0.392673   -1.2662 -0.505185 0.038549 0.048077 0.141315  -0.027251 -0.0353995  0.0578977  -0.0035437 -0.00171718 -0.00033425   8.0408e-06  9.16606e-06 -9.78479e-06  0.418699 -0.392805  -9.79218 
            0.699987 0.00612278  0.0463469 -0.0133245 -0.00297529 -0.00233625  0.00672628  0.392673   -1.2662 -0.505185 0.038549 0.048077 0.141315   -0.020841 -0.00393018   0.0269552 -0.00223875 -0.00108669 0.000697408 -0.000759033    -0.005889   0.00719703  0.419146 -0.386863   -9.7924 
            0.799991  0.0018262  0.0218316 -0.0159178 -0.00493478 -0.00306982  0.00590675  0.392673   -1.2662 -0.505185 0.038549 0.048077 0.141315  -0.0218783 -0.00453558   0.0146374 -0.00106451 0.000831106 0.000588143  0.00112721 -0.00612297   0.0137736  0.417061 -0.386388  -9.79251 
            0.899987 -0.00543048   0.0248622  -0.0142127 -0.00137102 -0.00432571   0.0031895  0.392673   -1.2662 -0.505185 0.038549 0.048077 0.141315 0.00235952 -0.0081199 0.00192601 -0.000187179  0.000336074  0.000363798  -0.0194818 -0.00316128    0.037611  0.435853 -0.388297  -9.79162 
            0.999985 -0.00071527   0.0221976   -0.022096  0.00120435 -0.00700454  0.00332145  0.392673   -1.2662 -0.505185 0.038549 0.048077 0.141315   0.0158688  -0.0125867 0.000778001 -0.000105288   0.00047823  0.000669296 -0.0281489 0.00360659   0.039092 0.444102 -0.39473 -9.79099 
             1.09999 -0.00638382   0.0193239   -0.022986  0.00151906 -0.00677797  0.00184657  0.392673   -1.2662 -0.505185 0.038549 0.048077 0.141315   0.0138185 -0.00642758  -0.0101564  3.5581e-05 0.000388566 0.000579689 -0.0230007 -0.0016973  0.0486901  0.438758 -0.389279  -9.79145 
             1.19999  -0.0127969    0.016374 -0.00895311  0.00104174 -0.00559092   0.0010613  0.392673   -1.2662 -0.505185 0.038549 0.048077 0.141315   0.0121336 -0.00158971 -0.00928181 0.000210507  0.00030572 1.87101e-05  -0.0154933 -0.00692291   0.0465571 0.431654 -0.38435 -9.79196 
             1.29999 -0.0101996  0.0171941 -0.0168576   0.00612941  -0.00752186 -0.000329964  0.392673   -1.2662 -0.505185 0.038549 0.048077 0.141315   0.0296651 -0.00640472 -0.00502396 0.000137839 0.000256046 7.74807e-05  -0.0264882 -0.00163142   0.0519031   0.44196 -0.389222  -9.79131 
             1.39999 -0.00280206   0.0222626  -0.0184481  0.00341504 -0.00603288  0.00189251  0.392673   -1.2662 -0.505185 0.038549 0.048077 0.141315  0.0139247 0.00167082 0.00416389 2.97875e-05 0.000205034 7.78503e-05 -0.0118104 -0.0068597  0.0377999  0.428509 -0.384751  -9.79208 
             1.49999 -0.0106276  0.0176998 -0.0179205  0.00180984 -0.00612313  0.00254736  0.392673   -1.2662 -0.505185 0.038549 0.048077 0.141315 0.00572355 0.00139552 0.00402068 0.000103798 0.000218943 7.89941e-05 -0.00519074 -0.00638786   0.0351776  0.42227 -0.38531 -9.79233 
             1.59999 -0.00847614   0.0234392  -0.0136506 0.000754776 -0.00716416  0.00279825  0.392673   -1.2662 -0.505185 0.038549 0.048077 0.141315   0.00367228 -0.000956157   0.00245715  8.09256e-05  0.000174463 -3.29202e-05 -0.00179985 -0.00399577    0.035446     0.419 -0.387605  -9.79238 
             1.69998 -0.00740494   0.0224501 -0.00920014  0.00208772 -0.00634764   0.0031152  0.392673   -1.2662 -0.505185 0.038549 0.048077 0.141315 0.00533366 0.00479843 0.00212877  7.78532e-05  0.000206524 -9.49646e-05 -0.00335345 -0.00498822   0.0357522   0.42048 -0.386637  -9.79235 
             1.79999 -0.00913046   0.0168572  -0.0129486  0.00268589 -0.00888701  0.00326772  0.392673   -1.2662 -0.505185 0.038549 0.048077 0.141315  0.00407183 -0.00317192 -0.00287438  5.77786e-05  0.000276953 -8.31737e-06  -0.00359908 -0.000907423    0.0355311  0.420725 -0.390564  -9.79219 
             1.89998 -0.00600849   0.0143226  -0.0221194  0.00307601 -0.00888309  0.00197266  0.392673   -1.2662 -0.505185 0.038549 0.048077 0.141315  0.00710797 -0.00344471 -0.00664388 3.62423e-06 0.000263855  8.5646e-05 -0.00351018 -0.00144057   0.0378818 0.420562 -0.38997 -9.79222 
             1.99998 -0.00672021    0.021849  -0.0256719  0.00389839 -0.00933906  0.00139144  0.392673   -1.2662 -0.505185 0.038549 0.048077 0.141315   0.0111644  -0.0021602 -0.00484337 4.14061e-05  0.00017903 0.000121717 -0.00348719 -0.00123877   0.0381518  0.420532 -0.390155  -9.79221 
             2.09998 -0.00821401   0.0170464  -0.0224533  0.00294841 -0.00821771  0.00133985  0.392673   -1.2662 -0.505185 0.038549 0.048077 0.141315  0.0065772 0.00185097 -0.0031921 4.01288e-05 0.000188199 6.13452e-05 -0.00148113 -0.00247411   0.0373392 0.418625   -0.389 -9.79234 
             2.19999 -0.00527838   0.0176144  -0.0175919  0.00285364 -0.00602047  0.00155672  0.392673   -1.2662 -0.505185 0.038549 0.048077 0.141315 0.00552298 0.00634605 0.00154488  3.15608e-05   0.00014305 -1.31951e-05 -0.000819717  -0.00426965    0.0365812  0.418013 -0.387303  -9.79243 
             2.29999 -0.00806436   0.0235679  -0.0191495     0.00192 -0.00401781  0.00260956  0.392673   -1.2662 -0.505185 0.038549 0.048077 0.141315 0.00127406  0.0125165  0.0081964  8.89287e-05  0.000107133 -1.48925e-06 0.000411242 -0.00532715   0.0350705  0.416863 -0.386343  -9.79252 
             2.39999 -0.00323603   0.0198038  -0.0128907  0.00265976 -0.00370584  0.00365063  0.392673   -1.2662 -0.505185 0.038549 0.048077 0.141315 -0.00100576    0.012043  0.00403504  5.07307e-05  0.000158873 -1.45247e-05 -3.33577e-05  -0.00449394    0.0341347    0.4173 -0.387182  -9.79247 
             2.49999 -0.00852859   0.0189272 -0.00659691 0.000616257 -0.00300736  0.00273579  0.392673   -1.2662 -0.505185 0.038549 0.048077 0.141315 -0.00515199  0.00960789  -0.0054672  7.54478e-05  0.000151133 -1.01892e-05 0.00138871 -0.0041604  0.0353897  0.415914 -0.387451  -9.79252 
             2.59999 -0.00502276   0.0227574  -0.0182383  0.00328439 -0.00464417  0.00180454  0.392673   -1.2662 -0.505185 0.038549 0.048077 0.141315  0.00509107  0.00394847 -0.00765864 4.63307e-05  0.00013055 8.77958e-05 -0.000692488  -0.00248668    0.0365331  0.417898 -0.389015  -9.79237 
             2.69999 -0.00620804   0.0234577  -0.0189538  0.00387719 -0.00531885  0.00111175  0.392673   -1.2662 -0.505185 0.038549 0.048077 0.141315 0.00688951  0.0029885 -0.0076079 6.32477e-05  0.00015248 7.78574e-05 -0.000799022   -0.0017776    0.0369207  0.417997 -0.389682  -9.79234 
             2.79999 -0.00496778   0.0206937  -0.0222017  0.00235646 -0.00766337   0.0010568  0.392673   -1.2662 -0.505185 0.038549 0.048077 0.141315   0.00146203  -0.00267672 -0.000992472 6.40489e-05 0.000153668 6.84679e-05  0.000381798 -0.000256428    0.0363775  0.416867 -0.391166  -9.79233 
             2.89999 -0.00795103   0.0211651  -0.0208197  0.00220337 -0.00860704  0.00155279  0.392673   -1.2662 -0.505185 0.038549 0.048077 0.141315  0.00191621 -0.00450874  0.00655451 8.58507e-05 0.000173818 5.59586e-05 0.000592353 6.32204e-05   0.0356409  0.416673 -0.391502  -9.79232 
             2.99999 -0.00457307   0.0196048  -0.0213718  0.00222998 -0.00935672  0.00287815  0.392673   -1.2662 -0.505185 0.038549 0.048077 0.141315 0.000549918 -0.00326259  0.00900155 9.30967e-05 0.000186411 6.20232e-05 0.000720999 0.000250928    0.034753  0.416558 -0.391719  -9.79232 
             3.09999 -0.00712766   0.0195276 -0.00906581  0.00406034 -0.00881819  0.00326039  0.392673   -1.2662 -0.505185 0.038549 0.048077 0.141315   0.0021942 -0.00194287 0.000679738 0.000118525 0.000181856 5.49414e-06  -0.00015468 -0.000127538    0.0349918  0.417401 -0.391353   -9.7923 
             3.19999 -0.00797501   0.0197644  -0.0128754  0.00256767 -0.00861121  0.00245747  0.392673   -1.2662 -0.505185 0.038549 0.048077 0.141315  0.00115575 -0.00269263 -0.00610398 0.000120844 0.000160638 5.30091e-05    0.0006904 -0.000366495    0.0357317  0.416586 -0.391075  -9.79234 
             3.29999 -0.00753146   0.0237865 -0.00950714  0.0015024 -0.0081115 0.00236555  0.392673   -1.2662 -0.505185 0.038549 0.048077 0.141315  7.23688e-05 -0.000110277 -0.000648743 0.000122019 0.000156361 3.17455e-05   0.00126615 -0.000685343    0.0354466  0.416042 -0.390774  -9.79238 
             3.39999 -0.0088335  0.0239415 -0.0128367  0.00314104 -0.00608053  0.00221499  0.392673   -1.2662 -0.505185 0.038549 0.048077 0.141315  0.00306244  0.00555276 -0.00186874 0.000133864  0.00016251 4.55158e-05 0.000533624 -0.00154747   0.0355027  0.416764 -0.389957  -9.79238 
             3.49999 -0.00909837    0.022086  -0.0185118  0.00299439 -0.00659389  0.00146999  0.392673   -1.2662 -0.505185 0.038549 0.048077 0.141315   0.0029511  0.00271414 0.000556682 0.000122353 0.000165018 8.17187e-05 0.000696028 -0.00112645   0.0361411  0.416594 -0.390325  -9.79237 
             3.59999 -0.0068178  0.0186839 -0.0178808   0.0017952 -0.00940859  0.00233796  0.392673   -1.2662 -0.505185 0.038549 0.048077 0.141315  0.00183903 -0.00296333  0.00765121 0.000102818 0.000175507 6.24391e-05  0.00129897 9.97226e-05   0.0356631  0.415994 -0.391516  -9.79235 
             3.69999 -0.00695363   0.0182703  -0.0267133 0.00197414 -0.0102901 0.00396619  0.392673   -1.2662 -0.505185 0.038549 0.048077 0.141315 7.64591e-05 -0.00149714  0.00996161 0.000100502 0.000171278 0.000103636  0.00123464 0.000347483   0.0350026  0.416056 -0.391787  -9.79234 
             3.79999 -0.00804716   0.0143493   -0.024333  0.00246197 -0.00882566  0.00404727  0.392673   -1.2662 -0.505185 0.038549 0.048077 0.141315  -0.00125346 -0.000163732   0.00786896 9.60035e-05  0.00017228   0.0001009   0.00102794 -0.000259246    0.0356938  0.416263 -0.391175  -9.79235 
             3.89999 -0.00713372   0.0199041  -0.0223723  0.00238125 -0.00972548  0.00405317  0.392673   -1.2662 -0.505185 0.038549 0.048077 0.141315 -0.000376324  -0.00390597   0.00612297 8.39616e-05 0.000136242 8.24402e-05  0.00103584 3.67724e-05   0.0362056  0.416245 -0.391433  -9.79234 
             3.99999 -0.0114595  0.0214746 -0.0232838 -0.00118153 -0.00885111  0.00288765  0.392673   -1.2662 -0.505185 0.038549 0.048077 0.141315  -0.00717458  7.05258e-05 -0.000921537 0.000103195 0.000132888 9.31509e-05   0.00233945 -0.000342783    0.0373806  0.415001 -0.390973  -9.79242 
             4.09999 -0.00909932   0.0202426  -0.0193981 -0.000828679  -0.00874424   0.00304058  0.392673   -1.2662 -0.505185 0.038549 0.048077 0.141315 -0.00426394 0.000166826  -0.0071474 7.35027e-05 0.000132355 7.60634e-05   0.00197941 -0.000371606    0.0370731  0.415348 -0.390972   -9.7924 
             4.19999 -0.00675752   0.0180228  -0.0161478 -0.00123901 -0.00789421  0.00257447  0.392673   -1.2662 -0.505185 0.038549 0.048077 0.141315 -0.00284022 0.000910624 -0.00530324 6.97809e-05 0.000137271 6.66332e-05   0.00197329 -0.000659725    0.0370424  0.415364 -0.390698  -9.79241 
             4.29999 -0.00583957   0.0174083  -0.0199994  0.00128593 -0.00887451  0.00207834  0.392673   -1.2662 -0.505185 0.038549 0.048077 0.141315 0.00370528 0.00150387 0.00011113 7.70232e-05 0.000121632  7.6941e-05    0.0010299 -0.000269603    0.0373309 0.416257 -0.39109 -9.79236 
             4.39999 -0.00884016   0.0151039  -0.0164121  0.00196967 -0.00946271  0.00233973  0.392673   -1.2662 -0.505185 0.038549 0.048077 0.141315  0.00116999 0.000976043 -0.00170089 9.37633e-05 0.000126014 7.06192e-05   0.00089129 -7.99521e-06    0.0370692  0.416381 -0.391358  -9.79234 
             4.49999 -0.00670598   0.0191872  -0.0229693  0.00160748 -0.00815692  0.00218107  0.392673   -1.2662 -0.505185 0.038549 0.048077 0.141315  0.00133792  0.00147282 -0.00261444 8.59764e-05 0.000104615 9.49804e-05   0.00105828 -0.000419505    0.0369249  0.416233 -0.390966  -9.79236 
             4.59998 -0.00628188   0.0232852  -0.0182039 0.000822738 -0.00753714   0.0023655  0.392673   -1.2662 -0.505185 0.038549 0.048077 0.141315 0.000698677  0.00195513   0.0057735 9.41541e-05  9.3313e-05 5.36098e-05    0.0013759 -0.000550127     0.036796  0.415932 -0.390838  -9.79238 
             4.69999 -0.0060078  0.0191641 -0.0211999 0.000903281 -0.00916492  0.00342777  0.392673   -1.2662 -0.505185 0.038549 0.048077 0.141315 -0.000575694  -0.00116532   0.00586058 9.26019e-05 9.85664e-05 5.70046e-05   0.00136082 -1.21349e-05    0.0364707  0.415929 -0.391371  -9.79236 
             4.79999 -0.0090658  0.0179631  -0.018282 -0.000256919  -0.00821557   0.00233912  0.392673   -1.2662 -0.505185 0.038549 0.048077 0.141315  -0.00226652  0.000674743 -0.000783855 9.15586e-05 0.000103341 4.83924e-05   0.00169273 -0.000291417    0.0373228 0.415618 -0.39105 -9.79239 
             4.89998 -0.00688066   0.0229652  -0.0178129 -0.000159657   -0.0077891   0.00190659  0.392673   -1.2662 -0.505185 0.038549 0.048077 0.141315 0.000617237  0.00171881 -0.00459363 9.15239e-05 9.62397e-05 6.02379e-05   0.00164383 -0.000392652    0.0374456  0.415668 -0.390948  -9.79239 
             4.99999 -0.00622319   0.0138646  -0.0219936 -0.000567155  -0.00796961   0.00201457  0.392673   -1.2662 -0.505185 0.038549 0.048077 0.141315 -0.000956762   0.00381353  -0.00730773 9.18493e-05 0.000119208 8.06614e-05   0.00176231 -0.000262912      0.03718  0.415551 -0.391082  -9.79239 
             5.09998 -0.00592501   0.0128396  -0.0182277  0.00117986 -0.00633257   0.0022662  0.392673   -1.2662 -0.505185 0.038549 0.048077 0.141315  0.00169681  0.00594077 -0.00734263 9.46378e-05 0.000108832 6.24181e-05   0.00124502 -0.000594115    0.0367119  0.416058 -0.390803  -9.79238 
             5.19998 -0.00616137   0.0183909   -0.030269 9.29893e-05 -0.00581254  0.00203475  0.392673   -1.2662 -0.505185 0.038549 0.048077 0.141315 0.000129784  0.00426965 0.000859476 0.000105972 8.26652e-05 9.10093e-05   0.00153051 -0.000627074    0.0365645  0.415785 -0.390771  -9.79239 
             5.29998 -0.00251003   0.0258805  -0.0323622  0.00205778 -0.00624824  0.00199388  0.392673   -1.2662 -0.505185 0.038549 0.048077 0.141315 0.00397363 0.00317371 0.00652146 0.000112469 7.52558e-05 9.44465e-05   0.00105107 -0.000411032    0.0366876  0.416239 -0.390985  -9.79236 
             5.39998 -0.00832349   0.0214719  -0.0195074  0.00181511 -0.00717503  0.00342101  0.392673   -1.2662 -0.505185 0.038549 0.048077 0.141315 0.000304211  0.00138051  0.00861352 0.000128154 8.80308e-05 4.59286e-05   0.00122229 -9.18239e-05    0.0360846  0.416063 -0.391318  -9.79236 
             5.49998 -0.00918305   0.0183393  -0.0133787 -0.000351861  -0.00708686   0.00380808  0.392673   -1.2662 -0.505185 0.038549 0.048077 0.141315 -0.00217566   0.0010609  0.00313665 0.000116661 9.52945e-05 3.80321e-05   0.00179293 -7.76753e-05    0.0361484  0.415514 -0.391307  -9.79238 
             5.59998 -0.00786676   0.0207927  -0.0168159  0.00148139 -0.00899477  0.00492687  0.392673   -1.2662 -0.505185 0.038549 0.048077 0.141315   0.00374459   -0.0016968 -9.45551e-05  0.00010107 9.05427e-05 5.79365e-05   0.0013076 0.000383827   0.0358503  0.415962 -0.391783  -9.79234 
             5.69999 -0.00854237   0.0182728  -0.0200375  0.00118616 -0.00871581  0.00417653  0.392673   -1.2662 -0.505185 0.038549 0.048077 0.141315   0.0023919 0.000590207  -0.0111297 9.72014e-05 9.04416e-05 5.94115e-05  0.00144148 0.000317015   0.0362331  0.415835 -0.391695  -9.79235 
             5.79999 -0.00989581   0.0159548  -0.0248086 -0.000679741  -0.00786754   0.00277715  0.392673   -1.2662 -0.505185 0.038549 0.048077 0.141315 -0.00246179 0.000716221  -0.0117991 9.60146e-05 8.03697e-05 7.43856e-05  0.00187244 0.000125565   0.0363471 0.415428 -0.39149 -9.79238 
             5.89999 -0.00610086   0.0163173  -0.0283799 0.000101327 -0.00844517  0.00214716  0.392673   -1.2662 -0.505185 0.038549 0.048077 0.141315 0.000209272 -0.00131838 -0.00124802 8.59348e-05  8.0993e-05 7.54062e-05  0.00164218 0.000244592   0.0362024 0.415645 -0.39162 -9.79236 
             5.99999 -0.00466226   0.0214725  -0.0202736 9.38532e-05 -0.00713261  0.00275327  0.392673   -1.2662 -0.505185 0.038549 0.048077 0.141315 -0.00254263  0.00236333  0.00331886 9.50201e-05 8.01169e-05 4.08002e-05   0.00166495 -5.12156e-05    0.0358593  0.415635 -0.391353  -9.79237 
             6.09998 -0.00702893   0.0202902  -0.0204006  0.00121999 -0.00770063  0.00408845  0.392673   -1.2662 -0.505185 0.038549 0.048077 0.141315 -7.12125e-05  0.000719959   0.00540327  9.2819e-05 8.14133e-05 4.21142e-05   0.0013648 0.000102994    0.035392  0.415915 -0.391539  -9.79235 
             6.19998 -0.00871278   0.0179849  -0.0234791  0.00154674 -0.00766571  0.00427735  0.392673   -1.2662 -0.505185 0.038549 0.048077 0.141315  0.00224426 0.000235265  0.00443757 9.41853e-05 7.80661e-05 5.47362e-05  0.00130499 9.29676e-05   0.0355199  0.415973 -0.391525  -9.79235 
             6.29998 -0.00724102   0.0185841  -0.0309592 0.000243043 -0.00699806  0.00390363  0.392673   -1.2662 -0.505185 0.038549 0.048077 0.141315 -0.000348869   0.00461629  -0.00125281 9.20496e-05 7.85196e-05  7.1463e-05  0.00162356 -4.5277e-07    0.035853  0.415672 -0.391403  -9.79237 
             6.39998 -0.00964251   0.0184669  -0.0175037 0.000414302 -0.00669378  0.00309631  0.392673   -1.2662 -0.505185 0.038549 0.048077 0.141315 -0.00212294  0.00485709 -0.00997105 9.49385e-05 7.99409e-05 4.44278e-05  0.00157267 6.37016e-05   0.0360583  0.415718 -0.391455  -9.79237 
             6.49999 -0.00691635   0.0202648  -0.0165934 0.000923022 -0.00803445  0.00223581  0.392673   -1.2662 -0.505185 0.038549 0.048077 0.141315  0.00107101 -0.00182328  -0.0146327 9.11252e-05 6.82488e-05 4.74863e-05  0.00142132 0.000383223   0.0359454  0.415846 -0.391775  -9.79235 
             6.59998 -0.00594166   0.0187432  -0.0221183 -0.000106708  -0.00626885   0.00159037  0.392673   -1.2662 -0.505185 0.038549 0.048077 0.141315 0.000637039  0.00276317 -0.00854249 8.78122e-05 7.67523e-05 5.46849e-05  0.00166018 8.63865e-06   0.0357302  0.415635 -0.391417  -9.79237 
             6.69998 -0.0055423  0.0214082 -0.0202268 0.000811959 -0.00733559  0.00146121  0.392673   -1.2662 -0.505185 0.038549 0.048077 0.141315    0.0011464 -0.000587024  -0.00260995 8.68623e-05 8.30881e-05 5.26488e-05  0.00147486 0.000253721   0.0355396  0.415801 -0.391671  -9.79235 
             6.79998 -0.00383948   0.0197485  -0.0267353  0.00224966 -0.00730605  0.00230385  0.392673   -1.2662 -0.505185 0.038549 0.048077 0.141315   0.00249564 -0.000338927   0.00340498  8.9557e-05  9.9029e-05 6.87307e-05  0.00120753 0.000224898   0.0351081  0.416059 -0.391679  -9.79234 
             6.89999 -0.00765346   0.0195565  -0.0248001 0.00351602 -0.0080107 0.00347609  0.392673   -1.2662 -0.505185 0.038549 0.048077 0.141315  0.00517278 -0.00221689  0.00903186 9.73565e-05 0.000103812  6.9878e-05  0.00103555 0.000325395    0.034783  0.416221 -0.391801  -9.79233 
             6.99999 -0.00687464    0.021419  -0.0349556  0.00263506 -0.00639921  0.00455062  0.392673   -1.2662 -0.505185 0.038549 0.048077 0.141315 0.00161353 0.00411729 0.00490993 8.63307e-05 9.40188e-05 9.47321e-05  0.00129596 1.26587e-05   0.0346298  0.415986 -0.391499  -9.79235 
             7.09998  -0.011571  0.0149002 -0.0224813  0.00353915 -0.00415878  0.00440448  0.392673   -1.2662 -0.505185 0.038549 0.048077 0.141315  0.00239624  0.00802143 -0.00297433 8.73232e-05 9.57142e-05 7.34338e-05  0.00118604 -0.00028767   0.0347728  0.416106 -0.391208  -9.79236 
             7.19998 -0.00701172   0.0152648  -0.0237405  0.00387823 -0.00427594  0.00441692  0.392673   -1.2662 -0.505185 0.038549 0.048077 0.141315  0.00383338  0.00387823 -0.00384082 7.38643e-05 8.59088e-05 7.37155e-05   0.00116662 -0.000158462     0.034642 0.416118 -0.39134 -9.79235 
             7.29999 -0.00695972   0.0196161  -0.0245449  0.00250153 -0.00530486  0.00393591  0.392673   -1.2662 -0.505185 0.038549 0.048077 0.141315  0.00204692  0.00229416 -0.00451437 6.44243e-05 8.16614e-05 7.70076e-05  0.00146711 0.000104776   0.0347273  0.415814 -0.391571  -9.79236 
             7.39998 -0.00514821   0.0184837  -0.0195869  0.00370683 -0.00625929  0.00302284  0.392673   -1.2662 -0.505185 0.038549 0.048077 0.141315   0.0050337 0.000823645 -0.00617641  6.3456e-05 8.96415e-05 6.42007e-05  0.00129464 0.000321895   0.0348759  0.415967 -0.391781  -9.79234 
             7.49998 -0.00502779   0.0155568  -0.0265825  0.00402427 -0.00763296  0.00254235  0.392673   -1.2662 -0.505185 0.038549 0.048077 0.141315  0.00448482 -0.00282342 -0.00444931 6.20378e-05 8.80312e-05 8.01707e-05 0.00130081 0.00054322  0.0348601  0.415948 -0.391993  -9.79233 
             7.59998 -0.0071435   0.015804 -0.0255514  0.00232304 -0.00763177  0.00426467  0.392673   -1.2662 -0.505185 0.038549 0.048077 0.141315 -0.000235158  -0.00101398   0.00724357 6.55181e-05 8.45707e-05 7.08964e-05 0.00165388 0.00049423  0.0342308  0.415611 -0.391962  -9.79235 
             7.69998 -0.00567416   0.0172978  -0.0255945  0.00156029 -0.00914429  0.00572578  0.392673   -1.2662 -0.505185 0.038549 0.048077 0.141315  -0.0055923 -0.00209678   0.0121288 6.17631e-05 8.61012e-05 7.71542e-05  0.00173112 0.000733778   0.0340357  0.415521 -0.392198  -9.79234 
             7.79999 -0.00879005   0.0166438    -0.02767 -0.000344035   -0.0111281   0.00597216  0.392673   -1.2662 -0.505185 0.038549 0.048077 0.141315 -0.00995101  -0.0082346  0.00552958 6.02634e-05 8.89034e-05 8.23178e-05 0.00193312 0.00100082  0.0341909  0.415312 -0.392432  -9.79234 
             7.89999  -0.005119  0.0181706 -0.0241682 -0.000104619   -0.0101236    0.0049133  0.392673   -1.2662 -0.505185 0.038549 0.048077 0.141315  -0.0051269 -0.00616951 0.000920489 5.46373e-05 8.46254e-05 6.82527e-05  0.00179224 0.000720325     0.03467  0.415469 -0.392144  -9.79235 
             7.99999 -0.00661604   0.0200019  -0.0266057 0.000718242  -0.0114047   0.0040243  0.392673   -1.2662 -0.505185 0.038549 0.048077 0.141315 -0.000544185  -0.00654025  -0.00696487 5.90603e-05 7.84888e-05 7.62439e-05  0.00159656 0.000838246   0.0350186  0.415651 -0.392249  -9.79234 
             8.09998 -0.00643917   0.0162358  -0.0200066 0.00105214  -0.011027 0.00329833  0.392673   -1.2662 -0.505185 0.038549 0.048077 0.141315 0.000816602 -0.00377267   -0.010277 6.02143e-05 7.45832e-05 5.73045e-05  0.00152557 0.000699421    0.035103  0.415731 -0.392116  -9.79234 
             8.19999 -0.00634051    0.016118  -0.0199076 0.00086004 -0.0108092 0.00264727  0.392673   -1.2662 -0.505185 0.038549 0.048077 0.141315 -6.67806e-05   -0.0030733  -0.00802591 5.87781e-05  7.5878e-05 5.44591e-05  0.00154864 0.000597831   0.0350409  0.415717 -0.392021  -9.79234 
             8.29999 -0.00524604   0.0161294  -0.0288169 -0.000241326   -0.0124662   0.00235469  0.392673   -1.2662 -0.505185 0.038549 0.048077 0.141315 -0.00478587 -0.00420052 -0.00169003 6.35066e-05 7.57032e-05 6.96171e-05  0.00168403 0.000802186    0.034908  0.415569 -0.392215  -9.79234 
             8.39999 -0.00323939   0.0160884  -0.0341458 -1.92424e-05    -0.011605   0.00300332  0.392673   -1.2662 -0.505185 0.038549 0.048077 0.141315 -0.00793309 -0.00104567  0.00153727 6.68626e-05 7.65602e-05 7.88195e-05  0.00157894 0.000614034   0.0345788  0.415681 -0.392065  -9.79234 
             8.49998 -0.00584645   0.0174006   -0.033383 0.000634938  -0.0106355  0.00405222  0.392673   -1.2662 -0.505185 0.038549 0.048077 0.141315 -0.00574788 -0.00124811    0.003298 6.96242e-05     6.8e-05 7.83597e-05  0.00138648 0.000424063   0.0342158  0.415877 -0.391924  -9.79234 
             8.59998 -0.00305741   0.0244399  -0.0265912 0.000286009  -0.0088022  0.00494783  0.392673   -1.2662 -0.505185 0.038549 0.048077 0.141315 -0.00135719  0.00318222  0.00306983 6.69094e-05 6.08719e-05 6.75069e-05 0.00139818 0.00014557  0.0340719  0.415888 -0.391667  -9.79235 
             8.69998 -0.00871761   0.0197417   -0.031818 0.000958473 -0.00815769  0.00418202  0.392673   -1.2662 -0.505185 0.038549 0.048077 0.141315  0.00142829  0.00577507 -0.00320568 7.51123e-05 6.72526e-05  7.9332e-05  0.00128009 0.000117096   0.0344146  0.416007 -0.391627  -9.79235 
             8.79999 -0.00780462   0.0160856  -0.0343632  0.00137154 -0.00794275  0.00406416  0.392673   -1.2662 -0.505185 0.038549 0.048077 0.141315 0.00292406 0.00520011 -0.0059283 7.32823e-05 5.97419e-05 7.82791e-05  0.00123352 0.000164211   0.0343437  0.416047 -0.391681  -9.79234 
             8.89999 -0.00654424   0.0214433   -0.025211  0.00279144 -0.00860767  0.00425713  0.392673   -1.2662 -0.505185 0.038549 0.048077 0.141315  0.00738525  0.00228977 0.000455209 7.19053e-05 5.38634e-05 5.75989e-05  0.00108156 0.000315215   0.0341796 0.416176 -0.39185 -9.79233 
             8.99999 -0.0065662  0.0192083  -0.027331  0.00222555 -0.00974951  0.00412416  0.392673   -1.2662 -0.505185 0.038549 0.048077 0.141315  0.00228572  0.00212332 0.000705415 7.27149e-05 5.50198e-05  6.0264e-05  0.00123198 0.000527044   0.0342416  0.416011 -0.392034  -9.79233 
             9.09999 -0.00690723    0.019044  -0.0318019 0.00229916 -0.0103814 0.00410216  0.392673   -1.2662 -0.505185 0.038549 0.048077 0.141315 -0.00169398 -0.00106477   -0.001739 6.55063e-05 5.79073e-05 7.07889e-05  0.00122354 0.000631981   0.0342321  0.416008 -0.392135  -9.79233 
             9.19999 -0.00753867    0.022549  -0.0228111 0.000600607 -0.00887237   0.0041848  0.392673   -1.2662 -0.505185 0.038549 0.048077 0.141315  -0.00517689 -0.000542732   0.00509133 6.95138e-05 5.30079e-05 4.47633e-05  0.00144453 0.000416962   0.0341904  0.415819 -0.391912  -9.79234 
                 9.3 -0.00574459   0.0205514  -0.0316716 -0.00119585 -0.00970895  0.00409982  0.392673   -1.2662 -0.505185 0.038549 0.048077 0.141315 -0.00854644  0.00240077   0.0115977 6.87175e-05 6.31802e-05 5.76892e-05 0.00160004  0.0005346  0.0343899  0.415658 -0.391997  -9.79235 
                 9.4 -0.00729838  0.00948506  -0.0258815  4.9896e-05 -0.00977031  0.00577975  0.392673   -1.2662 -0.505185 0.038549 0.048077 0.141315  0.00977639 -0.00340422   0.0268413 6.87139e-05 6.60891e-05 5.32751e-05  0.00149081 0.000522561    0.034184  0.415765 -0.392008  -9.79234 
             9.50001 -0.0028644 -0.0191855 -0.0313316 0.00307745 -0.0109321 0.00702485  0.392673   -1.2662 -0.505185 0.038549 0.048077 0.141315  0.0887059 0.00130002 0.00473527 7.09216e-05 4.06909e-05 4.48341e-05  0.00171589 0.000595197   0.0343399  0.415542 -0.392046  -9.79235 
                 9.6 -0.00317377  -0.0487179   -0.117288   0.007921 -0.0133227  0.0065583  0.392673   -1.2662 -0.505185 0.038549 0.048077 0.141315     0.104085  -0.00661239 -0.000214265  0.000105136 -0.000105897  6.88975e-05   0.0023981 0.000936667   0.0345181  0.414858 -0.392284  -9.79237 
                 9.7 0.0206977  0.031092 -0.112833  0.0222506 -0.0114145 0.00701917  0.392673   -1.2662 -0.505185 0.038549 0.048077 0.141315  0.120396 0.0159007 0.0129913  0.000110408 -0.000146458  6.06153e-05  0.00201119 0.000730191   0.0345205  0.415262 -0.392158  -9.79236 
                 9.8 -0.00818286   0.0357079  -0.0999381   0.039233 -0.0135004 0.00809722  0.392673   -1.2662 -0.505185 0.038549 0.048077 0.141315   0.152667 -0.0101756 0.00904539  0.000142584 -6.96443e-05   5.3203e-05  0.00145337 0.000999815   0.0345723  0.415713 -0.392545  -9.79232 
                 9.9 -0.0118531 -0.0541238  -0.128167   0.059524 -0.0132888 0.00958162  0.392673   -1.2662 -0.505185 0.038549 0.048077 0.141315  0.201377 0.0116396 0.0209603  0.000125015 -5.30917e-05  6.75429e-05  0.00109074 0.000958432   0.0343498  0.416029 -0.392651   -9.7923 
             9.99999 -0.0278752   -0.06794  -0.111656  0.0793109 -0.0137677   0.013545  0.392673   -1.2662 -0.505185 0.038549 0.048077 0.141315   0.216606 -0.0221651  0.0134685  8.14014e-05 -0.000128201  4.92347e-05  0.00116983 0.000916797   0.0339103  0.415924 -0.392614  -9.79231 
                10.1   0.048248 -0.0760542   -0.13292  0.0989003 -0.0154044  0.0153423  0.392673   -1.2662 -0.505185 0.038549 0.048077 0.141315   0.237196 -0.0110611  0.0324892  7.55986e-05 -0.000258996  6.52902e-05 0.00146618 0.00114402  0.0342771  0.415622 -0.392656  -9.79232 
                10.2 -0.00207117   -0.125798   -0.149769   0.125557 -0.0179625  0.0178033  0.392673   -1.2662 -0.505185 0.038549 0.048077 0.141315  0.323162 0.0100336  0.013857  0.000167112 -0.000327555  6.51488e-05 0.00159253 0.00143759  0.0339584  0.415296 -0.392827  -9.79233 
                10.3  0.020578 0.0427197 -0.151001   0.156726 -0.0143439  0.0175793  0.392673   -1.2662 -0.505185 0.038549 0.048077 0.141315   0.368955    0.02693 -0.0512339  0.000151965 -0.000470879  6.63035e-05 0.00204743   0.001292  0.0338052  0.415006 -0.392446  -9.79236 
                10.4 -0.0296142   0.126817  -0.132539  0.196176 -0.012801 0.0174222  0.392673   -1.2662 -0.505185 0.038549 0.048077 0.141315    0.335871   0.0143003 -0.00218753  0.000141957 -0.000338252  7.00604e-05 0.00157803  0.0010391   0.033439 0.415392 -0.39258 -9.79233 
                10.5 0.0513003 0.0653277 -0.118197   0.233767 -0.0101604 0.00987161  0.392673   -1.2662 -0.505185 0.038549 0.048077 0.141315    0.301413    0.024597 -0.00408833 0.000115636 -2.5081e-05 6.30344e-05  0.00105829 0.000873398   0.0356677  0.416351 -0.392774  -9.79229 
                10.6 -0.0322592  -0.139372  -0.102381    0.271138 -0.00591259  0.00938081  0.392673   -1.2662 -0.505185 0.038549 0.048077 0.141315   0.378595  0.0640063 -0.0258904 0.000206455 6.46042e-05 3.98341e-05 0.000787376 0.000573842   0.0351416 0.416716 -0.39283 -9.79227 
                10.7  -0.117109 -0.0565219  -0.159164     0.305071 -0.000191139    0.0150105  0.392673   -1.2662 -0.505185 0.038549 0.048077 0.141315   0.342303  0.0063229 0.00633068  0.000100196 -7.60693e-05  4.55014e-05  0.00112246 0.000430983   0.0330805  0.416482 -0.392735  -9.79228 
                10.8 -0.0299977  0.0545581 -0.0747133   0.338551 0.00300694   0.020957  0.392673   -1.2662 -0.505185 0.038549 0.048077 0.141315  0.335406 0.0299677 0.0222417 -8.67332e-05 -6.62715e-05  9.22682e-06  0.00107809 0.000193314   0.0325225  0.416646 -0.392651  -9.79228 
                10.9 -0.00501716   -0.155612   -0.111686   0.371966 0.00416027  0.0207157  0.392673   -1.2662 -0.505185 0.038549 0.048077 0.141315  0.390041 0.0252552 -0.023783 -4.90859e-05 -1.38503e-05  3.70658e-05 0.00122758  0.0005707  0.0328575  0.416304 -0.392819  -9.79229 
                  11 -0.0483915  -0.102771 -0.0500455  0.409936 0.0034427 0.0216733  0.392673   -1.2662 -0.505185 0.038549 0.048077 0.141315  0.361503 0.0151135  0.016028 -7.34971e-05 -0.000111901  2.08485e-05  0.00138384 0.000830758   0.0322229 0.415973 -0.39287  -9.7923 
                11.1  0.0889726  0.0821347 -0.0572665   0.444601 0.00299392  0.0179138  0.392673   -1.2662 -0.505185 0.038549 0.048077 0.141315   0.306553 0.00540546  0.0270811 -0.000121116 -8.92848e-07  3.55626e-05  0.00137241 0.000922313    0.033707  0.416163 -0.393099  -9.79228 
                11.2  0.0385488 -0.0916817 -0.0622806    0.477577 -0.00227908   0.0187178  0.392673   -1.2662 -0.505185 0.038549 0.048077 0.141315   0.313141 0.00100518  0.0329879 3.70343e-05 0.000131635 4.17226e-05 0.00110598 0.00156241  0.0336554  0.416034 -0.393771  -9.79226 
                11.3  0.0140684  -0.139447 -0.0150299   0.503982 -0.0108827  0.0229803  0.392673   -1.2662 -0.505185 0.038549 0.048077 0.141315    0.320818  -0.0470344 -0.00197348 0.000106126 4.10777e-05 2.79051e-05 0.00133627 0.00232677  0.0331897  0.415424 -0.394344  -9.79226 
                11.4 0.0195177 -0.194415 -0.176802   0.531312 -0.0129156  0.0275709  0.392673   -1.2662 -0.505185 0.038549 0.048077 0.141315    0.338872 8.49274e-05 -0.00949547  0.000169616 -0.000138939  6.94589e-05 0.00171818    0.00239  0.0324267  0.414869 -0.394338  -9.79229 
                11.5 -0.0315782  -0.166054  -0.147732   0.566067 -0.0143857  0.0239963  0.392673   -1.2662 -0.505185 0.038549 0.048077 0.141315    0.358038  -0.0158837 -0.00120753  0.000192185 -0.000184635  5.37989e-05 0.00186423 0.00259295   0.032929  0.414846 -0.394378  -9.79229 
                11.6 -0.0713337  0.0442442  -0.178047   0.600068 -0.0130104  0.0285004  0.392673   -1.2662 -0.505185 0.038549 0.048077 0.141315    0.29551 -0.0080982  0.0379081   3.5799e-05 -0.000103167  5.93465e-05   0.001682 0.00203382  0.0320618   0.41486 -0.394096   -9.7923 
                11.7 0.0116576 0.0965839 -0.156135   0.631191 -0.0141643  0.0301724  0.392673   -1.2662 -0.505185 0.038549 0.048077 0.141315   0.321796 -0.0300922  0.0022725 -3.65974e-05  8.15354e-05  4.19835e-05 0.00159982 0.00200415  0.0327928  0.415264 -0.394085  -9.79228 
                11.8 0.0271579 -0.100123 -0.132951  0.661821 -0.014397 0.0296179  0.392673   -1.2662 -0.505185 0.038549 0.048077 0.141315   0.318989 -0.0220988 -0.0021928 2.07931e-05 0.000146641 4.17699e-05 0.00176651 0.00195914  0.0333689  0.415374 -0.393931  -9.79228 
                11.9 -0.0336032  -0.172046 -0.0735759   0.692668 -0.0126149  0.0299527  0.392673   -1.2662 -0.505185 0.038549 0.048077 0.141315   0.304691 -0.0248397 0.00616004  6.5509e-05 0.000124121 1.72168e-05 0.00195647 0.00160382  0.0337745  0.415605 -0.393555  -9.79229 
                  12 0.00687985  -0.196701 -0.0808425   0.719278 -0.0124086  0.0285967  0.392673   -1.2662 -0.505185 0.038549 0.048077 0.141315     0.285785   -0.0193374 -0.000450841 3.62983e-05 7.02125e-05 2.25308e-05 0.00234305    0.00147  0.0345645 0.415656 -0.39319  -9.7923 
                12.1 0.0268482 -0.270435 -0.125524   0.748834 -0.0120229  0.0268116  0.392673   -1.2662 -0.505185 0.038549 0.048077 0.141315   0.339813 0.00526671 -0.0136375  8.92508e-05 -3.64723e-05  4.86726e-05 0.00263904 0.00151304   0.034822  0.415517 -0.393011  -9.79231 
                12.2 -0.0156028  -0.114076  -0.117916   0.779693 -0.0110044  0.0295933  0.392673   -1.2662 -0.505185 0.038549 0.048077 0.141315   0.301375 -0.0216716   0.025774  7.93057e-05 -0.000102947  3.57872e-05 0.00272157 0.00146176  0.0337176  0.414988 -0.392828  -9.79234 
                12.3  0.0471178   0.081504 -0.0426959    0.808782 -0.00963721   0.0340014  0.392673   -1.2662 -0.505185 0.038549 0.048077 0.141315   0.281469 0.00900898  0.0320172  2.30895e-05 -1.42301e-05  6.86533e-06 0.00265137 0.00125465  0.0334477  0.415031 -0.392713  -9.79234 
                12.4 -0.0187845 -0.0559388 -0.0626024    0.835121 -0.00974488   0.0392203  0.392673   -1.2662 -0.505185 0.038549 0.048077 0.141315   0.292648 -0.0240455  0.0351901 8.64824e-05 0.000116084 1.81543e-05  0.0026943 0.00133294  0.0333194  0.414884 -0.392738  -9.79235 
                12.5  -0.0271309   -0.240839 -0.00793935    0.872434 -0.00814444   0.0387089  0.392673   -1.2662 -0.505185 0.038549 0.048077 0.141315   0.381646  0.0246454 0.00186222 6.60593e-05 0.000122443 6.76663e-06 0.00248437 0.00116517  0.0338088  0.415354 -0.392751  -9.79233 
                12.6 -0.0914775  -0.184675  -0.049236    0.909515 -0.00619358   0.0388968  0.392673   -1.2662 -0.505185 0.038549 0.048077 0.141315    0.385932   -0.016385 -0.00247945 1.50447e-05 2.48099e-05 3.13942e-05 0.00266933 0.00107412  0.0335377  0.415121 -0.392563  -9.79235 
                12.7   0.023941  0.0883828 -0.0165024     0.95233 -0.00091551   0.0387331  0.392673   -1.2662 -0.505185 0.038549 0.048077 0.141315  0.397374 0.0198683 0.0108745 -0.000109973  4.48609e-05  2.59465e-05  0.00248327 0.000504547   0.0339658 0.415736 -0.39219 -9.79234 
                12.8  -0.0137609 -0.00679097  0.00707871   0.998383 0.00205646  0.0370716  0.392673   -1.2662 -0.505185 0.038549 0.048077 0.141315    0.518495 0.000370475  -0.0363532 -4.56749e-05  0.000217879   8.7609e-06  0.00237657 0.000304135   0.0343978  0.416089 -0.392092  -9.79232 
                12.9  -0.0257968  -0.0271425 -0.00164253    1.05427 0.00430558  0.0318375  0.392673   -1.2662 -0.505185 0.038549 0.048077 0.141315  0.574158 0.0452839 0.0026639 -4.21837e-05  0.000253551  2.64115e-05 0.00236781 0.00019376   0.034797  0.416239 -0.392006  -9.79232 
                  13 0.000314691    0.218671   0.0514802    1.11827 0.00963033  0.0323839  0.392673   -1.2662 -0.505185 0.038549 0.048077 0.141315  0.556387 0.0595616 0.0348397 -2.12599e-05  0.000340073 -2.50549e-06  0.00173185 0.000221294   0.0348391  0.416884 -0.392051  -9.79229 
                13.1 -0.0639823 0.00183216   0.214116   1.17802  0.011715 0.0354986  0.392673   -1.2662 -0.505185 0.038549 0.048077 0.141315  0.567382 0.0257268 0.0128077 -1.75958e-05  0.000566543 -4.65573e-05  0.00152793 0.000281512   0.0342253  0.417136 -0.392127  -9.79228 
                13.2 0.0332353  0.186132  0.229862   1.23595  0.014467 0.0360026  0.392673   -1.2662 -0.505185 0.038549 0.048077 0.141315   0.587139  0.0445771 -0.0270054 -3.87038e-05  0.000577059 -3.38152e-05  0.00146845 0.000445606   0.0344066  0.417207 -0.392249  -9.79227 
                13.3 -0.0908155   0.194902   0.276347   1.29511  0.016423 0.0438539  0.392673   -1.2662 -0.505185 0.038549 0.048077 0.141315  0.558838 0.0221448 0.0138379 -4.93055e-05  0.000746203 -1.85644e-05  0.00147843 0.000700485   0.0331625  0.417872 -0.392287  -9.79224 
                13.4  -0.0871379 -0.00160436    0.360323   1.34979 0.0205378 0.0462075  0.392673   -1.2662 -0.505185 0.038549 0.048077 0.141315   0.558125  0.0107132 -0.0153906 -0.000147255  0.000882371 -2.90243e-05  0.00112545 0.000437124    0.033442  0.417711 -0.392002  -9.79226 
                13.5 -0.000679537     -0.13055     0.319486   1.40438 0.0217715 0.0417049  0.392673   -1.2662 -0.505185 0.038549 0.048077 0.141315   0.556451  0.0622502 -0.0102876 -0.000134602  0.000727163 -1.33814e-06  0.00114451 0.000444354   0.0341839  0.417411 -0.392268  -9.79226 
                13.6 -0.00567792   0.0416283    0.395221     1.452 0.0218745  0.041544  0.392673   -1.2662 -0.505185 0.038549 0.048077 0.141315   0.452332 0.00653631  0.0408402 -0.000112001  0.000698678 -3.25147e-05  0.00175475 0.000268997   0.0343368  0.417327 -0.392926  -9.79224 
                13.7 0.0321295 0.0535201  0.404969   1.49837 0.0195133 0.0427137  0.392673   -1.2662 -0.505185 0.038549 0.048077 0.141315  0.426199 0.0105977  0.050924 -7.89813e-05  0.000720143 -1.43619e-05  0.00212928 0.000820073   0.0346337  0.417923 -0.393166   -9.7922 
                13.8 -0.0925068  -0.102177   0.300171   1.53843 0.0199642 0.0517278  0.392673   -1.2662 -0.505185 0.038549 0.048077 0.141315  0.429535 0.0044251 0.0330834 -5.32132e-05  0.000681012  1.79456e-05  0.00237556 0.000423097   0.0334275  0.417742 -0.393373   -9.7922 
                13.9  -0.013076 -0.0726528   0.260742    1.5814  0.018084 0.0525487  0.392673   -1.2662 -0.505185 0.038549 0.048077 0.141315   0.419757 0.00235197   0.011556 -6.94072e-05   0.00053799  1.84946e-05  0.00280937 0.000632953   0.0335638   0.41811 -0.393629  -9.79218 
                  14 -0.0141762  0.0124704   0.202305    1.6212 0.0145566 0.0567308  0.392673   -1.2662 -0.505185 0.038549 0.048077 0.141315   0.366949 -0.0104921  0.0682178 -7.78576e-05   0.00052362  2.70827e-05 0.00303804 0.00117185  0.0337058  0.418682 -0.393534  -9.79216 
                14.1 0.0242585 -0.241645  0.216868   1.67341 0.0125669 0.0522529  0.392673   -1.2662 -0.505185 0.038549 0.048077 0.141315   0.548236  0.0227821 -0.0731562 1.61529e-05 0.000519063 1.82291e-05 0.00292689 0.00256274  0.0350056  0.419877 -0.392628  -9.79214 
                14.2 -0.0135478  -0.163099   0.235183   1.72757  0.011171 0.0502745  0.392673   -1.2662 -0.505185 0.038549 0.048077 0.141315   0.487739  0.0304601 0.00235382 6.65929e-05 0.000321792  2.1932e-05 0.00306256 0.00295991  0.0349475  0.420307 -0.392579  -9.79212 
                14.3 -0.0485371   0.048176  0.0907949   1.78315 0.0139211 0.0576168  0.392673   -1.2662 -0.505185 0.038549 0.048077 0.141315  0.476721 0.0111982 0.0590958 3.19403e-05 0.000387039 4.68039e-05  0.0019292 0.00379947  0.0340303 0.420523 -0.39146 -9.79216 
                14.4 0.00703013  -0.216929  0.0332285   1.84142 0.0149896 0.0619121  0.392673   -1.2662 -0.505185 0.038549 0.048077 0.141315  0.595986 0.0428693 0.0241072 3.56103e-06 0.000464224 4.69042e-05 0.00133383 0.00427954  0.0338398 0.420763  -0.3908 -9.79218 
                14.5 0.00727246  -0.193975  -0.054666   1.90779 0.0140406 0.0606212  0.392673   -1.2662 -0.505185 0.038549 0.048077 0.141315    0.59213 -0.0221797  0.0172847 6.55021e-05 0.000327054 5.18707e-05  0.0012128 0.00490876  0.0342012  0.421488 -0.390512  -9.79216 
                14.6  0.0556828 -0.0375786 -0.0207802     1.9719 0.00879805   0.062338  0.392673   -1.2662 -0.505185 0.038549 0.048077 0.141315  0.562701 0.0270071 0.0592038 6.94023e-05 0.000310091 2.19902e-05 0.00109859 0.00584039  0.0346314  0.422556 -0.390368  -9.79212 
                14.7 -0.0746389  -0.264427  -0.110544   2.03411 0.0086577 0.0684199  0.392673   -1.2662 -0.505185 0.038549 0.048077 0.141315   0.639994 -0.0182511  0.0411379 0.000105379 0.000412589 7.48659e-06 0.000900813  0.00615795    0.034473  0.422828 -0.390326  -9.79211 
                14.8 0.0278189 -0.458958  0.093144     2.1004 0.00783228  0.0686691  0.392673   -1.2662 -0.505185 0.038549 0.048077 0.141315   0.685469 -0.0114401 -0.0122244  7.26455e-05  0.000277359 -2.69825e-05 0.00119006   0.006055  0.0348046  0.422714 -0.390421  -9.79211 
                14.9   0.0526619   -0.305379 -0.00113533   2.16113 0.0138062 0.0709548  0.392673   -1.2662 -0.505185 0.038549 0.048077 0.141315  0.570204 0.0550743 0.0158097 9.29435e-05 0.000177121 2.58975e-05  0.0010553 0.00570079  0.0348141  0.422762 -0.390127  -9.79212 
                  15 -0.037839 -0.667865 0.0059953   2.21812 0.0169964 0.0763486  0.392673   -1.2662 -0.505185 0.038549 0.048077 0.141315   0.689965 -0.0106114 -0.0524289 0.000111922   0.0001727 4.16053e-05 0.000989521  0.00573116   0.0344314  0.422434 -0.390222  -9.79213 
                15.1 -0.0363554   -1.01371  0.0187196   2.28922  0.024093 0.0647799  0.392673   -1.2662 -0.505185 0.038549 0.048077 0.141315   0.660176  0.0517511 -0.0312488 3.26057e-05 0.000104887 4.99355e-05 0.00179188 0.00545226  0.0356688  0.423474 -0.389882   -9.7921 
                15.2 -0.108723 -0.718544 -0.113276   2.35394 0.0293934 0.0648322  0.392673   -1.2662 -0.505185 0.038549 0.048077 0.141315   0.561535  0.0140154 -0.0413202 -5.50529e-05  2.76402e-05  5.12868e-05 0.000864552  0.00539128   0.0352016  0.423527 -0.389908  -9.79209 
                15.3 -0.0583962  -0.720368  0.0898084   2.40955 0.0316267 0.0611108  0.392673   -1.2662 -0.505185 0.038549 0.048077 0.141315   0.533876  0.0527185 -0.0249438 -0.000142005 -4.23908e-05  6.90841e-06 0.00109139 0.00539972  0.0354395  0.423999 -0.389998  -9.79207 
                15.4 -0.0601665  -0.945435   0.153204   2.46599 0.0364795 0.0580445  0.392673   -1.2662 -0.505185 0.038549 0.048077 0.141315   0.597148  0.0330588 -0.0797241 -0.000132246 -5.03112e-05  8.10337e-06 0.000331538  0.00544959   0.0349647  0.423323 -0.389959   -9.7921 
                15.5 -0.0169293   -1.07901   0.278725   2.52782 0.0400412 0.0611938  0.392673   -1.2662 -0.505185 0.038549 0.048077 0.141315   0.636987  0.0606307 -0.0484466 -0.000164806 -0.000121856  8.47556e-06 -0.00284363  0.00575304   0.0330502  0.419996 -0.389733  -9.79225 
                15.6 -0.137644 -0.773361  0.257667   2.59442 0.0493301 0.0634014  0.392673   -1.2662 -0.505185 0.038549 0.048077 0.141315   0.627556  0.0271582 -0.0415677 -0.000180732   -0.0001797  2.47322e-05 -0.00607654  0.00583702   0.0315266  0.417318 -0.389201  -9.79239 
                15.7 -0.196668 -0.459898  0.376446   2.65876 0.0504735 0.0747356  0.392673   -1.2662 -0.505185 0.038549 0.048077 0.141315   0.601973  0.0573528 0.00231717 -0.000299834 -0.000165388  6.09927e-06 -0.0118032 0.00658558  0.0288267  0.412134 -0.388663  -9.79263 
                15.8 -0.192935 -0.316677  0.211292   2.71518 0.0569516 0.0845468  0.392673   -1.2662 -0.505185 0.038549 0.048077 0.141315  0.545675 0.0315681 0.0129426 -0.000369821  -0.00011743  4.88339e-05 -0.0152911 0.00682005  0.0272321  0.408795 -0.387996  -9.79279 
                15.9 -0.165785 -0.419873  0.197846    2.7674 0.0565894 0.0898816  0.392673   -1.2662 -0.505185 0.038549 0.048077 0.141315  0.528894 0.0245268 0.0155874 -0.000432749 -5.92133e-05  1.90327e-05 -0.0163901 0.00702993  0.0265108  0.407439 -0.388049  -9.79285 
                  16 -0.0911577  -0.547361  0.0857375   2.82255 0.0582928 0.0900172  0.392673   -1.2662 -0.505185 0.038549 0.048077 0.141315   0.536998 0.00433785  0.0266397 -0.000412547 -1.89102e-05  2.31666e-05 -0.0163653 0.00723089  0.0264645  0.407575 -0.388101  -9.79284 
                16.1 -0.136147 -0.406305  0.114528   2.87895 0.0586608 0.0952908  0.392673   -1.2662 -0.505185 0.038549 0.048077 0.141315    0.519488 -0.00927419   0.0370637 -0.000417415 -2.02736e-05 -4.53636e-06 -0.0169734 0.00785553  0.0260324  0.407354 -0.387858  -9.79286 
                16.2 -0.129561 -0.545593  0.188127  2.92783 0.061118 0.110371  0.392673   -1.2662 -0.505185 0.038549 0.048077 0.141315  0.522186 0.0300836 0.0677807 -0.000503546  2.86567e-05 -6.32474e-06  -0.019486 0.00807783  0.0244802  0.404592 -0.387028  -9.79301 
                16.3 -0.167027 -0.757917  0.110885   2.9863 0.063749 0.107339  0.392673   -1.2662 -0.505185 0.038549 0.048077 0.141315   0.644649  0.0119136 -0.0739438 -0.000464999  2.97444e-05  2.46539e-05  -0.018575 0.00771086  0.0251968 0.405552 -0.38727 -9.79296 
                16.4 -0.058108 -0.387102  0.257121   3.05323 0.0614176  0.103523  0.392673   -1.2662 -0.505185 0.038549 0.048077 0.141315   0.597006  0.0264421 -0.0325994 -0.000497127  1.47285e-05  2.92195e-07 -0.0188283 0.00815689  0.0251052   0.40584 -0.387069  -9.79295 
                16.5  0.03481 0.211432 0.215704   3.11176  0.061807 0.0980394  0.392673   -1.2662 -0.505185 0.038549 0.048077 0.141315  0.442977 0.0636347 0.0135969 -0.000398258  9.41012e-05  2.51647e-05  -0.016854 0.00856894  0.0265557  0.408957 -0.387528  -9.79281 
                16.6 -0.286888 -0.275085  0.303431   3.15645 0.0673119  0.109023  0.392673   -1.2662 -0.505185 0.038549 0.048077 0.141315   0.498247 -0.0145392  0.0252102 -0.000350103  0.000252077  1.28728e-05 -0.0187624 0.00864715  0.0250783  0.406761 -0.386907  -9.79292 
                16.7 -0.122856 -0.508247  0.492984   3.21479 0.0657649  0.109263  0.392673   -1.2662 -0.505185 0.038549 0.048077 0.141315    0.59665   0.056194 -0.0481357 -0.000458571  0.000201208 -1.86586e-05 -0.0190237 0.00913654  0.0249809  0.407085 -0.386595  -9.79292 
                16.8 -0.148764 -0.302794  0.552795    3.2709 0.0680244   0.10459  0.392673   -1.2662 -0.505185 0.038549 0.048077 0.141315   0.574352   0.047559 -0.0129411 -0.000382086  7.75381e-05 -8.89707e-06 -0.0182818 0.00902812  0.0254403   0.40759 -0.387046  -9.79288 
             16.8999 -0.103972 -0.209269   0.95552   3.33034 0.0716814  0.102918  0.392673   -1.2662 -0.505185 0.038549 0.048077 0.141315  0.527583  0.068422 0.0238331 -0.000379868  8.29538e-05 -6.96831e-05 -0.0181508 0.00939118  0.0254057  0.407967 -0.386944  -9.79287 
             16.9999 -0.150463 0.0689392   1.42401   3.38326 0.0791525  0.103362  0.392673   -1.2662 -0.505185 0.038549 0.048077 0.141315  0.520625 0.0948975 0.0181989 -0.000337453  9.59048e-05 -9.26453e-05 -0.0183661 0.00930312   0.025162  0.407669 -0.386973  -9.79288 
             17.0999 -0.158251  0.157251   2.04578   3.43316 0.0867643  0.112825  0.392673   -1.2662 -0.505185 0.038549 0.048077 0.141315  0.519138 0.0552642 0.0328169 -0.000339856  0.000165638 -0.000113253 -0.0190359 0.00935112  0.0245429  0.407059 -0.386752  -9.79292 
                17.2 -0.171097 -0.164349   2.61356  3.48877 0.104239 0.111675  0.392673   -1.2662 -0.505185 0.038549 0.048077 0.141315  0.518747  0.207949 0.0245926 -0.000335119  0.000278612 -0.000106098 -0.0206505 0.00969604  0.0250236  0.405887 -0.385773    -9.793 
             17.2998 -0.331794 -0.155793    3.8852  3.53601 0.120841 0.120047  0.392673   -1.2662 -0.505185 0.038549 0.048077 0.141315  0.462286  0.151586 0.0795571 -0.000344235   0.00025374 -0.000217077 -0.0205595 0.00832468  0.0243714 0.405571 -0.38707 -9.79297 
             17.3999 -0.216749 -0.145011   5.34481  3.59271 0.140268 0.120712  0.392673   -1.2662 -0.505185 0.038549 0.048077 0.141315  0.506049  0.240491 0.0129755 -0.000392591  0.000229396 -0.000262347 -0.0214228  0.0147538  0.0245842  0.405947 -0.380475  -9.79321 
             17.4999  -0.394203 -0.0796018    6.53026  3.63751 0.166943 0.125828  0.392673   -1.2662 -0.505185 0.038549 0.048077 0.141315  0.495361   0.18779 0.0515516 -0.000406956  0.000180903 -0.000247369 -0.0257248  0.0103377  0.0243314  0.401039 -0.384294  -9.79326 
             17.5999 -0.417166 -0.102414     8.226  3.68431 0.191471 0.130342  0.392673   -1.2662 -0.505185 0.038549 0.048077 0.141315 0.472422 0.183792 0.077713 -0.000490087  0.000207264 -0.000319533 -0.0321998 0.00739421  0.0244453   0.39438 -0.386477  -9.79345 
                17.7 -0.389772 -0.194367   9.66605  3.73474 0.223702 0.135026  0.392673   -1.2662 -0.505185 0.038549 0.048077 0.141315  0.527674  0.221706 0.0223503 -0.000529094  0.000235006 -0.000315692 -0.0483748 0.00807005  0.0236312   0.37832 -0.384588  -9.79415 
                17.8  -0.489676 -0.0283012    11.1607  3.78332 0.248476 0.139982  0.392673   -1.2662 -0.505185 0.038549 0.048077 0.141315  0.454039  0.225737 0.0511402 -0.000548856  0.000199481 -0.000306835 -0.0538646 0.00762609  0.0231589  0.372768 -0.384727  -9.79436 
                17.9 -0.529876 -0.122435     12.68  3.82073 0.278496 0.139844  0.392673   -1.2662 -0.505185 0.038549 0.048077 0.141315   0.41812  0.288105 0.0447274 -0.000608743  0.000261555 -0.000320402   -0.066222 -0.00895824   0.0240188  0.359773 -0.400695  -9.79421 
             17.9999 -0.529807 -0.295472   14.5528  3.86443 0.313836 0.135284  0.392673   -1.2662 -0.505185 0.038549 0.048077 0.141315   0.510019    0.31857 -0.0380744 -0.000596387  0.000224692 -0.000358161 -0.0781589  -0.015235  0.0243705 0.347638 -0.40652 -9.79441 
                18.1 -0.646193 0.0356923   16.3012  3.91632 0.353076 0.137862  0.392673   -1.2662 -0.505185 0.038549 0.048077 0.141315   0.464734   0.311737 0.00415368 -0.000649225  0.000185459 -0.000348931  -0.0983726 0.000714072   0.0222728  0.327824 -0.390001  -9.79576 
                18.2 -0.782574   0.27748    18.162  3.96728 0.394046 0.139954  0.392673   -1.2662 -0.505185 0.038549 0.048077 0.141315   0.40793  0.400993 0.0537252 -0.000732355  0.000282095 -0.000363495 -0.118406 0.0247753 0.0204289  0.308426 -0.365396  -9.79734 
                18.3 -0.792558  0.455524   20.1232  4.01162 0.441899 0.143543  0.392673   -1.2662 -0.505185 0.038549 0.048077 0.141315  0.447895  0.379692 0.0278201 -0.000799753  0.000368385 -0.000399146 -0.159225 0.0293968 0.0186894  0.267758 -0.359761  -9.79874 
                18.4 -0.792915  0.616304   21.9228   4.0581  0.48837 0.143112  0.392673   -1.2662 -0.505185 0.038549 0.048077 0.141315  0.456488   0.37028 0.0390537 -0.000877863  0.000282699 -0.000356195 -0.191276 0.0480299 0.0172469  0.236056 -0.340433  -9.80025 
                18.5 -0.865017  0.725414   23.6744  4.10039 0.525095 0.137759  0.392673   -1.2662 -0.505185 0.038549 0.048077 0.141315   0.449982   0.401649 -0.0203924 -0.000844792  0.000245258  -0.00037488 -0.176787 0.0348779 0.0195201  0.250334 -0.353858  -9.79942 
                18.6 -0.952805  0.809846   25.4084  4.13501 0.565726 0.128266  0.392673   -1.2662 -0.505185 0.038549 0.048077 0.141315   0.366503    0.37098 -0.0128438 -0.000820245  0.000174626  -0.00035427  -0.178493 0.00677604  0.0213529  0.248208 -0.381942  -9.79842 
                18.7 -1.12164  1.21784  27.3534  4.16386 0.600396 0.122772  0.392673   -1.2662 -0.505185 0.038549 0.048077 0.141315   0.378275   0.376855 -0.0107646 -0.000796158  4.70808e-05 -0.000382044  -0.166026 -0.0169185  0.0235804  0.260424 -0.405778  -9.79714 
                18.8 -1.18918 0.949859  29.2933  4.2031  0.6429 0.11793  0.392673   -1.2662 -0.505185 0.038549 0.048077 0.141315   0.378607   0.477074 -0.0318837 -0.000764967  5.68279e-05 -0.000362495  -0.160386 -0.0181577  0.0238863  0.266064 -0.407065  -9.79694 
                18.9 -1.48764  1.50365  31.2389  4.23562 0.691295 0.114212  0.392673   -1.2662 -0.505185 0.038549 0.048077 0.141315   0.27988  0.451544 0.0451418 -0.000690502 -5.07725e-05 -0.000356105  -0.177241 -0.0325663  0.0241065   0.24914 -0.421429  -9.79678 
             18.9999 -1.70207  1.76028  33.8462  4.25671  0.73557 0.133264  0.392673   -1.2662 -0.505185 0.038549 0.048077 0.141315  0.221417  0.493398 0.0405739 -0.000573389 -4.96879e-05 -0.000453327  -0.182481 -0.0478501  0.0229167  0.243834 -0.436727  -9.79624 
                19.1 -1.83684  1.46777  36.4565   4.2867 0.781828 0.129556  0.392673   -1.2662 -0.505185 0.038549 0.048077 0.141315    0.256578    0.480568 -0.00382955 -0.000474291 -4.06563e-05 -0.000452203  -0.170948 -0.0288898  0.0233581  0.25537 -0.41776 -9.79677 
                19.2 -1.84742  1.66621  38.4467  4.31349 0.836792 0.119771  0.392673   -1.2662 -0.505185 0.038549 0.048077 0.141315   0.231873   0.546177 -0.0367291 -0.000518381 -3.60868e-05 -0.000380084  -0.189563 -0.0190558  0.0229442  0.236755 -0.407974  -9.79765 
                19.3 -1.92972   2.0316  40.5492  4.33552 0.893713 0.117868  0.392673   -1.2662 -0.505185 0.038549 0.048077 0.141315  0.189146  0.552538 -0.027952 -0.000483554 -5.70612e-05 -0.000362004   -0.197539 -0.00772854   0.0221525  0.228732 -0.396685  -9.79831 
                19.4 -2.02746  1.98571  42.9341  4.36499 0.959276 0.101352  0.392673   -1.2662 -0.505185 0.038549 0.048077 0.141315   0.198878   0.622609 -0.0748689 -0.000506251  3.12625e-05 -0.000396705 -0.203948  0.027306 0.0215729  0.222251 -0.361657  -9.79981 
                19.5 -2.51286  2.37879  44.9235   4.38106   1.02837 0.0961974  0.392673   -1.2662 -0.505185 0.038549 0.048077 0.141315  0.0991643   0.601075 -0.0425455 -0.000529601  5.83142e-05 -0.000346647  -0.23779  0.035666 0.0199066 0.188377 -0.35337 -9.80082 
                19.6 -2.34226  2.37114  47.5692   4.39382   1.08463 0.0927882  0.392673   -1.2662 -0.505185 0.038549 0.048077 0.141315   0.159627   0.642293 -0.0496878 -0.000615047  0.000115989 -0.000443677 -0.214788  0.030125 0.0209473   0.21141 -0.358798  -9.80016 
             19.7001 -2.37203  2.43636  49.5277   4.41789   1.14728 0.0904142  0.392673   -1.2662 -0.505185 0.038549 0.048077 0.141315   0.303258   0.536107 -0.0104613 -0.000658848  9.47593e-05 -0.000344151 -0.215572 0.0411527 0.0202988  0.210524 -0.347791  -9.80057 
             19.8002 -2.3677 2.72183 50.9326   4.45828   1.19836 0.0989093  0.392673   -1.2662 -0.505185 0.038549 0.048077 0.141315  0.355346  0.470268 0.0333493 -0.000672845  8.13438e-05 -0.000270298 -0.209006 0.0714823  0.018705  0.216809 -0.317425  -9.80146 
             19.9003 -2.30289  2.48229  51.0666  4.48912  1.24022 0.105261  0.392673   -1.2662 -0.505185 0.038549 0.048077 0.141315  0.330425  0.510135 0.0707124  -0.00070894  0.000112712 -8.52444e-05  -0.19143 0.0615151 0.0197821  0.234441 -0.327317  -9.80073 
             20.0002 -2.52113  2.04116  51.2478  4.51542  1.28532 0.104452  0.392673   -1.2662 -0.505185 0.038549 0.048077 0.141315  0.313947  0.538596 0.0572258 -0.000709334  9.81569e-05 -6.41293e-05  -0.18338  0.029919 0.0217105  0.242795 -0.358853  -9.79943 
             20.1002 -2.61411  2.08462  51.2602  4.54719   1.3403 0.111773  0.392673   -1.2662 -0.505185 0.038549 0.048077 0.141315  0.283074  0.529004 0.0835425 -0.000745286  6.72475e-05 -2.91988e-05  -0.18408 0.0330642 0.0212255  0.242017 -0.355717  -9.79956 
             20.2001 -2.69181  2.10649  51.5253   4.5747  1.38299 0.117302  0.392673   -1.2662 -0.505185 0.038549 0.048077 0.141315   0.26808  0.544669 0.0793306 -0.000773365  4.91218e-05 -7.66666e-05 -0.168426 0.0193334  0.022731 0.257888 -0.36923 -9.79866 
             20.3001 -2.75162  1.90416  51.6163  4.60207  1.42209 0.115833  0.392673   -1.2662 -0.505185 0.038549 0.048077 0.141315  0.250728  0.541681 0.0581801 -0.000735013 -6.97677e-07 -6.04578e-05 -0.142963  0.003089 0.0253972   0.28369 -0.385076  -9.79733 
                20.4 -2.69544   1.8768  51.9979  4.62631  1.46647 0.117937  0.392673   -1.2662 -0.505185 0.038549 0.048077 0.141315  0.207665  0.484468 0.0676556 -0.000758435  1.60694e-05 -0.000104703   -0.128792 -0.00413597    0.026767  0.298032 -0.392041  -9.79663 
             20.4999 -2.70019  1.77261  52.6755  4.64424  1.50869 0.118683  0.392673   -1.2662 -0.505185 0.038549 0.048077 0.141315  0.128216  0.505852 0.0690098 -0.000764582  1.49576e-05 -0.000158669  -0.116036 -0.0101275  0.0281773  0.310954 -0.397784    -9.796 
             20.5999 -2.71827  1.48839  53.6579  4.66198  1.55681 0.118189  0.392673   -1.2662 -0.505185 0.038549 0.048077 0.141315  0.136779   0.50808 0.0617863 -0.000785921   5.4214e-05 -0.000207649  -0.107651 -0.0088089  0.0291704  0.319365 -0.396297  -9.79579 
             20.6999 -2.81801  1.42919  54.8724  4.68463  1.61387 0.118733  0.392673   -1.2662 -0.505185 0.038549 0.048077 0.141315   0.157949    0.61093 0.00530817 -0.000751418  5.57847e-05 -0.000248622  -0.107185 0.00279128  0.0293044  0.319635 -0.384694  -9.79624 
             20.7999 -2.81721  1.31654  56.1305  4.70751  1.67543 0.112741  0.392673   -1.2662 -0.505185 0.038549 0.048077 0.141315  0.178526  0.541325 0.0321782 -0.000739273  3.55494e-05 -0.000253796  -0.103549 0.00998284  0.0296462  0.323161 -0.377433  -9.79641 
             20.8999 -2.77472  1.92352  57.5997  4.72657  1.72239 0.118731  0.392673   -1.2662 -0.505185 0.038549 0.048077 0.141315  0.089961  0.504417 0.0544804 -0.000739278 -2.42751e-05 -0.000287594 -0.0950663  0.0177274  0.0296981  0.331487 -0.369524  -9.79643 
             20.9999 -2.73968  1.56212  59.0084  4.73576  1.77819 0.113812  0.392673   -1.2662 -0.505185 0.038549 0.048077 0.141315 0.0949843  0.593803 -0.015463 -0.000776512  3.79596e-05 -0.000282337 -0.0949138   0.020061  0.0305987  0.331658 -0.367178  -9.79651 
             21.0999 -2.73569  1.55092  60.7123  4.75573   1.8353 0.106986  0.392673   -1.2662 -0.505185 0.038549 0.048077 0.141315  0.107743  0.512842 0.0118663   -0.0007588  9.86073e-06 -0.000322953 -0.0895556  0.0283948  0.0309571  0.336863 -0.358727  -9.79665 
             21.1999 -2.7223 1.91114 62.2584  4.76552  1.88682 0.105139  0.392673   -1.2662 -0.505185 0.038549 0.048077 0.141315  0.0708341    0.49434 0.00364211  -0.00076294  3.13287e-06 -0.000314197 -0.0907472  0.0324195  0.0310914    0.3356 -0.354728  -9.79684 
             21.2999 -2.68542  1.71202  64.0326  4.77136  1.93756 0.101961  0.392673   -1.2662 -0.505185 0.038549 0.048077 0.141315 0.0936081  0.531974 -0.035136 -0.000766361  1.83411e-06 -0.000330237 -0.0906564  0.0316846  0.0313677  0.335724 -0.355458  -9.79681 
                21.4 -2.73741  1.69932  65.6677  4.78226   1.9903 0.095932  0.392673   -1.2662 -0.505185 0.038549 0.048077 0.141315   0.126074   0.504332 -0.0224164 -0.000749529 -1.37239e-05  -0.00031538 -0.0910426  0.0313451  0.0316422  0.335363 -0.355809  -9.79681 
                21.5 -2.6471 1.95355 66.8962   4.79896   2.04605 0.0978167  0.392673   -1.2662 -0.505185 0.038549 0.048077 0.141315   0.152807   0.538933 0.00541172 -0.000760314 -2.53729e-05 -0.000256196 -0.0954815  0.0370767  0.0309266  0.330732 -0.350216  -9.79717 
             21.6001 -2.63995  1.93513  67.4951  4.81337  2.10247 0.100193  0.392673   -1.2662 -0.505185 0.038549 0.048077 0.141315   0.188047   0.600977 0.00756553 -0.000761046 -3.62353e-05 -0.000177801 -0.0993434  0.0349237   0.030714  0.326928 -0.352497  -9.79721 
             21.7001 -2.65774   1.7479  67.8249  4.83348  2.16534 0.098025  0.392673   -1.2662 -0.505185 0.038549 0.048077 0.141315   0.200935   0.696931 -0.0411182 -0.000767014  -1.6063e-05  -0.00011596 -0.100674 0.0345484 0.0308772   0.32562 -0.352918  -9.79724 
             21.8002 -2.70848  1.71217  67.8592   4.85578   2.23667 0.0914322  0.392673   -1.2662 -0.505185 0.038549 0.048077 0.141315    0.186851    0.689771 -0.00911469 -0.000738076 -4.20533e-05  -7.6122e-05 -0.101303 0.0368955 0.0307341  0.324903 -0.350601  -9.79735 
             21.9001 -2.77293  2.00134  67.9805    4.8808   2.30618 0.0972031  0.392673   -1.2662 -0.505185 0.038549 0.048077 0.141315  0.253428  0.758461 -0.016459 -0.000743157 -5.52983e-05 -8.52132e-05 -0.0978048  0.0400851  0.0301015   0.32824 -0.347284  -9.79735 
             22.0001 -2.67258   1.7984   68.155   4.90629    2.3822 0.0960538  0.392673   -1.2662 -0.505185 0.038549 0.048077 0.141315   0.236385   0.838176 -0.0529668 -0.000756539 -2.59816e-05 -9.05613e-05 -0.0930943  0.0386642  0.0302173  0.332995 -0.348517  -9.79715 
             22.1001 -2.78563  1.97398  68.2948   4.93281   2.46373 0.0925651  0.392673   -1.2662 -0.505185 0.038549 0.048077 0.141315   0.269429   0.869403 -0.0597174  -0.00074714 -3.48069e-05 -8.58323e-05 -0.0893411  0.0380154   0.030251  0.336763 -0.349016    -9.797 
                22.2 -2.97062  2.12494  68.4668   4.96041   2.54581 0.0875501  0.392673   -1.2662 -0.505185 0.038549 0.048077 0.141315   0.256025   0.793926 -0.0394628 -0.000733768  5.20094e-06 -9.87983e-05 -0.0872182    0.03867  0.0303784  0.338863 -0.348273  -9.79696 
                22.3 -2.9626 2.00836 68.6029 4.99122 2.61844 0.08436  0.392673   -1.2662 -0.505185 0.038549 0.048077 0.141315     0.2652   0.754234 -0.0204414  -0.00074683 -3.58214e-07 -8.61627e-05 -0.0806605  0.0397483  0.0305981  0.345368 -0.346922  -9.79678 
                22.4 -2.97353  1.86131  68.6202   5.02045   2.69206 0.0818572  0.392673   -1.2662 -0.505185 0.038549 0.048077 0.141315  0.292528  0.800788 -0.037111 -0.000765318 -9.39967e-06 -6.51083e-05 -0.0775752  0.0384927  0.0305775  0.348491 -0.348048  -9.79663 
                22.5 -3.07087  2.00582  68.5049   5.04771   2.77045 0.0818367  0.392673   -1.2662 -0.505185 0.038549 0.048077 0.141315  0.270855   0.86232 -0.019918 -0.000748412 -2.79985e-05 -3.93015e-05 -0.0761041  0.0352198  0.0305273  0.350086 -0.351255  -9.79646 
                22.6 -3.07499  1.95477  68.5384  5.07466  2.85514 0.081403  0.392673   -1.2662 -0.505185 0.038549 0.048077 0.141315   0.265317   0.890601 -0.0213897 -0.000754774 -1.17148e-06 -6.36654e-05 -0.0747811  0.0337378  0.0305457 0.351466 -0.35268 -9.79635 
             22.6999 -3.03089  1.77755  68.8462  5.09689  2.94445 0.078798  0.392673   -1.2662 -0.505185 0.038549 0.048077 0.141315  0.193974  0.973365 -0.104855 -0.000754152  2.30411e-05 -0.000104114 -0.0733103  0.0304528  0.0303166  0.353052 -0.355901  -9.79618 
             22.7999 -2.96494  1.86865  69.5158 5.11834 3.04078 0.07017  0.392673   -1.2662 -0.505185 0.038549 0.048077 0.141315  0.233731   0.96263 -0.107582 -0.000754885  3.33806e-06 -0.000149228 -0.0720974  0.0301303  0.0300774  0.354259 -0.356173  -9.79613 
             22.8999 -2.90861  2.22476  70.2157   5.14321   3.13383 0.0658701  0.392673   -1.2662 -0.505185 0.038549 0.048077 0.141315     0.1664   0.929033 -0.0488291 -0.000769063 -2.22742e-05 -0.000152894 -0.0704761  0.0320022  0.0296633  0.355773 -0.354236  -9.79614 
             22.9999 -2.67592  2.33572  70.9182  5.16058  3.22292 0.065158  0.392673   -1.2662 -0.505185 0.038549 0.048077 0.141315    0.13544   0.911602 -0.0757585 -0.000775144  -1.6671e-05 -0.000158294 -0.0675264  0.0326885  0.0292509   0.35866 -0.353425  -9.79607 
             23.0999 -2.71934  2.24225  71.9409    5.1765    3.3062 0.0581936  0.392673   -1.2662 -0.505185 0.038549 0.048077 0.141315  0.0930482   0.835958 -0.0873608 -0.000749602  1.09234e-05 -0.000202119 -0.0627466  0.0323862  0.0292678  0.363438 -0.353515  -9.79589 
             23.1999 -2.59227  2.51544   73.172   5.18483   3.38023 0.0605813  0.392673   -1.2662 -0.505185 0.038549 0.048077 0.141315   0.0414433    0.772319 -0.00914278 -0.000782238 -1.41627e-05 -0.000227952 -0.059822 0.0314815 0.0286695  0.366357 -0.354288  -9.79575 
             23.2999 -2.38098  2.31227  74.6104   5.18993   3.46112 0.0631722  0.392673   -1.2662 -0.505185 0.038549 0.048077 0.141315 -0.0341537   0.896872  -0.052321 -0.000803786  7.99965e-07 -0.000260161 -0.0573896  0.0322164   0.028079  0.368714 -0.353439  -9.79569 
             23.3999 -2.26455  2.31187  76.2575   5.18946   3.55736 0.0607888  0.392673   -1.2662 -0.505185 0.038549 0.048077 0.141315 0.0433141   1.01377 -0.109809 -0.000806467 -2.30257e-05 -0.000290564 -0.0578688  0.0326368  0.0275084  0.368185 -0.353044  -9.79573 
             23.4999 -2.25572  2.64338  77.9945   5.19704   3.65941 0.0524582  0.392673   -1.2662 -0.505185 0.038549 0.048077 0.141315  0.0489264   0.929332 -0.0647982 -0.000795982 -5.62323e-05 -0.000285537 -0.058555 0.0351646  0.027255   0.36736 -0.350557  -9.79585 
                23.6 -2.12165  3.06385    79.23   5.19826   3.75263 0.0527524  0.392673   -1.2662 -0.505185 0.038549 0.048077 0.141315 -0.0885648    0.91375 -0.0472231 -0.000792682 -3.83745e-05 -0.000239692 -0.0593236  0.0375406  0.0265888  0.366432 -0.348227  -9.79597 
                23.7 -2.03648  2.95239  80.8657  5.19438  3.84796 0.047818  0.392673   -1.2662 -0.505185 0.038549 0.048077 0.141315 -0.0472666   0.972224 -0.0979993 -0.000793614 -1.40561e-05 -0.000283498 -0.0578342    0.03928  0.0263844  0.367809 -0.346398  -9.79598 
                23.8 -2.06038  3.20745   82.732   5.19918   3.93899 0.0441534  0.392673   -1.2662 -0.505185 0.038549 0.048077 0.141315   0.124833   0.914626 -0.0351675 -0.000775495 -2.83379e-05 -0.000298349 -0.0550141  0.0384778  0.0262346  0.370659 -0.347022  -9.79585 
             23.9002 -1.84856  3.40765  83.4048   5.21745    4.0347 0.0422016  0.392673   -1.2662 -0.505185 0.038549 0.048077 0.141315  0.0993667   0.948521 -0.0674255 -0.000812729 -6.13436e-05 -0.000167676 -0.0545268  0.0422651  0.0258941  0.370869 -0.343214  -9.79598 
             24.0002 -1.85832  3.44403  83.1145  5.22237  4.12322 0.035606  0.392673   -1.2662 -0.505185 0.038549 0.048077 0.141315   0.130518   0.820474 -0.0653071 -0.000801604 -4.23795e-05 -5.81019e-05 -0.0562422  0.0393978  0.0257579 0.369349  -0.3462 -9.79593 
             24.1002 -1.77114  3.94315   83.127   5.23256   4.19276 0.0375153  0.392673   -1.2662 -0.505185 0.038549 0.048077 0.141315 0.0902366  0.644464 0.0710283 -0.000798429 -7.91408e-05  -4.4487e-05 -0.0546941  0.0381701  0.0254383   0.37096 -0.347309  -9.79583 
             24.2002 -1.71935  3.64009  82.9569   5.24387   4.25515 0.0399024  0.392673   -1.2662 -0.505185 0.038549 0.048077 0.141315   0.140158   0.808053 -0.0440799 -0.000804608 -5.52695e-05 -2.20659e-05 -0.0519955  0.0351017  0.0257639 0.373891 -0.35016 -9.79562 
             24.3001 -1.71985  3.07486   82.621    5.2577   4.33993 0.0268548  0.392673   -1.2662 -0.505185 0.038549 0.048077 0.141315  0.174533  0.918489 -0.137261 -0.000796351 -4.79787e-05  3.61141e-06 -0.0514449  0.0335279  0.0263256  0.374589 -0.351693  -9.79553 
             24.4001 -1.66435  3.47813  82.2159   5.27329   4.42863 0.0229705  0.392673   -1.2662 -0.505185 0.038549 0.048077 0.141315    0.131697    0.809588 -0.00529485 -0.000810935  -9.2428e-05  1.69525e-05 -0.0524478     0.0342  0.0259484  0.373517 -0.351101   -9.7956 
             24.5001 -1.68586  3.62832  81.6687   5.29296   4.50811 0.0229067  0.392673   -1.2662 -0.505185 0.038549 0.048077 0.141315    0.267522    0.808363 -0.00265414 -0.000817684 -8.63236e-05  3.71953e-05 -0.0520334  0.0345546  0.0259223  0.373899 -0.350713  -9.79559 
             24.6001 -1.75367   3.3309  80.8682   5.32316   4.59366 0.0184788  0.392673   -1.2662 -0.505185 0.038549 0.048077 0.141315   0.312942   0.878615 -0.0296286 -0.000799258   -6.617e-05  7.78665e-05 -0.0520026  0.0359785   0.026264  0.373835 -0.349298  -9.79565 
             24.7001 -1.72444  3.36739   79.675   5.35024   4.67796 0.0167532  0.392673   -1.2662 -0.505185 0.038549 0.048077 0.141315   0.217067   0.825652 -0.0766796 -0.000790701 -6.69499e-05  0.000119818 -0.0518252  0.0357452  0.0259372  0.374014 -0.349509  -9.79563 
                24.8 -1.8817 3.56611 78.8638    5.37056    4.75272 0.00885043  0.392673   -1.2662 -0.505185 0.038549 0.048077 0.141315  0.318166  0.627867 0.0389895 -0.000776894 -8.56942e-05   0.00010752 -0.054328 0.0346436 0.0263553   0.37163 -0.350813  -9.79568 
             24.9001 -1.97823  3.51044  77.7659   5.40111   4.81666 0.0137533  0.392673   -1.2662 -0.505185 0.038549 0.048077 0.141315   0.404496   0.730618 0.00085132 -0.000752316 -6.97498e-05  0.000146554 -0.054353  0.032801 0.0262332  0.371737 -0.352644  -9.79561 
             25.0001 -2.13512  3.16826  76.1625   5.44172   4.89232 0.0141582  0.392673   -1.2662 -0.505185 0.038549 0.048077 0.141315   0.453086   0.819804 -0.0235385 -0.000740723 -7.53045e-05  0.000208201 -0.0535214  0.0318126   0.026122  0.372633 -0.353559  -9.79554 
             25.1001 -2.22936   3.0941  74.3515   5.48004   4.97674 0.0108355  0.392673   -1.2662 -0.505185 0.038549 0.048077 0.141315   0.408401   0.898279 -0.0192132 -0.000741313 -8.11695e-05  0.000248245 -0.0542146  0.0298053  0.0260566  0.372081 -0.355603  -9.79549 
                25.2 -2.35301  3.15412  72.8768   5.51687   5.06911 0.0124439  0.392673   -1.2662 -0.505185 0.038549 0.048077 0.141315   0.472776   0.900499 -0.0209675 -0.000736889 -7.46697e-05    0.0002246 -0.0564235  0.0283259  0.0256809 0.369954 -0.35722 -9.79551 
                25.3 -2.54251    3.163  71.4223    5.5554   5.16513 0.0083892  0.392673   -1.2662 -0.505185 0.038549 0.048077 0.141315    0.333728    0.917222 -0.00618294 -0.000717982 -7.56951e-05  0.000216688 -0.0589422  0.0286897  0.0258246  0.367428 -0.357017  -9.79561 
             25.3998 -2.61808  3.20432  70.4351    5.57877    5.25576 0.00907772  0.392673   -1.2662 -0.505185 0.038549 0.048077 0.141315   0.258614   0.829722 0.00711246 -0.000699491 -6.79754e-05  0.000150357 -0.0609299   0.026888  0.0257222   0.36553 -0.358928  -9.79561 
             25.4998 -2.77998  3.19133  70.3733   5.60618   5.33087 0.0107624  0.392673   -1.2662 -0.505185 0.038549 0.048077 0.141315  0.338712  0.728026 0.0615514 -0.000691635 -4.76056e-05  6.08866e-05 -0.0607951  0.0260019  0.0260568  0.365716 -0.359821  -9.79557 
             25.5999 -2.75512  2.72281  69.9246   5.63583   5.41079 0.0122769  0.392673   -1.2662 -0.505185 0.038549 0.048077 0.141315   0.318229   0.959396 0.00705432 -0.000712022 -1.22796e-05  7.54907e-05 -0.0607851  0.0248155  0.0264057  0.365795 -0.361014  -9.79553 
             25.6998 -2.79553  2.34741  69.7347    5.67039    5.51668 0.00948619  0.392673   -1.2662 -0.505185 0.038549 0.048077 0.141315   0.353948    1.06597 0.00101058 -0.000702552 -4.34992e-08     3.89e-05 -0.0618817  0.0251755  0.0265035   0.36469 -0.360701  -9.79558 
             25.7998 -2.80939  2.69942  69.7202   5.70704   5.62051 0.0102796  0.392673   -1.2662 -0.505185 0.038549 0.048077 0.141315  0.348854  0.949446 0.0721453 -0.000698357 -5.14545e-05  1.69726e-05 -0.0619874  0.0260614  0.0265825 0.364566 -0.35982 -9.79562 
             25.8999 -2.82854  2.59133  69.7708    5.7447   5.71384 0.0148815  0.392673   -1.2662 -0.505185 0.038549 0.048077 0.141315  0.431512  0.966129 0.0655458 -0.000694229 -5.25658e-05  7.41764e-06 -0.0616736  0.0263748  0.0270677  0.364902 -0.359505  -9.79562 
             25.9999 -2.7786 1.99265 69.6699   5.78499   5.81749 0.0124081  0.392673   -1.2662 -0.505185 0.038549 0.048077 0.141315    0.432114     1.08086 -0.00871166 -0.000688562 -1.90535e-05  2.17224e-05 -0.0620658  0.0258714  0.0276491  0.364557 -0.360023  -9.79561 
             26.0999 -2.76816  2.03365  69.7427    5.82122    5.92922 0.00235134  0.392673   -1.2662 -0.505185 0.038549 0.048077 0.141315  0.325444  0.999028 0.0343618 -0.000672579  -3.6307e-05  5.58156e-06 -0.0636017  0.0257487  0.0281238  0.363058 -0.360186  -9.79566 
             26.1999 -2.90453  2.65242  69.9639   5.84908   6.03133 0.0127043  0.392673   -1.2662 -0.505185 0.038549 0.048077 0.141315  0.292208  0.978881 0.0683924 -0.000659432 -7.97183e-05 -1.43891e-05 -0.0662875  0.0259234  0.0278522  0.360362 -0.360071  -9.79576 
                26.3 -2.86323  1.94099  70.0622    5.87867    6.13557 0.00431555  0.392673   -1.2662 -0.505185 0.038549 0.048077 0.141315   0.327422    1.17668 -0.0687216 -0.000668481 -2.30119e-05 -1.05174e-05 -0.0664726  0.0247802  0.0286493 0.360246 -0.36122 -9.79572 
                26.4 -2.81555  1.82195  70.0612     5.91569     6.26089 -0.00665309  0.392673   -1.2662 -0.505185 0.038549 0.048077 0.141315   0.334701    1.24407 -0.0429512 -0.000671819  -2.6408e-05  2.67493e-06 -0.0668117  0.0253756  0.0288332  0.359908 -0.360633  -9.79576 
                26.5 -2.82052  2.28374    70.01     5.95188     6.38427 -0.00818875  0.392673   -1.2662 -0.505185 0.038549 0.048077 0.141315   0.335264    1.22497 -0.0208542 -0.000675264 -7.91834e-05  2.98203e-06 -0.0668631  0.0264737  0.0286099  0.359822 -0.359538   -9.7958 
                26.6 -2.85196  2.06445   70.107    5.98864    6.50819 -0.0105664  0.392673   -1.2662 -0.505185 0.038549 0.048077 0.141315   0.393648    1.28506 0.00407941 -0.000680861 -6.23194e-05 -1.33448e-05 -0.0661392  0.0271143  0.0287147  0.360536 -0.358881   -9.7958 
                26.7 -2.85457  1.71747  70.2153    6.03547    6.64427 -0.0122454  0.392673   -1.2662 -0.505185 0.038549 0.048077 0.141315  0.390644   1.44463 -0.158201 -0.000684586  -1.6515e-05 -1.47413e-05 -0.0653391  0.0288907  0.0284947  0.361281 -0.357087  -9.79584 
                26.8 -2.96278  2.01069  70.2057    6.07663    6.78261 -0.0269225  0.392673   -1.2662 -0.505185 0.038549 0.048077 0.141315   0.353449    1.20706 -0.0146531 -0.000671497 -5.78088e-05 -2.42442e-05 -0.0649076  0.0300815  0.0286242  0.361693 -0.355886  -9.79587 
                26.9 -3.04735  2.76964  70.5791    6.11364    6.89753 -0.0204314  0.392673   -1.2662 -0.505185 0.038549 0.048077 0.141315   0.310824    1.17394 -0.0343632 -0.000682003 -7.03495e-05 -4.72449e-05 -0.0638338  0.0307833  0.0280276  0.362714 -0.355162  -9.79586 
                  27 -3.04933  2.27792  70.7115    6.15126     7.0149 -0.0259265  0.392673   -1.2662 -0.505185 0.038549 0.048077 0.141315   0.434088    1.35134 -0.0803423 -0.000682426 -3.00912e-05 -1.62684e-05 -0.0617393  0.0303077  0.0282469  0.364825 -0.355581  -9.79576 
                27.1 -3.15509  2.08963  70.5111    6.20064    7.16058 -0.0341773  0.392673   -1.2662 -0.505185 0.038549 0.048077 0.141315  0.389369   1.45746 -0.112694  -0.00068447 -2.84684e-05  2.09501e-05 -0.0618204  0.0317991   0.028028  0.364695 -0.354093  -9.79582 
                27.2 -3.21953  2.72059  70.4258    6.24596    7.30272 -0.0387017  0.392673   -1.2662 -0.505185 0.038549 0.048077 0.141315  0.398872   1.25574 0.0294492 -0.000676934 -7.92479e-05  1.58189e-05 -0.0618251  0.0335488  0.0277301  0.364629 -0.352347  -9.79589 
                27.3 -3.27907  2.78919  70.4483    6.29389    7.42696 -0.0286578  0.392673   -1.2662 -0.505185 0.038549 0.048077 0.141315   0.41495   1.22149 0.0767096 -0.000689493 -4.21815e-05    8.119e-06 -0.0610848  0.0353393  0.0274923  0.365306 -0.350538  -9.79593 
             27.4001 -3.26731  2.11175  70.0742    6.33799    7.55419 -0.0248955  0.392673   -1.2662 -0.505185 0.038549 0.048077 0.141315  0.445347   1.46948 -0.017563 -0.000689568 -1.67103e-06  3.34285e-05 -0.0598784  0.0351934  0.0276051   0.36652 -0.350649  -9.79588 
                27.5 -3.26445  1.81114  70.0286   6.38552   7.70631 -0.027546  0.392673   -1.2662 -0.505185 0.038549 0.048077 0.141315  0.461933   1.44456 0.0867715 -0.000691482   1.3968e-06  1.20168e-05 -0.0596069  0.0356959  0.0276371 0.366779 -0.35014 -9.79588 
                27.6 -3.41244  2.58278  70.1809      6.4357     7.85065 -0.00559363  0.392673   -1.2662 -0.505185 0.038549 0.048077 0.141315 0.497346  1.38199  0.12316 -0.000686449  3.56962e-06 -9.38941e-06 -0.0603281  0.0374877  0.0269623  0.365971 -0.348373  -9.79598 
                27.7 -3.43021  2.01799   70.249     6.49186     7.98634 -0.00680277  0.392673   -1.2662 -0.505185 0.038549 0.048077 0.141315   0.531154    1.47677 -0.0126857 -0.000673433  4.40289e-05 -1.82759e-05 -0.0584067  0.0372301  0.0278803  0.367952 -0.348574   -9.7959 
                27.8 -3.45303  1.88354   70.266    6.53903    8.13461 -0.0209923  0.392673   -1.2662 -0.505185 0.038549 0.048077 0.141315   0.474651    1.46335 -0.0555064   -0.0006791  4.74086e-05 -2.60276e-05 -0.0588273  0.0363433  0.0285117  0.367597 -0.349469  -9.79588 
             27.8999 -3.55467  2.28278  70.7783    6.57894    8.27743 -0.0341829  0.392673   -1.2662 -0.505185 0.038549 0.048077 0.141315   0.425833    1.38427 -0.0824011 -0.000672192  1.75223e-05 -6.44674e-05 -0.0601955  0.0354942  0.0289838  0.366286 -0.350352   -9.7959 
                  28 -3.50414  2.07199  71.3907    6.61484    8.41145 -0.0461632  0.392673   -1.2662 -0.505185 0.038549 0.048077 0.141315  0.412673   1.43083 -0.146274 -0.000697011   3.1251e-05 -6.33014e-05 -0.059946 0.0336884 0.0292048  0.366594 -0.352148  -9.79582 
                28.1 -3.5146 2.04929 71.9475    6.64278    8.54961 -0.0686016  0.392673   -1.2662 -0.505185 0.038549 0.048077 0.141315  0.301362   1.36339 -0.217879 -0.000688444  5.91201e-07 -6.45075e-05 -0.0604365  0.0314294  0.0293867  0.366176 -0.354418  -9.79575 
             28.1999 -3.75109  2.76041  72.8007  6.66618  8.67382 -0.07467  0.392673   -1.2662 -0.505185 0.038549 0.048077 0.141315   0.355677    1.14964 -0.0848387 -0.000691204 -4.74649e-05 -8.26799e-05 -0.0613754   0.029841  0.0287218   0.36524 -0.356041  -9.79573 
             28.3001 -3.53434   2.7968  73.4489    6.70463    8.77605 -0.0707325  0.392673   -1.2662 -0.505185 0.038549 0.048077 0.141315  0.366651   1.05665 0.0690539 -0.000705511 -4.77887e-05 -5.47843e-05 -0.0598704  0.0295814  0.0284076  0.366725 -0.356254  -9.79567 
             28.4001 -3.54469  2.08922  72.8867    6.73594    8.89162 -0.0618689  0.392673   -1.2662 -0.505185 0.038549 0.048077 0.141315  0.417904   1.24872 -0.147017 -0.000701837 -1.40483e-05   3.0503e-05 -0.061033 0.0287968 0.0274611  0.365528 -0.357089  -9.79568 
             28.5001 -3.1781   1.805  72.985    6.77422    9.01581 -0.0620217  0.392673   -1.2662 -0.505185 0.038549 0.048077 0.141315    0.36182    1.25588 -0.0462185 -0.000727832 -3.45717e-05  1.75092e-05 -0.060636 0.0285162 0.0267791  0.365885 -0.357361  -9.79566 
             28.6001 -3.12396  1.83792  72.8635    6.81262    9.14285 -0.0624462  0.392673   -1.2662 -0.505185 0.038549 0.048077 0.141315  0.374795   1.12402 -0.034301 -0.000722975 -5.66482e-05  3.30718e-05 -0.0616117  0.0291157  0.0262343  0.364852 -0.356809  -9.79572 
             28.7001 -2.86523  2.18597  72.6494    6.84511    9.25499 -0.0555897  0.392673   -1.2662 -0.505185 0.038549 0.048077 0.141315   0.294208   0.986197 -0.0330295 -0.000726977 -6.87105e-05  4.60296e-05 -0.0629045  0.0298736  0.0254983  0.363485 -0.356118  -9.79579 
                28.8 -2.73763  2.15346  72.4338    6.87421    9.34945 -0.0507873  0.392673   -1.2662 -0.505185 0.038549 0.048077 0.141315  0.295143  0.988748 0.0366054 -0.000731157 -6.95485e-05  4.25286e-05 -0.0629994   0.029761  0.0253685  0.363387 -0.356236  -9.79579 
                28.9 -2.74364  1.40377  72.1029    6.90617     9.4636 -0.0590459  0.392673   -1.2662 -0.505185 0.038549 0.048077 0.141315  0.332098   1.28942 -0.194809 -0.000721646 -3.05379e-05  4.15913e-05 -0.0632785  0.0299557  0.0255141  0.363109 -0.356052  -9.79581 
             28.9999 -2.68391  1.74791  72.1846    6.93878     9.5979 -0.0717917  0.392673   -1.2662 -0.505185 0.038549 0.048077 0.141315   0.305783    1.23883 -0.0506789 -0.000711622 -8.19298e-05  1.22101e-05 -0.0635246  0.0304995  0.0251689   0.36282 -0.355525  -9.79584 
             29.0999 -2.77759  2.74775  72.7048   6.96945   9.72215 -0.069753  0.392673   -1.2662 -0.505185 0.038549 0.048077 0.141315   0.275436     1.2084 -0.0613122 -0.000687661 -9.38442e-05 -2.99643e-05 -0.0637524  0.0309802  0.0247326  0.362547 -0.355061  -9.79587 
             29.1999 -2.67382   2.6099  73.2819     6.9934    9.84403 -0.0760117  0.392673   -1.2662 -0.505185 0.038549 0.048077 0.141315  0.212478   1.18853 -0.106252 -0.000688521 -7.12926e-05 -4.21386e-05 -0.0636762  0.0310962  0.0246565  0.362613 -0.354942  -9.79587 
             29.2999 -2.77244  2.88719  74.1608    7.01567    9.95629 -0.0849867  0.392673   -1.2662 -0.505185 0.038549 0.048077 0.141315   0.121293   0.980407 -0.0340253 -0.000678826 -6.84954e-05 -7.02834e-05 -0.0634751  0.0315752  0.0245925  0.362789 -0.354456  -9.79588 
             29.3998 -2.74731   3.3164  75.2405    7.02416    10.0541 -0.0750331  0.392673   -1.2662 -0.505185 0.038549 0.048077 0.141315   0.101507   0.973873 0.00519282 -0.000672914 -5.98929e-05 -0.000104139 -0.0639939  0.0319618  0.0240628  0.362226 -0.354098  -9.79591 
             29.4999 -2.56065  2.50993  76.7316    7.03582    10.1599 -0.0824869  0.392673   -1.2662 -0.505185 0.038549 0.048077 0.141315  0.144866   1.18745 -0.109147 -0.000695125 -8.21258e-06 -0.000134818 -0.0634262  0.0316149  0.0241847  0.362815 -0.354415  -9.79588 
                29.6 -2.56385  2.75431  77.6936    7.05263    10.2895 -0.0919721  0.392673   -1.2662 -0.505185 0.038549 0.048077 0.141315   0.164662    1.23181 -0.0648808 -0.000695728 -2.74241e-05 -9.60835e-05 -0.0645906  0.0324413  0.0239724    0.3616 -0.353653  -9.79595 
             29.7001 -2.61362  3.30721   78.176    7.07028    10.4178 -0.0927775  0.392673   -1.2662 -0.505185 0.038549 0.048077 0.141315  0.141661   1.19718 0.0252799 -0.000692861  -5.0246e-05 -5.23518e-05 -0.065846  0.033512 0.0238166  0.360279 -0.352659  -9.79604 
             29.8001 -2.59717  3.07064  78.5968     7.0901    10.5368 -0.0899707  0.392673   -1.2662 -0.505185 0.038549 0.048077 0.141315   0.199785    1.31928 -0.0221249 -0.000686885 -2.67997e-05 -3.58234e-05 -0.064761 0.0331857 0.0237207  0.361374 -0.352914  -9.79599 
             29.9001 -2.62631  2.79747  78.7483    7.11121    10.6754 -0.0963078  0.392673   -1.2662 -0.505185 0.038549 0.048077 0.141315   0.161746    1.41283 -0.0892709 -0.000690001 -2.47375e-05 -1.27457e-05 -0.0648499  0.0334463  0.0238007  0.36127 -0.35266   -9.796 
                  30 -2.63573  3.10207  79.0025    7.12241    10.8152 -0.0999462  0.392673   -1.2662 -0.505185 0.038549 0.048077 0.141315   0.072067    1.38239 0.00622052 -0.000681012 -4.05377e-05 -1.70511e-05 -0.0648135  0.0334573     0.0236  0.361295 -0.352647    -9.796 
             30.0999 -2.61156  3.10958  79.9109   7.13344    10.954 -0.099622  0.392673   -1.2662 -0.505185 0.038549 0.048077 0.141315  0.0884061    1.44861 -0.0128407 -0.000693476 -1.55921e-05 -5.89982e-05 -0.0641047  0.0334025  0.0236085 0.362005 -0.35264 -9.79597 
             30.1999 -2.54638  3.09308  80.9237   7.14373   11.0968 -0.100658  0.392673   -1.2662 -0.505185 0.038549 0.048077 0.141315 0.0732535   1.44409  0.027336 -0.000687056 -1.95214e-05 -7.93813e-05 -0.063316 0.0336135 0.0237091  0.362776 -0.352362  -9.79595 
             30.2999 -2.64144  3.08781  81.9279   7.14675   11.2423 -0.101276  0.392673   -1.2662 -0.505185 0.038549 0.048077 0.141315 0.00493062    1.48097 -0.0568015 -0.000681046 -9.47802e-06 -9.74711e-05 -0.063371 0.0335037 0.0237796  0.362737 -0.352476  -9.79595 
             30.3999 -2.66688  3.31194  83.2463   7.14308   11.3901 -0.111471  0.392673   -1.2662 -0.505185 0.038549 0.048077 0.141315 -0.00913136     1.40595 -0.00858802  -0.00067157 -2.91846e-05 -0.000130513 -0.0637408  0.0336069  0.0240499  0.362377 -0.352413  -9.79597 
             30.4999 -2.72255  3.94423  84.8462   7.14979   11.5225 -0.112818  0.392673   -1.2662 -0.505185 0.038549 0.048077 0.141315  0.119589   1.30795 0.0928744 -0.000685349 -2.59165e-05 -0.000151896 -0.062976 0.0336163 0.0244231  0.363154 -0.352324  -9.79594 
             30.6001 -2.81839   3.5502  85.5101    7.1652   11.6567 -0.112919  0.392673   -1.2662 -0.505185 0.038549 0.048077 0.141315   0.118446    1.46439 0.00153233 -0.000682881  2.86033e-05 -7.54966e-05 -0.0620677  0.0335348  0.0247686  0.364081 -0.352305  -9.79591 
             30.7002 -3.00638  3.19805  85.2605    7.1717   11.8076 -0.112909  0.392673   -1.2662 -0.505185 0.038549 0.048077 0.141315 0.153311  1.50729 0.030544 -0.000679299  2.23751e-05 -6.37751e-06 -0.0633239  0.0327661  0.0247928  0.362926 -0.353218  -9.79592 
             30.8002 -3.1182 3.10391 85.1847   7.18297   11.9528 -0.116966  0.392673   -1.2662 -0.505185 0.038549 0.048077 0.141315 0.0994499   1.50111 0.0164496 -0.00067309 2.40984e-05  1.3841e-05 -0.063156 0.0315312 0.0252935  0.363269 -0.354427  -9.79586 
             30.9001 -3.08476  2.76211  85.1021   7.18363   12.0947 -0.121854  0.392673   -1.2662 -0.505185 0.038549 0.048077 0.141315   0.113061    1.48178 -0.0393229 -0.000678042  9.30576e-06  7.93253e-06 -0.0635709  0.0292384  0.0255278   0.36316 -0.356755  -9.79578 
             31.0001 -3.23126  2.83128  85.1134   7.18535    12.243 -0.127627  0.392673   -1.2662 -0.505185 0.038549 0.048077 0.141315  0.0730916    1.52438 -0.0436435 -0.000664708  1.07556e-05  8.00248e-06 -0.0648191  0.0279747  0.0257228  0.362105 -0.358174  -9.79577 
                31.1 -3.26933  2.84821  85.2078   7.18983    12.397 -0.141908  0.392673   -1.2662 -0.505185 0.038549 0.048077 0.141315  0.0950625    1.57058 0.00558358 -0.000673323  2.30087e-06 -1.17169e-05 -0.065166 0.0268197 0.0263539  0.361952 -0.359364  -9.79573 
                31.2 -3.2777  3.4568 85.3969   7.19772   12.5532 -0.147884  0.392673   -1.2662 -0.505185 0.038549 0.048077 0.141315 0.0749479   1.49328 0.0186783 -0.000680641 -1.56317e-05  -2.5485e-05 -0.0654668  0.0269318  0.0266667  0.361658 -0.359293  -9.79574 
                31.3 -3.41897  3.56908  85.4677    7.1994   12.6953 -0.146094  0.392673   -1.2662 -0.505185 0.038549 0.048077 0.141315 0.117423   1.4639 0.063128 -0.000677287  -9.2324e-06 -2.07368e-05 -0.0659455   0.025544  0.0269009  0.361389 -0.360732   -9.7957 
                31.4 -3.39548   3.2868  85.6266   7.21626   12.8376 -0.136578  0.392673   -1.2662 -0.505185 0.038549 0.048077 0.141315 0.0984732   1.44225  0.108235 -0.000656091  1.28992e-05 -1.51181e-05 -0.0652706   0.025653  0.0271446  0.362056 -0.360528  -9.79568 
                31.5 -3.26618  2.64002  85.4194     7.232   12.9759 -0.136097  0.392673   -1.2662 -0.505185 0.038549 0.048077 0.141315  0.18643  1.41633 0.163986 -0.000637009  2.47798e-05 -5.89063e-06 -0.0640911  0.0243602  0.0276061  0.363428 -0.361638  -9.79559 
                31.6 -3.11812  2.91029  85.1188   7.24733   13.1258 -0.127104  0.392673   -1.2662 -0.505185 0.038549 0.048077 0.141315  0.170364   1.46569 0.0114698 -0.000631052   9.3228e-06   4.8941e-06 -0.0654524  0.0251843  0.0277629   0.36198 -0.361013  -9.79567 
                31.7 -2.95363   2.5259  85.0267    7.2615   13.2668 -0.135534  0.392673   -1.2662 -0.505185 0.038549 0.048077 0.141315  0.177399   1.51748 0.0274443 -0.000623999  3.08162e-05  5.84285e-07 -0.0649404  0.0238729  0.0284807  0.362711 -0.362231   -9.7956 
                31.8 -2.75728  2.67682    84.89    7.2765   13.4253 -0.143117  0.392673   -1.2662 -0.505185 0.038549 0.048077 0.141315  0.150536   1.55654 0.0447771 -0.000623305   1.6146e-05 -1.05786e-05 -0.0657235  0.0239363  0.0290107  0.361961 -0.362272  -9.79562 
                31.9 -2.51094  3.11055  84.8689   7.29722   13.5811 -0.139553  0.392673   -1.2662 -0.505185 0.038549 0.048077 0.141315  0.185436   1.44475 0.0860348 -0.000625821  5.05151e-05 -2.38012e-05 -0.0656251  0.0251018  0.0291313  0.361904 -0.361105  -9.79567 
                  32 -2.32234  3.12026  84.7627   7.30683   13.7215 -0.132002  0.392673   -1.2662 -0.505185 0.038549 0.048077 0.141315 0.194265   1.4836 0.156012 -0.000652374  0.000101056 -3.03197e-05 -0.0663105  0.0231847  0.0292955  0.361497 -0.363095  -9.79561 
                32.1 -2.15315  2.85121  84.5367   7.32756   13.8671 -0.127717  0.392673   -1.2662 -0.505185 0.038549 0.048077 0.141315 0.206287  1.50853  0.16114 -0.000645296   9.8321e-05 -2.14478e-05 -0.0657382  0.0226166  0.0301449 0.362188 -0.36357 -9.79557 
                32.2 -2.07241  2.56777  84.2883   7.33773   14.0183 -0.119391  0.392673   -1.2662 -0.505185 0.038549 0.048077 0.141315 0.15215 1.47886 0.10521 -0.000630649  0.000105335 -4.06998e-05 -0.0667131  0.0216194  0.0304603  0.361374 -0.364687  -9.79555 
                32.3 -2.13458  2.44059  84.2341   7.35103   14.1514 -0.120934  0.392673   -1.2662 -0.505185 0.038549 0.048077 0.141315 0.123377  1.40734 0.124222 -0.000618661  8.11555e-05 -4.31677e-05 -0.0659391  0.0202092  0.0313097  0.362371 -0.365973  -9.79547 
                32.4 -2.15708  1.94635  83.9841   7.35592   14.2937 -0.119064  0.392673   -1.2662 -0.505185 0.038549 0.048077 0.141315 0.0888153    1.4595 0.0607898 -0.000623126    8.188e-05 -3.40185e-05 -0.0669907   0.019416  0.0318499  0.361462 -0.366896  -9.79547 
             32.4999 -2.24513  1.34243   84.043   7.36334   14.4438 -0.126425  0.392673   -1.2662 -0.505185 0.038549 0.048077 0.141315 0.0784139   1.53088 0.0397582 -0.000612771  8.60282e-05 -5.20479e-05 -0.0673265  0.0188741  0.0325111   0.36123 -0.367475  -9.79546 
             32.5999 -2.36137  1.66654  84.1405   7.36741   14.5977 -0.126065  0.392673   -1.2662 -0.505185 0.038549 0.048077 0.141315 0.0574959   1.35415  0.049269 -0.000594753  7.51677e-05 -6.14684e-05 -0.0688091  0.0193245  0.0328948  0.359719 -0.367222  -9.79552 
             32.6999 -2.3342  1.5188 84.6073   7.37474   14.7334 -0.128556  0.392673   -1.2662 -0.505185 0.038549 0.048077 0.141315  0.0167563     1.4869 -0.0156066 -0.000590867  0.000109529 -9.13283e-05 -0.0684456  0.0190055  0.0333121  0.360134 -0.367489   -9.7955 
             32.7999 -2.28318  1.57457  85.1826   7.37571   14.8843 -0.134041  0.392673   -1.2662 -0.505185 0.038549 0.048077 0.141315 -0.0524852    1.57841 -0.0808564 -0.000582445  5.32009e-05 -0.000112372 -0.0681655  0.0184214  0.0334309  0.360491 -0.368029  -9.79546 
             32.8999 -2.48959  2.43195  85.9131   7.37257   15.0499 -0.161056  0.392673   -1.2662 -0.505185 0.038549 0.048077 0.141315 0.00695939    1.57557 -0.0626297 -0.000543827   7.5914e-05 -0.000127916 -0.0691465  0.0191803  0.0344384  0.359452 -0.367394  -9.79552 
             32.9999 -2.30279  3.43789  87.0118   7.38217   15.2012 -0.180369  0.392673   -1.2662 -0.505185 0.038549 0.048077 0.141315 -0.0246566    1.60335 -0.0809026 -0.000530282  5.87939e-05 -0.000156768 -0.0668766  0.0192456  0.0351334   0.36171 -0.367023  -9.79546 
                33.1 -2.3586 4.48793 87.5135   7.37713   15.3572 -0.180001  0.392673   -1.2662 -0.505185 0.038549 0.048077 0.141315 -0.00696863     1.46476   -0.114669 -0.000522725  7.54008e-05  -0.00012724 -0.0676838  0.0196317  0.0350493 0.360857 -0.36675  -9.7955 
                33.2 -2.29614  4.10173  87.9785   7.37636   15.4804 -0.193411  0.392673   -1.2662 -0.505185 0.038549 0.048077 0.141315 -0.0299158    1.20895  0.0280138 -0.000534352  0.000100931  -0.00012175 -0.0661265  0.0183955  0.0353751  0.362575 -0.367754   -9.7954 
             33.3001 -2.49042  4.11675  88.1207   7.37307   15.6041 -0.197841  0.392673   -1.2662 -0.505185 0.038549 0.048077 0.141315  0.0255525    1.38658 -0.0703711 -0.000518281  0.000108016 -8.68825e-05 -0.0661219  0.0176639  0.0355791  0.362691 -0.368476  -9.79536 
             33.4001 -2.53111  3.50196  88.1717   7.37611   15.7473 -0.209684  0.392673   -1.2662 -0.505185 0.038549 0.048077 0.141315 -0.00168683     1.57465   -0.267622 -0.000548372  9.46354e-05 -7.34301e-05 -0.0655308  0.0173326  0.0353045  0.363307 -0.368715  -9.79533 
                33.5 -2.68321   4.1491   88.107    7.3749   15.9061 -0.223849  0.392673   -1.2662 -0.505185 0.038549 0.048077 0.141315 0.0286329   1.32867 0.0230785 -0.000549068  3.59154e-05 -5.95075e-05 -0.0674911   0.018997  0.0352099  0.361121 -0.367373  -9.79546 
                33.6 -2.65152  4.12153  88.2101   7.38097   16.0434 -0.221099  0.392673   -1.2662 -0.505185 0.038549 0.048077 0.141315 0.0539233   1.41365 0.0845422 -0.000530445  8.70996e-05 -5.58164e-05 -0.0670494  0.0194053  0.0352769 0.361499  -0.3669 -9.79547 
                33.7 -2.68678  3.34753  88.1742   7.38688   16.1859 -0.215292  0.392673   -1.2662 -0.505185 0.038549 0.048077 0.141315 0.0916742    1.4903 -0.110893 -0.000534952  0.000113055 -6.67582e-05 -0.0665946  0.0186961  0.0349451  0.362039 -0.367524  -9.79542 
             33.8001 -2.73341  3.60512  87.8454   7.39578   16.3245 -0.217697  0.392673   -1.2662 -0.505185 0.038549 0.048077 0.141315  0.144656   1.33148 0.0216942 -0.000538021  7.05628e-05 -4.42589e-05 -0.066569 0.0186921 0.0350058  0.362067 -0.367526  -9.79542 
             33.9001 -2.86129  3.29657  87.0769   7.40991   16.4556 -0.227941  0.392673   -1.2662 -0.505185 0.038549 0.048077 0.141315   0.114318    1.39643 -0.0883438 -0.000545214  0.000108009  2.04732e-06  -0.06634 0.0179245 0.0355363  0.362446 -0.368246  -9.79538 
             34.0001 -2.90317  3.03397  86.0183   7.41576   16.6007 -0.238563  0.392673   -1.2662 -0.505185 0.038549 0.048077 0.141315 0.070537  1.50898 -0.13112 -0.000546126  9.62882e-05  1.31178e-05 -0.0667602  0.0176137  0.0355224 0.362081 -0.36862 -9.79538 
                34.1 -2.89346  3.14944  85.7587   7.41768   16.7458 -0.257515  0.392673   -1.2662 -0.505185 0.038549 0.048077 0.141315 0.00816411    1.43413  -0.185055 -0.000526414  9.16941e-05 -8.10993e-06 -0.0666762  0.0168567  0.0357471  0.362296 -0.369354  -9.79535 
             34.1999 -2.97907  3.33929   85.591   7.41811    16.888 -0.281329  0.392673   -1.2662 -0.505185 0.038549 0.048077 0.141315 0.00419264    1.38492  -0.257509 -0.000531668  0.000129917  -5.1973e-06 -0.0667853  0.0171111  0.0358553  0.362155 -0.369121  -9.79536 
             34.2999 -3.02909  3.43384  85.6611   7.41987    17.022 -0.295164  0.392673   -1.2662 -0.505185 0.038549 0.048077 0.141315 -0.0397823    1.23819  -0.154138 -0.000500452   0.00013526 -1.02217e-05 -0.0663598  0.0177269   0.035371  0.362451 -0.368447  -9.79537 
             34.3999 -3.05324  3.41052  85.7736   7.42739   17.1546 -0.297226  0.392673   -1.2662 -0.505185 0.038549 0.048077 0.141315  0.0054578     1.2873 -0.0819441 -0.000505685  0.000141021 -2.56974e-05 -0.0660374  0.0195437   0.034759 0.362463 -0.36661 -9.79544 
             34.4999 -2.97696   3.0207  85.8597   7.43296   17.2905 -0.296415  0.392673   -1.2662 -0.505185 0.038549 0.048077 0.141315 0.0305178   1.46327 -0.163462 -0.000516621  0.000137334 -2.73297e-05 -0.065286  0.020055 0.0340195  0.363087 -0.365998  -9.79544 
             34.5999 -3.00377  2.87837  85.8867   7.44479   17.4487 -0.302689  0.392673   -1.2662 -0.505185 0.038549 0.048077 0.141315  0.0756054    1.50704 -0.0988772 -0.000516844  0.000112598 -2.73312e-05 -0.0650041  0.0215811  0.0333857  0.363111 -0.364453   -9.7955 
                34.7 -2.94826   3.4518  85.8516   7.45884   17.6082 -0.303046  0.392673   -1.2662 -0.505185 0.038549 0.048077 0.141315  0.0836477    1.45626 -0.0225016   -0.0005139  0.000102675 -1.84736e-05 -0.0654281  0.0236167  0.0329424   0.36238 -0.362506   -9.7956 
                34.8 -2.87869  3.43666  85.7901   7.46909   17.7483 -0.296076  0.392673   -1.2662 -0.505185 0.038549 0.048077 0.141315  0.111249   1.38772 0.0330789 -0.000505248  0.000137027 -2.48933e-05 -0.065019 0.0236165 0.0325884  0.362762 -0.362451  -9.79559 
                34.9 -2.81314  3.11772  85.6913    7.4837   17.8767 -0.290491  0.392673   -1.2662 -0.505185 0.038549 0.048077 0.141315  0.110597   1.39018 0.0350411 -0.000491087  0.000100641 -2.08043e-05 -0.0637808  0.0226342  0.0325001  0.364116 -0.363246  -9.79551 
                  35 -2.65223  2.93457  85.3196   7.49393    18.023 -0.287002  0.392673   -1.2662 -0.505185 0.038549 0.048077 0.141315  0.0713663    1.39507 -0.0444622 -0.000496681  0.000109467 -1.38338e-05 -0.0642424  0.0234141  0.0322638  0.363539 -0.362542  -9.79555 
                35.1 -2.59798  2.80102  85.1909   7.49968   18.1661 -0.291475  0.392673   -1.2662 -0.505185 0.038549 0.048077 0.141315  0.0651683    1.41703 -0.0572513 -0.000508235  0.000106313 -2.21476e-05 -0.0646546  0.0237362  0.0321771  0.363083 -0.362282  -9.79558 
                35.2 -2.51905  2.67376  85.1591   7.50861   18.3129 -0.296285  0.392673   -1.2662 -0.505185 0.038549 0.048077 0.141315  0.0920477    1.46557 -0.0798625 -0.000518264  8.99681e-05 -2.09235e-05 -0.0647619  0.0242748  0.0321564  0.362903 -0.361765  -9.79561 
                35.3 -2.48261  2.61547  85.0043   7.52286   18.4657 -0.310093  0.392673   -1.2662 -0.505185 0.038549 0.048077 0.141315 0.0808418   1.48478 -0.141344  -0.00051449  8.09824e-05 -8.32659e-06 -0.0647486  0.0252047   0.032298  0.362798 -0.360842  -9.79564 
                35.4 -2.57447  2.88809  84.7692   7.53883   18.6167 -0.320685  0.392673   -1.2662 -0.505185 0.038549 0.048077 0.141315   0.148666    1.37495 -0.0965978 -0.000490665   7.3739e-05 -8.70565e-07 -0.0649326  0.0261515  0.0321325  0.362481 -0.359931  -9.79569 
             35.5001 -2.57273  3.26396  84.2481   7.55778   18.7562 -0.321238  0.392673   -1.2662 -0.505185 0.038549 0.048077 0.141315  0.144018   1.30732 0.0126114 -0.000495361  6.57864e-05  1.85551e-05 -0.065097 0.0275328 0.0318378  0.362121 -0.358588  -9.79575 
                35.6 -2.55657  2.75568   83.821    7.5712    18.891 -0.320785  0.392673   -1.2662 -0.505185 0.038549 0.048077 0.141315  0.130096   1.52362 -0.181577 -0.000507886  9.86232e-05  1.59225e-05 -0.0646704  0.0268159  0.0315587  0.362622 -0.359243  -9.79571 
                35.7 -2.45038  2.77708  83.6689   7.58253   19.0482 -0.338863  0.392673   -1.2662 -0.505185 0.038549 0.048077 0.141315 0.0785958   1.52598 -0.257962 -0.000523381  5.79066e-05  -9.3779e-06 -0.0647835  0.0272123  0.0312442  0.362444 -0.358867  -9.79573 
             35.7999 -2.66487  3.32529   83.806   7.59733   19.1988 -0.362499  0.392673   -1.2662 -0.505185 0.038549 0.048077 0.141315   0.11993   1.39252 -0.163289 -0.000512909  5.56531e-05 -1.14794e-05 -0.064557 0.0280855 0.0313408  0.362563 -0.357974  -9.79576 
                35.9 -2.64495   3.1693  83.8498    7.6086   19.3423 -0.376597  0.392673   -1.2662 -0.505185 0.038549 0.048077 0.141315  0.065827   1.42879 -0.162382 -0.000525761  9.94269e-05  1.61683e-06 -0.0646939  0.0284386   0.031173  0.362375 -0.357643  -9.79578 
             35.9999 -2.62052  3.23954  84.0418    7.6165   19.4865 -0.375971  0.392673   -1.2662 -0.505185 0.038549 0.048077 0.141315   0.108114    1.33613 0.00857836 -0.000517315    9.395e-05 -1.21541e-05 -0.0649374  0.0288078   0.030331  0.362046 -0.357308   -9.7958 
                36.1 -2.59454  2.93614  84.1895   7.63053   19.6241 -0.358336  0.392673   -1.2662 -0.505185 0.038549 0.048077 0.141315  0.106659   1.46348 0.0207021 -0.00052516 9.84499e-05 9.88447e-07 -0.0646814  0.0292848  0.0294918    0.3622 -0.356805  -9.79581 
                36.2 -2.56685  2.23673   84.025   7.64249    19.778 -0.348062  0.392673   -1.2662 -0.505185 0.038549 0.048077 0.141315 0.0909987   1.47388 0.0251567 -0.000515533  9.52267e-05  4.66762e-06 -0.0650782  0.0298905  0.0289933  0.361709 -0.356252  -9.79585 
                36.3 -2.3294 2.18248 84.2287   7.64949   19.9268 -0.343643  0.392673   -1.2662 -0.505185 0.038549 0.048077 0.141315  0.125894     1.424 0.0628858 -0.000530278  7.66039e-05 -1.66132e-05 -0.0652629  0.0299626  0.0288495  0.361511 -0.356204  -9.79586 
                36.4 -2.49721  2.15495  84.3155  7.66419   20.072 -0.33725  0.392673   -1.2662 -0.505185 0.038549 0.048077 0.141315   0.126165    1.50356 -0.0262884 -0.000531362  7.78896e-05 -5.18917e-06 -0.0652027  0.0298512  0.0287501  0.361579 -0.356307  -9.79586 
                36.5 -2.25449  2.28725  84.3273   7.67285   20.2205 -0.349934  0.392673   -1.2662 -0.505185 0.038549 0.048077 0.141315  0.0585117    1.39596 -0.0648203 -0.000537925  6.56528e-05 -3.05691e-06 -0.0650712    0.02978  0.0290252  0.361731 -0.356361  -9.79585 
                36.6 -2.51675  3.21077  84.4396   7.68409   20.3509 -0.356003  0.392673   -1.2662 -0.505185 0.038549 0.048077 0.141315 0.0584118   1.11735 0.0045769 -0.000474903  7.93553e-05  1.03024e-05 -0.0650593  0.0307124  0.0293841  0.361646 -0.355432  -9.79588 
                36.7 -2.45064  2.90732  84.5273   7.69165   20.4658 -0.361501  0.392673   -1.2662 -0.505185 0.038549 0.048077 0.141315  0.0788767     1.1892 -0.0181645 -0.000491884  0.000105971  1.41623e-05 -0.0651584  0.0309614  0.0296397  0.361529 -0.355197   -9.7959 
                36.8 -2.35415  2.31623   84.365   7.69878   20.6006 -0.367221  0.392673   -1.2662 -0.505185 0.038549 0.048077 0.141315 0.0808977   1.35383 -0.136054 -0.000509305  0.000140637  3.56839e-05 -0.0657651  0.0315301  0.0294555  0.360852 -0.354709  -9.79594 
                36.9 -2.40015   2.6946  84.1933   7.70986   20.7427 -0.376041  0.392673   -1.2662 -0.505185 0.038549 0.048077 0.141315   0.117552    1.30205 -0.0519484 -0.000498317   9.3221e-05  4.20028e-05 -0.0662504  0.0325439  0.0293776  0.360245 -0.353765    -9.796 
             37.0001 -2.41522  2.87949  84.1167   7.72855   20.8766 -0.384007  0.392673   -1.2662 -0.505185 0.038549 0.048077 0.141315   0.113376    1.27588 -0.0779843  -0.0004923 0.000102494 3.74965e-05 -0.0660022  0.0334253  0.0293844  0.360382 -0.352861  -9.79602 
                37.1 -2.44405  3.00608  83.6943   7.74117   21.0085 -0.388088  0.392673   -1.2662 -0.505185 0.038549 0.048077 0.141315   0.118142    1.20737 -0.0303759 -0.000491925  0.000100539  5.57486e-05 -0.0666064  0.0343141  0.0292767  0.359672 -0.352056  -9.79608 
                37.2 -2.29701   2.6978  83.6378  7.75301    21.13 -0.39772  0.392673   -1.2662 -0.505185 0.038549 0.048077 0.141315  0.0600002    1.26064 -0.0910023 -0.000493226   0.00011306   4.4252e-05 -0.0660362  0.0343388  0.0293551  0.360236 -0.351961  -9.79606 
                37.3 -2.31474  2.70364  83.6608   7.75939   21.2636 -0.397936  0.392673   -1.2662 -0.505185 0.038549 0.048077 0.141315  0.0630512    1.22673 -0.0960612 -0.00048601 0.000109685 3.65677e-05 -0.0665217  0.0351617  0.0287945  0.359631 -0.351206  -9.79611 
                37.4 -2.3558 2.67928 83.8251   7.76829   21.3866 -0.403155  0.392673   -1.2662 -0.505185 0.038549 0.048077 0.141315   0.072369    1.17698 -0.0487481  -0.0004805 0.000100336 2.83552e-05 -0.0666597  0.0357628  0.0286661  0.359417 -0.350628  -9.79614 
                37.5 -2.25031  2.25921  83.8909   7.77878   21.5135 -0.404257  0.392673   -1.2662 -0.505185 0.038549 0.048077 0.141315 0.0557982   1.29342  -0.11412 -0.000498631   0.00011602  4.03754e-05 -0.0665398  0.0363714  0.0281946  0.359443 -0.350012  -9.79616 
                37.6 -2.2353 2.26968 83.9723   7.78725   21.6525 -0.408696  0.392673   -1.2662 -0.505185 0.038549 0.048077 0.141315 0.0330988   1.25033 -0.101924 -0.000497101  0.000101258  3.95432e-05 -0.0668463  0.0372572  0.0277505  0.359017 -0.349171  -9.79621 
                37.7 -2.27216  2.92175  84.1074   7.79562   21.7699 -0.406158  0.392673   -1.2662 -0.505185 0.038549 0.048077 0.141315 0.0326186   1.00588 0.0551647 -0.000507375  9.04045e-05  3.29754e-05 -0.0670197  0.0379662  0.0274879 0.358751 -0.34849 -9.79624 
                37.8 -2.26969  2.51564  84.0244   7.80623   21.8766 -0.402505  0.392673   -1.2662 -0.505185 0.038549 0.048077 0.141315  0.0806964    1.15645 -0.0429758 -0.000505752  0.000139689  4.26304e-05 -0.0666941  0.0385312  0.0274229  0.359004 -0.347891  -9.79625 
                37.9 -2.16637  1.72578  83.9228   7.81569   22.0101 -0.409164  0.392673   -1.2662 -0.505185 0.038549 0.048077 0.141315 0.0512466    1.4011 -0.169565 -0.000514658  0.000152878  4.14381e-05 -0.0667274  0.0390141  0.0271626  0.358903 -0.347418  -9.79627 
                  38 -2.18157  2.55169  83.9419   7.82371   22.1466 -0.415109  0.392673   -1.2662 -0.505185 0.038549 0.048077 0.141315   0.048335      1.227 0.00123456 -0.000499471  8.88898e-05  3.66404e-05 -0.0667352  0.0397462  0.0270521  0.358807 -0.346693   -9.7963 
                38.1 -2.33697  2.79978  84.1181   7.83441   22.2741 -0.407442  0.392673   -1.2662 -0.505185 0.038549 0.048077 0.141315   0.0874205     1.23944 -0.00478334 -0.000489533  0.000104281   2.0629e-05 -0.0669881   0.040547  0.0267162  0.358449 -0.345931  -9.79634 
                38.2 -2.28859   2.3647  84.0879  7.84738  22.4029 -0.40962  0.392673   -1.2662 -0.505185 0.038549 0.048077 0.141315   0.056041    1.26198 -0.0600041 -0.000489656  0.000118245  1.91224e-05 -0.0666565  0.0411237  0.0265642  0.358703 -0.345321  -9.79635 
                38.3 -2.38152  2.77455  84.1982   7.85826   22.5274 -0.412456  0.392673   -1.2662 -0.505185 0.038549 0.048077 0.141315   0.134582    1.19941 -0.0073035 -0.00048476 9.41501e-05 6.30658e-06 -0.0666722  0.0416073  0.0265527   0.35863 -0.344844  -9.79637 
                38.4 -2.34676  2.55521   84.359   7.87547   22.6512 -0.413255  0.392673   -1.2662 -0.505185 0.038549 0.048077 0.141315   0.122343    1.31866 -0.0373663 -0.000494692  0.000122623  1.87028e-05 -0.0661251  0.0418402  0.0265463  0.359143 -0.344547  -9.79637 
                38.5 -2.38992  2.56134  84.3133   7.88928   22.7791 -0.420286  0.392673   -1.2662 -0.505185 0.038549 0.048077 0.141315   0.165955    1.23185 -0.0015518 -0.000491073  0.000108834  2.61191e-05 -0.0659044  0.0418549  0.0266823  0.359366 -0.344505  -9.79636 
                38.6 -2.46166  2.76022  84.3104    7.9031   22.9052 -0.418427  0.392673   -1.2662 -0.505185 0.038549 0.048077 0.141315  0.142266   1.25744 0.0212242 -0.000483527  0.000114463   4.8731e-05 -0.0662715  0.0420005   0.026664  0.358984 -0.344405  -9.79638 
                38.7 -2.43371  2.48809  84.1207  7.91171  23.0312 -0.42211  0.392673   -1.2662 -0.505185 0.038549 0.048077 0.141315  0.0977092    1.30215 -0.0560024 -0.000480633   0.00012107  5.21512e-05 -0.0665119  0.0413501  0.0267394  0.358828 -0.345079  -9.79636 
                38.8 -2.51221  2.79789  83.9727    7.9209   23.1594 -0.424615  0.392673   -1.2662 -0.505185 0.038549 0.048077 0.141315 0.0733209   1.06165  0.080138 -0.000474725  0.000113507  5.32269e-05 -0.0671979  0.0417608  0.0267324    0.3581 -0.344756   -9.7964 
                38.9 -2.50268  2.87967  83.7933   7.93232   23.2668 -0.417984  0.392673   -1.2662 -0.505185 0.038549 0.048077 0.141315 0.0672984    1.1299 0.0607255 -0.000488618  0.000142044  5.04061e-05 -0.0670928  0.0420784  0.0268328   0.35817 -0.344429  -9.79641 
                  39 -2.43044  2.10378  83.7887  7.93044  23.3836 -0.42038  0.392673   -1.2662 -0.505185 0.038549 0.048077 0.141315 -0.0189692    1.35785 -0.0581369 -0.000484936  0.000163859  2.30646e-05 -0.0670594  0.0411263  0.0268934  0.358319 -0.345368  -9.79637 
             39.0999 -2.44001  2.38307  84.2474   7.92559   23.5221 -0.427788  0.392673   -1.2662 -0.505185 0.038549 0.048077 0.141315  -0.0202973     1.28958 -0.00657285 -0.000471229  0.000117926 -1.39403e-05 -0.0674435  0.0412696  0.0271057  0.357932 -0.345273  -9.79638 
             39.1999 -2.54467  2.78526  85.0249   7.92513   23.6495 -0.434372  0.392673   -1.2662 -0.505185 0.038549 0.048077 0.141315 -0.0449092    1.23139 -0.0161386 -0.000479935  0.000110711 -3.43675e-05 -0.0671847  0.0415507  0.0273682  0.358167 -0.344963  -9.79639 
             39.2999 -2.5122    2.75 85.7447   7.92449   23.7763 -0.442884  0.392673   -1.2662 -0.505185 0.038549 0.048077 0.141315 -0.0447785    1.24812  -0.119258 -0.000493422  0.000112683 -4.22072e-05 -0.067032 0.0420018 0.0274788  0.358268 -0.344498   -9.7964 
                39.4 -2.50857  2.96567  86.4278  7.92767   23.903 -0.45205  0.392673   -1.2662 -0.505185 0.038549 0.048077 0.141315 -0.0192978    1.17417  -0.037725 -0.000495499  0.000107065 -4.22777e-05 -0.0670118  0.0430172  0.0275773  0.358168 -0.343489  -9.79644 
                39.5 -2.49705  2.90087    86.76   7.93063   24.0273 -0.457824  0.392673   -1.2662 -0.505185 0.038549 0.048077 0.141315  0.0225879     1.3257 -0.0886989 -0.000503336  0.000111216 -1.76931e-05 -0.0668225  0.0434165  0.0276143  0.358306 -0.343069  -9.79645 
             39.6001 -2.52345  2.59293  86.9178   7.93536   24.1694 -0.468705  0.392673   -1.2662 -0.505185 0.038549 0.048077 0.141315 0.00512074    1.42577  -0.203933 -0.000498468  0.000121672  2.28074e-07 -0.066809 0.0438718 0.0273562  0.358247 -0.342618  -9.79647 
             39.7001 -2.58584  3.17271  86.9139   7.93827   24.3134 -0.481977  0.392673   -1.2662 -0.505185 0.038549 0.048077 0.141315 -0.00586323     1.30994   -0.128244 -0.000504208  9.33525e-05  1.49177e-05 -0.0670894  0.0446186  0.0270999 0.357855 -0.34192 -9.79651 
                39.8 -2.61181  3.19827  87.0163   7.93822   24.4406 -0.488512  0.392673   -1.2662 -0.505185 0.038549 0.048077 0.141315 -0.00298448     1.18836  -0.0603335 -0.000504438  0.000114329  1.21694e-05 -0.0670156  0.0445746  0.0267674  0.357918 -0.341954   -9.7965 
                39.9 -2.6092 3.16107 87.1643   7.94269   24.5628 -0.484368  0.392673   -1.2662 -0.505185 0.038549 0.048077 0.141315 -0.0369702    1.14565   -0.09309 -0.000507879  0.000112121  1.29936e-06 -0.0670819  0.0452402  0.0260549   0.35772 -0.341309  -9.79653 
                  40 -2.62986  2.96271  87.1352   7.94096   24.6748 -0.482121  0.392673   -1.2662 -0.505185 0.038549 0.048077 0.141315  -0.017385    1.16135 -0.0350442 -0.000501573  0.000112577  1.45091e-05 -0.0671378  0.0452996  0.0257226   0.35764 -0.341261  -9.79654 
                40.1 -2.60444  2.38523  87.2399  7.94536  24.7929 -0.47943  0.392673   -1.2662 -0.505185 0.038549 0.048077 0.141315 -0.00252792     1.32071   -0.111985 -0.000505797  0.000135266  8.16406e-06 -0.0664581  0.0453015   0.025335  0.358288 -0.341153  -9.79652 
                40.2 -2.58367  2.30538  87.2903  7.94713  24.9231 -0.48599  0.392673   -1.2662 -0.505185 0.038549 0.048077 0.141315  0.0214418    1.24513 -0.0458936 -0.000495496  0.000122595  4.31604e-06 -0.0662451  0.0454391  0.0251445  0.358467 -0.340985  -9.79652 
                40.3 -2.72104  2.70328   87.203    7.9527   25.0523 -0.484628  0.392673   -1.2662 -0.505185 0.038549 0.048077 0.141315  0.0243337    1.24649 0.00350001 -0.000492942  9.29513e-05  4.48484e-06 -0.0663642  0.0461653  0.0248119  0.358218 -0.340292  -9.79655 
                40.4 -2.62802  2.54197  87.1439   7.95838   25.1816 -0.486777  0.392673   -1.2662 -0.505185 0.038549 0.048077 0.141315   0.02992   1.29668 -0.101075 -0.000507914  0.000104586  7.98141e-06 -0.0660259  0.0463888  0.0246596  0.358506 -0.340018  -9.79655 
                40.5 -2.59827  2.85368  87.0863   7.96628   25.3042 -0.483802  0.392673   -1.2662 -0.505185 0.038549 0.048077 0.141315 0.0767569   1.07926 0.0160996 -0.000506465  9.63986e-05 -9.63984e-07 -0.065954 0.0469365 0.0243149 0.358472 -0.33947 -9.79657 
             40.6001 -2.61404  2.83222  86.8358   7.97736    25.408 -0.480384  0.392673   -1.2662 -0.505185 0.038549 0.048077 0.141315 0.0690608   1.14957 0.0256719 -0.000513499   0.00010503  1.89012e-05 -0.0653148  0.0468853  0.0243805  0.359112 -0.339415  -9.79655 
                40.7 -2.57295  2.07207  86.5036   7.98064   25.5299 -0.483848  0.392673   -1.2662 -0.505185 0.038549 0.048077 0.141315 0.00562752    1.37077  -0.152328 -0.000509507  0.000125819  1.80952e-05 -0.0650107  0.0463726  0.0242288  0.359485 -0.339872  -9.79652 
                40.8 -2.53736  2.55463  86.5051   7.98285    25.668 -0.490294  0.392673   -1.2662 -0.505185 0.038549 0.048077 0.141315  0.0173114    1.28532 -0.0122814 -0.000498933  9.50234e-05  4.23079e-06 -0.0652577  0.0468428  0.0241515 0.359164 -0.33945 -9.79654 
                40.9 -2.60669   2.9038  86.4405   7.98906   25.7992 -0.491157  0.392673   -1.2662 -0.505185 0.038549 0.048077 0.141315 0.0286324   1.26673  -0.03065 -0.000491865  9.72426e-05  5.96693e-06 -0.0651702  0.0473714  0.0241749  0.359168 -0.338915  -9.79656 
                  41 -2.53355  2.84843  86.5817   7.99491   25.9246 -0.500064  0.392673   -1.2662 -0.505185 0.038549 0.048077 0.141315   0.026079    1.14239 -0.0265474 -0.000505845  0.000114461 -1.33702e-05 -0.0650571  0.0476131  0.0242632 0.359245 -0.33866 -9.79657 
                41.1 -2.56227   3.1751  86.6796   8.00169   26.0299 -0.499083  0.392673   -1.2662 -0.505185 0.038549 0.048077 0.141315 0.0670481   1.07481 0.0341579 -0.000500224  0.000122342 -1.13959e-05 -0.0646835  0.0475516  0.0243012  0.359624 -0.338662  -9.79655 
                41.2 -2.53356  2.76369  86.6672   8.00778   26.1404 -0.497072  0.392673   -1.2662 -0.505185 0.038549 0.048077 0.141315  0.0387088    1.23209 -0.0317112 -0.000505033  0.000141486 -6.17816e-06 -0.064466 0.0473885 0.0243114  0.359863 -0.338789  -9.79654 
                41.3 -2.51115   2.5105  86.7855   8.01102   26.2651 -0.506182  0.392673   -1.2662 -0.505185 0.038549 0.048077 0.141315  0.0541702    1.22394 -0.0167457 -0.000495856  0.000139999 -1.34103e-05 -0.0643798  0.0471548  0.0244136  0.359989 -0.339005  -9.79653 
                41.4 -2.61882  3.25031  86.8791   8.01766   26.3858 -0.502167  0.392673   -1.2662 -0.505185 0.038549 0.048077 0.141315 0.0663536   1.15899 0.0555541 -0.000490302  0.000108006  -7.6018e-06 -0.0645614  0.0474404  0.0243773  0.359765 -0.338751  -9.79655 
                41.5 -2.61207  2.87623  86.8859   8.02018   26.5036 -0.505626  0.392673   -1.2662 -0.505185 0.038549 0.048077 0.141315  0.0318177     1.2304 -0.0371928 -0.000485794  0.000129958 -4.31494e-06 -0.0647304  0.0469545  0.0246411  0.359685 -0.339255  -9.79653 
                41.6 -2.57062  2.91691  86.9001   8.01977   26.6246 -0.509998  0.392673   -1.2662 -0.505185 0.038549 0.048077 0.141315 0.00898092    1.03941  0.0151875 -0.000489696  0.000127557 -5.38051e-06 -0.0651906  0.0469518  0.0246502  0.359233 -0.339328  -9.79654 
                41.7 -2.61484   3.3607  86.9745    8.0228   26.7241 -0.506416  0.392673   -1.2662 -0.505185 0.038549 0.048077 0.141315 0.0754059   1.02033 0.0794273 -0.000492058  0.000131586 -7.12476e-06 -0.0652689  0.0469371  0.0247771  0.359165 -0.339354  -9.79655 
                41.8 -2.56183  2.56863  86.8676   8.02796   26.8335 -0.507503  0.392673   -1.2662 -0.505185 0.038549 0.048077 0.141315 0.0572374   1.31872 -0.130564 -0.000496406  0.000154457  3.12967e-06 -0.0649229  0.0465897  0.0248975  0.359564 -0.339642  -9.79652 
                41.9 -2.53971  2.56535  87.0018   8.02762   26.9629 -0.519516  0.392673   -1.2662 -0.505185 0.038549 0.048077 0.141315  0.0417311    1.24334 -0.0367058 -0.000485322  0.000143935 -1.06537e-05 -0.0650225  0.0463915  0.0250971  0.359507 -0.339852  -9.79652 
                  42 -2.61516  3.18898  87.2718   8.02647   27.0862 -0.532854  0.392673   -1.2662 -0.505185 0.038549 0.048077 0.141315 0.00113187    1.14453 -0.0925568 -0.000489855  0.000130723 -1.84196e-05 -0.0654387  0.0464134  0.0253912   0.35911 -0.339895  -9.79653 
                42.1 -2.60406  3.21423  87.5394    8.0258   27.1976 -0.546113  0.392673   -1.2662 -0.505185 0.038549 0.048077 0.141315  0.035692   1.08544 -0.138048 -0.000491087  0.000139265 -1.94415e-05 -0.0654602  0.0463517  0.0255037  0.359104 -0.339959  -9.79653 
                42.2 -2.64385  3.25901  87.6304   8.02419   27.3021 -0.551982  0.392673   -1.2662 -0.505185 0.038549 0.048077 0.141315 -0.00265806     0.94634  -0.0124201 -0.000493098  0.000144748 -7.69972e-06 -0.0658472  0.0463676  0.0253022  0.358711 -0.340005  -9.79654 
                42.3 -2.68317  3.09201  87.6398  8.02592  27.4019 -0.54444  0.392673   -1.2662 -0.505185 0.038549 0.048077 0.141315  0.0220521    1.11567 -0.0315114 -0.000492876  0.000156682 -1.49064e-08 -0.0659045  0.0462311  0.0249424 0.358657 -0.34015 -9.79654 
                42.4 -2.64502  2.48605  87.4584    8.0307   27.5192 -0.546529  0.392673   -1.2662 -0.505185 0.038549 0.048077 0.141315 0.0294023   1.30741 -0.106298 -0.000485841  0.000170654  5.83553e-06 -0.0654186  0.0460675  0.0246858  0.359147 -0.340232  -9.79652 
                42.5 -2.68942  2.98929  87.2853   8.03664   27.6497 -0.552671  0.392673   -1.2662 -0.505185 0.038549 0.048077 0.141315  0.0285128    1.22728 -0.0346574 -0.000484732  0.000133445  7.99751e-06 -0.0653326  0.0464162  0.0246188  0.359172 -0.339876  -9.79653 
                42.6 -2.75377  3.30063  87.0337   8.03938   27.7687 -0.551955  0.392673   -1.2662 -0.505185 0.038549 0.048077 0.141315 0.0350949   1.19985 -0.046007 -0.000485567  0.000132017  1.60653e-05 -0.065266 0.0463481 0.0244824  0.359241 -0.339932  -9.79652 
                42.7 -2.67966  2.92431  86.9444   8.04609   27.8878 -0.555552  0.392673   -1.2662 -0.505185 0.038549 0.048077 0.141315  0.0411905    1.14553 -0.0459008 -0.000485467  0.000147525   1.0657e-05 -0.0648355   0.046472  0.0242662  0.359632 -0.339741  -9.79652 
                42.8 -2.73743  3.37606  86.8226   8.04766   28.0017 -0.550058  0.392673   -1.2662 -0.505185 0.038549 0.048077 0.141315 -0.0775641   0.957427  0.0725526 -0.000480448  0.000132636   1.6422e-05 -0.0652774  0.0471201  0.0239976  0.359079 -0.339177  -9.79656 
             42.8999 -2.76513  3.11481  86.9556   8.03795   28.1034 -0.548177  0.392673   -1.2662 -0.505185 0.038549 0.048077 0.141315  -0.135223    1.07951 -0.0216172  -0.00047852  0.000159737 -9.31229e-06 -0.0655441  0.0470409  0.0240766  0.358833 -0.339298  -9.79656 
             42.9998 -2.60759  2.66683   87.842   8.02113   28.2213 -0.552133  0.392673   -1.2662 -0.505185 0.038549 0.048077 0.141315  -0.214348    1.23619 -0.0928494 -0.000479679   0.00016714 -5.53653e-05 -0.0655997  0.0471729  0.0240283  0.358754 -0.339179  -9.79657 
             43.0998 -2.63638  2.94935  89.2024    8.0032   28.3473 -0.560101  0.392673   -1.2662 -0.505185 0.038549 0.048077 0.141315  -0.163712    1.19801 -0.0627478 -0.000478256  0.000155519  -8.9886e-05 -0.0656275   0.047391  0.0239489 0.358688 -0.33897 -9.79658 
             43.1999 -2.68513   3.4537  90.2908   7.99348   28.4683 -0.567655  0.392673   -1.2662 -0.505185 0.038549 0.048077 0.141315  -0.123605        1.1 -0.0523714 -0.000486768  0.000146961 -7.63094e-05 -0.0655908  0.0480375  0.0241022  0.358627 -0.338327   -9.7966 
                43.3 -2.7517 3.63737 90.8735   7.98967    28.573 -0.571653  0.392673   -1.2662 -0.505185 0.038549 0.048077 0.141315 -0.0933806   0.928944   0.067534 -0.000471392  0.000132896 -5.41371e-05 -0.0652023  0.0486433   0.024203  0.358912 -0.337666  -9.79661 
             43.4001 -2.77529  3.58766  91.1936   7.98469   28.6689 -0.564658  0.392673   -1.2662 -0.505185 0.038549 0.048077 0.141315 -0.0807646    1.04702  0.0427067 -0.000474699  0.000144109  -2.6208e-05 -0.0650448   0.048789  0.0241714  0.359039 -0.337495  -9.79662 
             43.5001 -2.71718  2.85679  91.2342   7.98065   28.7864 -0.566934  0.392673   -1.2662 -0.505185 0.038549 0.048077 0.141315  -0.137519    1.25472 -0.0950138 -0.000475513  0.000169482 -2.42353e-06 -0.0647204  0.0492214   0.024089  0.359271 -0.337009  -9.79662 
                43.6 -2.75648   3.1489  91.4184   7.97076   28.9182 -0.579705  0.392673   -1.2662 -0.505185 0.038549 0.048077 0.141315  -0.124684    1.20342 -0.0579707 -0.000472596  0.000143643 -9.74729e-06 -0.0649151  0.0499326  0.0242457  0.358953 -0.336352  -9.79666 
                43.7 -2.8676   3.543 91.9096   7.95845   29.0409 -0.586875  0.392673   -1.2662 -0.505185 0.038549 0.048077 0.141315  -0.143086    1.17058 -0.0483616  -0.00046981  0.000136788 -3.11914e-05 -0.0651953  0.0503196  0.0243969 0.358611 -0.33603 -9.79668 
                43.8 -2.88385  3.32481  92.5238   7.94089   29.1586 -0.593848  0.392673   -1.2662 -0.505185 0.038549 0.048077 0.141315   -0.14861    1.19472 -0.0925255 -0.000466528  0.000149605 -4.34971e-05 -0.0652675  0.0500924  0.0243728  0.358588 -0.336266  -9.79667 
                43.9 -2.91389  3.55708  93.2333   7.93278   29.2742 -0.600621  0.392673   -1.2662 -0.505185 0.038549 0.048077 0.141315 -0.0728822    1.06319   0.013123 -0.000467504   0.00013885 -4.66124e-05 -0.0651254  0.0502918  0.0243724  0.358683 -0.336042  -9.79668 
                  44 -2.99462  3.73816  93.2839    7.9209   29.3799 -0.600846  0.392673   -1.2662 -0.505185 0.038549 0.048077 0.141315  -0.104195    1.14629 -0.0325708 -0.000468177  0.000145636 -1.82539e-05 -0.0652089  0.0498973  0.0243626  0.358688 -0.336444  -9.79666 
                44.1 -2.93288  3.55775  93.4365   7.91194   29.4918 -0.607418  0.392673   -1.2662 -0.505185 0.038549 0.048077 0.141315 -0.0969696    1.16091 -0.0397197 -0.000470133  0.000152167 -1.71591e-05 -0.0647588  0.0497036    0.02443  0.359171 -0.336528  -9.79664 
                44.2 -3.00749  3.81794   93.542   7.90399   29.6087 -0.606094  0.392673   -1.2662 -0.505185 0.038549 0.048077 0.141315 -0.0652394    1.11279  -0.012295 -0.000467145  0.000145555 -6.63611e-06 -0.0649615  0.0500786  0.0243058  0.358881 -0.336213  -9.79667 
                44.3 -3.0009 3.49168 93.5381   7.89817   29.7197 -0.612657  0.392673   -1.2662 -0.505185 0.038549 0.048077 0.141315 -0.0976851    1.12679 -0.0322601 -0.000464762  0.000166692  7.80942e-06 -0.0647878  0.0500845  0.0244456  0.359056 -0.336164  -9.79666 
                44.4 -3.00062   3.4661  93.4685   7.88655   29.8296 -0.612462  0.392673   -1.2662 -0.505185 0.038549 0.048077 0.141315 -0.105099  0.989534   0.01934 -0.000457061  0.000151502  1.63926e-05 -0.0650928  0.0502067  0.0243668  0.358728 -0.336121  -9.79667 
                44.5 -3.00218  3.42882  93.6183   7.87588   29.9264 -0.608835  0.392673   -1.2662 -0.505185 0.038549 0.048077 0.141315 -0.157159  0.983358 0.0310178 -0.000457168  0.000160482  9.99455e-06 -0.0652096   0.050249  0.0244471   0.35861 -0.336108  -9.79668 
                44.6 -2.90408  2.69971  93.8257  7.85914  30.0316 -0.61445  0.392673   -1.2662 -0.505185 0.038549 0.048077 0.141315  -0.169693    1.18514 -0.0827975  -0.00044858  0.000174942 -3.31483e-07 -0.0651542   0.049971  0.0246182  0.358743 -0.336361  -9.79667 
                44.7 -2.89261  2.64456  94.0028   7.84452   30.1577 -0.621281  0.392673   -1.2662 -0.505185 0.038549 0.048077 0.141315  -0.149764    1.21463 -0.0167991 -0.000458079  0.000185136  5.00096e-06 -0.0652896  0.0503174  0.0246266  0.358527 -0.336059  -9.79668 
                44.8 -2.80397  3.03919  94.0748   7.83268   30.2841 -0.623147  0.392673   -1.2662 -0.505185 0.038549 0.048077 0.141315  -0.152212    1.20571 -0.0223294 -0.000463429   0.00016305  5.04486e-06 -0.065214  0.050858 0.0245646 0.358462 -0.33552  -9.7967 
                44.9 -2.79547  3.27702  94.1647   7.82033   30.4062 -0.622449  0.392673   -1.2662 -0.505185 0.038549 0.048077 0.141315  -0.163819    1.18955 -0.0364471 -0.000459518  0.000148016 -2.81705e-06 -0.0651818  0.0512436  0.0245548  0.358397 -0.335141  -9.79672 
                  45 -2.79305  3.21258   94.397   7.80853    30.522 -0.626332  0.392673   -1.2662 -0.505185 0.038549 0.048077 0.141315 -0.112004   1.12791 0.0422108 -0.000447772  0.000150039 -1.29094e-05 -0.0650406  0.0514079   0.024729  0.358502 -0.334945  -9.79672 
                45.1 -2.81172  3.11571  94.5081   7.79767   30.6399 -0.633938  0.392673   -1.2662 -0.505185 0.038549 0.048077 0.141315  -0.154291    1.24654 -0.0698028 -0.000447537  0.000163308 -1.50045e-05 -0.0648851  0.0514499  0.0250139 0.358657 -0.33486 -9.79672 
                45.2 -2.78016  3.05457  94.5659  7.78336  30.7677 -0.63792  0.392673   -1.2662 -0.505185 0.038549 0.048077 0.141315  -0.188572    1.28141 -0.0529476 -0.000443395  0.000158698 -1.09719e-05 -0.0646635  0.0516492  0.0248563  0.358812 -0.334615  -9.79672 
                45.3 -2.83752   3.4364  94.7103   7.76718   30.8993 -0.645791  0.392673   -1.2662 -0.505185 0.038549 0.048077 0.141315   -0.13944    1.20451 -0.0290001 -0.000446637  0.000153802 -1.38188e-05 -0.0650104  0.0522508  0.0250636  0.358336 -0.334121  -9.79676 
                45.4 -2.82454  3.32273  94.8309   7.75365   31.0253 -0.651025  0.392673   -1.2662 -0.505185 0.038549 0.048077 0.141315  -0.135151    1.24186 -0.0411732 -0.000446459  0.000177195 -8.74735e-06 -0.0651091   0.052553  0.0251956  0.358171 -0.333853  -9.79677 
                45.5 -2.78977  3.17705  94.8303   7.74207    31.151 -0.659816  0.392673   -1.2662 -0.505185 0.038549 0.048077 0.141315 -0.0807016    1.11079 -0.0214639 -0.000443626   0.00018448  -2.7247e-07 -0.0651976  0.0528819  0.0253205  0.358008 -0.333557  -9.79679 
                45.6 -2.84215  3.56832  94.6766   7.73563   31.2552 -0.659745  0.392673   -1.2662 -0.505185 0.038549 0.048077 0.141315 -0.0488189    1.02921  0.0128511 -0.000435992  0.000176735  1.88405e-05 -0.0651958  0.0529458  0.0253542  0.357995 -0.333494  -9.79679 
             45.7001 -2.8806 2.86611 94.1182   7.73334   31.3681 -0.659982  0.392673   -1.2662 -0.505185 0.038549 0.048077 0.141315 -0.0220294    1.28626 -0.0964186 -0.000438564  0.000203961  4.08107e-05 -0.0650414  0.0530639   0.025339 0.358112 -0.33334 -9.79679 
             45.8001 -2.89797   2.5421  93.4144   7.73019   31.5059 -0.672603  0.392673   -1.2662 -0.505185 0.038549 0.048077 0.141315  -0.037759     1.3128 -0.0943089 -0.000430126  0.000196925  5.40787e-05 -0.0652859  0.0534536  0.0252552 0.357772 -0.33303 -9.79681 
             45.9001 -2.96423  3.30793  92.5612   7.72428   31.6381 -0.675033  0.392673   -1.2662 -0.505185 0.038549 0.048077 0.141315 -0.00454124     1.22517  -0.0473984 -0.000434467  0.000166187  6.25221e-05 -0.0657352   0.053915  0.0250423  0.357211 -0.332705  -9.79685 
                  46 -2.98493  3.12632  91.9665   7.72254   31.7614 -0.680331  0.392673   -1.2662 -0.505185 0.038549 0.048077 0.141315 -0.0690099    1.26865 -0.0765904 -0.000437173  0.000180582  5.83002e-05 -0.0656508  0.0538754  0.0250434  0.357302 -0.332722  -9.79684 
             46.0999 -2.96205  3.04448  91.5123   7.71415   31.8844 -0.691448  0.392673   -1.2662 -0.505185 0.038549 0.048077 0.141315 -0.047602   1.14507 -0.031118 -0.000437458  0.000173847  4.94044e-05 -0.0656984  0.0538645  0.0251267  0.357264 -0.332743  -9.79684 
             46.1999 -3.02202  3.28283  91.4295   7.71577   31.9954 -0.689067  0.392673   -1.2662 -0.505185 0.038549 0.048077 0.141315  0.0180658    1.15416 -0.0437655 -0.000439323   0.00017495  3.61787e-05 -0.0652882  0.0539031  0.0249031 0.357639 -0.33261 -9.79683 
                46.3 -2.94695  2.86693  91.1071   7.71582    32.119 -0.691957  0.392673   -1.2662 -0.505185 0.038549 0.048077 0.141315 -0.0250663    1.29563  -0.122896 -0.000439696  0.000181809  4.50863e-05 -0.0652735  0.0541269  0.0247434  0.357592 -0.332393  -9.79684 
             46.3999 -3.00785  2.96677  90.8249   7.71063   32.2486 -0.692589  0.392673   -1.2662 -0.505185 0.038549 0.048077 0.141315 -0.0317508    1.20928  0.0233091 -0.000431598  0.000171202  4.50135e-05 -0.0655205  0.0542857  0.0244468   0.3573  -0.3323 -9.79686 
             46.4999 -3.01571  3.18641  90.7906    7.7079   32.3732 -0.693108  0.392673   -1.2662 -0.505185 0.038549 0.048077 0.141315 -0.0118954    1.25858 -0.0815186 -0.000425713  0.000175855  4.14544e-05 -0.0655797  0.0543464  0.0244132  0.357226 -0.332255  -9.79686 
             46.5999 -3.03437  3.07808  90.7229    7.7033   32.4931 -0.701343  0.392673   -1.2662 -0.505185 0.038549 0.048077 0.141315 -0.0419796    1.09731 -0.0359159 -0.000420513  0.000172759  4.01724e-05 -0.0656562  0.0541869  0.0244369  0.357187 -0.332426  -9.79686 
             46.6999 -3.10965  3.47676  90.6743   7.70166   32.5916 -0.696619  0.392673   -1.2662 -0.505185 0.038549 0.048077 0.141315 -0.027765  0.989449 0.0498201 -0.000417191  0.000166739  3.74042e-05 -0.0654014  0.0540904  0.0243385   0.35745 -0.332466  -9.79685 
             46.7999 -3.01318  2.87066  90.7294   7.69516   32.6959 -0.694478  0.392673   -1.2662 -0.505185 0.038549 0.048077 0.141315 -0.0375285    1.21478 -0.0416705 -0.000424527  0.000188847  3.16055e-05 -0.0653314  0.0537522  0.0243335  0.357588 -0.332782  -9.79683 
             46.8999 -2.98603  2.52942  90.8456   7.69077   32.8312 -0.701476  0.392673   -1.2662 -0.505185 0.038549 0.048077 0.141315 -0.0461764    1.36233 -0.0948885 -0.000424648  0.000185811   3.1043e-05 -0.0655903  0.0539083  0.0242513  0.357299 -0.332685  -9.79684 
                  47   -2.96 3.21055 90.8036   7.68497   32.9786 -0.700813  0.392673   -1.2662 -0.505185 0.038549 0.048077 0.141315 -0.0353418    1.32453  0.0813054 -0.000433317   0.00015019  3.91101e-05 -0.0662862  0.0545413  0.0241826  0.356491 -0.332211  -9.79689 
                47.1 -2.99178  3.35926  90.8519   7.68085   33.1133 -0.693014  0.392673   -1.2662 -0.505185 0.038549 0.048077 0.141315 -0.042332   1.29723 0.0386228 -0.00043256 0.000150011 2.23162e-05 -0.0665021  0.0546383  0.0241782 0.356261 -0.33216  -9.7969 
                47.2 -2.96312  3.23512  90.9152   7.67754   33.2379 -0.697176  0.392673   -1.2662 -0.505185 0.038549 0.048077 0.141315 -0.00662169     1.17841    0.064227 -0.000428962  0.000162419  1.52581e-05 -0.0665089  0.0545105  0.0245313    0.3563 -0.332281  -9.79689 
                47.3 -2.94082   3.4441  90.8985   7.67661   33.3442 -0.691288  0.392673   -1.2662 -0.505185 0.038549 0.048077 0.141315 -0.0188558    1.14571   0.105123 -0.000431843  0.000145617   1.5094e-05 -0.0662728  0.0541775  0.0247744  0.356611 -0.332554  -9.79687 
                47.4 -2.89791  2.83672  90.8329   7.67306   33.4624 -0.693327  0.392673   -1.2662 -0.505185 0.038549 0.048077 0.141315 -0.0475495    1.33203  0.0427223 -0.000419199  0.000173656   2.3835e-05 -0.0661976  0.0538939  0.0251619 0.356763 -0.33281 -9.79686 
                47.5 -2.86158  2.62197  90.8187   7.66737   33.6021 -0.704689  0.392673   -1.2662 -0.505185 0.038549 0.048077 0.141315 -0.0559084    1.48377 -0.0439129 -0.000421731  0.000173777  2.36686e-05 -0.0663013  0.0537158  0.0256062  0.356724 -0.332999  -9.79685 
                47.6 -2.88281  3.02079  90.8398   7.66179   33.7506 -0.713384  0.392673   -1.2662 -0.505185 0.038549 0.048077 0.141315 -0.0542838    1.46375  0.0208249 -0.000412698  0.000164744   2.3011e-05 -0.0664093  0.0536945  0.0259632  0.356644 -0.333036  -9.79686 
                47.7 -2.86061  3.20776  90.8525    7.6557   33.8867 -0.724316  0.392673   -1.2662 -0.505185 0.038549 0.048077 0.141315 -0.0653238     1.2717 0.00347369 -0.000404072  0.000158725  1.92347e-05 -0.0662342  0.0532584  0.0262743  0.356921 -0.333421  -9.79683 
                47.8 -2.87151  3.69165  90.8296   7.64783   34.0048 -0.723493  0.392673   -1.2662 -0.505185 0.038549 0.048077 0.141315 -0.0911985    1.18931  0.0493251 -0.000402328  0.000155167   1.7728e-05 -0.0662755  0.0531539  0.0264174  0.35691 -0.33353 -9.79683 
                47.9 -2.78889  2.90637  90.9624   7.64111   34.1251 -0.728579  0.392673   -1.2662 -0.505185 0.038549 0.048077 0.141315 -0.0730047     1.3998 -0.0501732 -0.000407858  0.000177676  1.58801e-05 -0.0659496  0.0528203  0.0266885  0.357309 -0.333785  -9.79681 
                  48 -2.80321  2.37178  90.8468   7.63455   34.2769 -0.745287  0.392673   -1.2662 -0.505185 0.038549 0.048077 0.141315 -0.108566   1.57692 -0.231414 -0.000410499  0.000184157  2.82896e-05 -0.065887 0.0529134 0.0268182 0.357359 -0.33368 -9.79681 
                48.1 -2.83706  3.19727  90.7635   7.6275   34.428 -0.76112  0.392673   -1.2662 -0.505185 0.038549 0.048077 0.141315 -0.0724558    1.18134 -0.0201748 -0.000405173  0.000139531  3.04453e-05 -0.0663352  0.0534933  0.0269451  0.356812 -0.333205  -9.79684 
                48.2 -2.80848   3.1299  90.4594  7.62543  34.5455 -0.76191  0.392673   -1.2662 -0.505185 0.038549 0.048077 0.141315  -0.072812    1.20355 -0.0760384 -0.000419982   0.00015277  4.75523e-05 -0.0660296   0.053661   0.026779  0.357066 -0.332981  -9.79684 
                48.3 -2.76956   2.5725  90.2719   7.61983   34.6641 -0.770179  0.392673   -1.2662 -0.505185 0.038549 0.048077 0.141315 -0.088106   1.18466 -0.108387 -0.000416993  0.000161077  4.41251e-05 -0.0658242  0.0536419  0.0266631  0.357264 -0.332959  -9.79684 
                48.4 -2.7674 2.60943 90.3249   7.61199   34.7878 -0.770844  0.392673   -1.2662 -0.505185 0.038549 0.048077 0.141315 -0.112102   1.26072 -0.108245 -0.000411092  0.000150683  4.01327e-05 -0.0657939  0.0539279  0.0262671  0.357215 -0.332679  -9.79685 
                48.5 -2.81559  2.39036  90.3416   7.60435   34.9213 -0.776512  0.392673   -1.2662 -0.505185 0.038549 0.048077 0.141315  -0.102908    1.29857 -0.0830671 -0.000412478  0.000153361  4.36803e-05 -0.0657539  0.0542419  0.0259877  0.357176 -0.332369  -9.79686 
                48.6 -2.77654  2.77616  90.5093   7.60216   35.0567 -0.776182  0.392673   -1.2662 -0.505185 0.038549 0.048077 0.141315 -0.0651313    1.30642 -0.0155346 -0.000409045  0.000141571  3.45035e-05 -0.0656382  0.0548472  0.0257961  0.357159 -0.331759  -9.79688 
                48.7 -2.82154   2.9113  90.5221   7.59961   35.1916 -0.769824  0.392673   -1.2662 -0.505185 0.038549 0.048077 0.141315 -0.0855964    1.26458 -0.0215714 -0.000400079  0.000134303  3.99592e-05 -0.0656261   0.055436  0.0255028  0.357041 -0.331186   -9.7969 
                48.8 -2.86201  3.00457   90.626   7.59691   35.3162 -0.774503  0.392673   -1.2662 -0.505185 0.038549 0.048077 0.141315 -0.0349191    1.12617 -0.0136099 -0.000391129  0.000131381  2.96883e-05 -0.0655297  0.0558576  0.0255984  0.357056 -0.330755  -9.79692 
                48.9 -2.93685  3.24303  90.8015   7.5971  35.4215 -0.77253  0.392673   -1.2662 -0.505185 0.038549 0.048077 0.141315 0.0141107   1.03732 0.0292865 -0.000385382  0.000130508  2.82108e-05 -0.0653712   0.055994  0.0256183 0.357185 -0.33059 -9.79692 
                  49 -2.9243 2.76096 90.8165   7.59459   35.5342 -0.768793  0.392673   -1.2662 -0.505185 0.038549 0.048077 0.141315 -0.0268386    1.25267 -0.0707145  -0.0003897 0.000146022 3.48147e-05 -0.0654785  0.0559741  0.0255316   0.35708 -0.330632  -9.79692 
                49.1 -2.90288  2.37173  90.7913   7.59069   35.6661 -0.777663  0.392673   -1.2662 -0.505185 0.038549 0.048077 0.141315 -0.0525086    1.26972 -0.0372756 -0.000387156  0.000151156  3.76664e-05 -0.0654455  0.0560128  0.0254749  0.357101 -0.330589  -9.79692 
                49.2 -2.99974   3.3194  90.7324   7.5847  35.7943 -0.77495  0.392673   -1.2662 -0.505185 0.038549 0.048077 0.141315 -0.0282126    1.16054  0.0224496 -0.00038345 0.000121552 4.09274e-05 -0.0659083  0.0564766  0.0254692  0.356559 -0.330229  -9.79695 
                49.3 -2.97133  3.00638  90.7884   7.58098   35.9083 -0.770468  0.392673   -1.2662 -0.505185 0.038549 0.048077 0.141315 -0.0249712    1.24843  0.0356976 -0.000387534  0.000139802  3.80123e-05 -0.0657543   0.056288  0.0255473   0.35675 -0.330381  -9.79694 
                49.4 -2.93249  2.77492  90.8972     7.573   36.0312 -0.775614  0.392673   -1.2662 -0.505185 0.038549 0.048077 0.141315 -0.0388965    1.11588  0.0481071 -0.000382184  0.000145517  3.36355e-05 -0.0659766  0.0561736  0.0257726  0.356568 -0.330534  -9.79694 
                49.5 -3.07377  3.26252  90.8404  7.56882  36.1317 -0.77011  0.392673   -1.2662 -0.505185 0.038549 0.048077 0.141315 -0.050872  0.937939  0.151783 -0.000369315  0.000136678  4.41399e-05 -0.0659696  0.0561828  0.0259696 0.356583 -0.33052 -9.79694 
                49.6 -3.04855  2.76787  90.9996   7.56209   36.2253 -0.759591  0.392673   -1.2662 -0.505185 0.038549 0.048077 0.141315 -0.106189   1.14284 0.0774276 -0.000366812   0.00016942  3.40888e-05 -0.0656673  0.0557956  0.0260995  0.356962 -0.330834  -9.79692 
                49.7 -2.98907  2.21968   91.344   7.55294   36.3455 -0.770188  0.392673   -1.2662 -0.505185 0.038549 0.048077 0.141315  -0.134448    1.31943 0.00147201 -0.000363749   0.00016639   1.9459e-05 -0.0653936  0.0556524  0.0265776 0.357283 -0.33091  -9.7969 
                49.8 -3.08612  2.79646  91.6558   7.53686   36.4828 -0.776152  0.392673   -1.2662 -0.505185 0.038549 0.048077 0.141315 -0.126719   1.29509 0.0673232 -0.000367867  0.000146224  1.88198e-05 -0.0658662  0.0558376  0.0268869  0.356802 -0.330821  -9.79692 
                49.9 -3.10468  3.07478  92.0246   7.52812   36.6072 -0.783142  0.392673   -1.2662 -0.505185 0.038549 0.048077 0.141315  -0.12684   1.15078 0.0495323 -0.00036357 0.000139852 1.50255e-05 -0.0657899  0.0559563  0.0273656  0.356877 -0.330682  -9.79693 
                  50 -3.17286  3.21077  92.1784   7.51826   36.7149 -0.783317  0.392673   -1.2662 -0.505185 0.038549 0.048077 0.141315 -0.125977  0.990546  0.107964 -0.000356574  0.000142851   1.8091e-05 -0.0657635  0.0559989  0.0276255 0.356908 -0.33063 -9.79693 
                50.1 -3.13487  3.00957  92.3099   7.50889   36.8143 -0.777316  0.392673   -1.2662 -0.505185 0.038549 0.048077 0.141315  -0.121995    1.14576 0.00982879 -0.000356187  0.000152587  1.50283e-05 -0.0655311  0.0559013  0.0277657  0.357162 -0.330672  -9.79692 
                50.2 -3.11996  2.28657  92.2759   7.50358    36.932 -0.790799  0.392673   -1.2662 -0.505185 0.038549 0.048077 0.141315  -0.102302    1.29528 -0.0944471 -0.000349379  0.000160429  2.46683e-05 -0.0649539  0.0558869  0.0281248  0.357744 -0.330554   -9.7969 
                50.3 -3.09503  2.82226  92.2647   7.49617   37.0602 -0.801065  0.392673   -1.2662 -0.505185 0.038549 0.048077 0.141315 -0.0783651    1.17471 -0.0016938 -0.000359076  0.000145769  2.54692e-05 -0.0649699  0.0562363  0.0283386  0.357662 -0.330214  -9.79691 
                50.4 -3.14941  3.10669  92.2796   7.49289   37.1713 -0.802835  0.392673   -1.2662 -0.505185 0.038549 0.048077 0.141315 -0.0687619    1.07327  0.0350581 -0.000356637  0.000151528  2.31143e-05 -0.0647157   0.056427  0.0284736  0.357873 -0.329969  -9.79691 
                50.5 -3.09254  2.72838  92.4064  7.48826  37.2819 -0.80672  0.392673   -1.2662 -0.505185 0.038549 0.048077 0.141315 -0.0689105     1.2019  -0.145094 -0.000362325  0.000161834   2.1061e-05 -0.0644815   0.056339  0.0284763   0.35812 -0.330001   -9.7969 
                50.6 -3.09894  2.86276  92.4689   7.48196   37.3967 -0.820345  0.392673   -1.2662 -0.505185 0.038549 0.048077 0.141315 -0.0638943    1.02111 -0.0375873 -0.000355715  0.000143011  2.79697e-05 -0.0645935   0.056467  0.0286507  0.357992 -0.329899  -9.79691 
                50.7 -3.11888  3.06701  92.4767   7.47297   37.5024 -0.829647  0.392673   -1.2662 -0.505185 0.038549 0.048077 0.141315 -0.0625421     1.0806 -0.0992638 -0.000359772  0.000153051  2.72265e-05 -0.0647868  0.0565109  0.0287339  0.357799 -0.329899  -9.79692 
                50.8 -3.07939  2.84657  92.6023   7.46234   37.6153 -0.839841  0.392673   -1.2662 -0.505185 0.038549 0.048077 0.141315 -0.0520143    1.13369  -0.132548 -0.000358808  0.000155636  2.31119e-05 -0.0650269  0.0564959   0.028673 0.357567 -0.32997 -9.79693 
                50.9 -3.10579  2.93403  92.6697   7.45467   37.7361 -0.850061  0.392673   -1.2662 -0.505185 0.038549 0.048077 0.141315 -0.057664   1.16303  -0.14991 -0.000363217  0.000147705  2.12885e-05 -0.0653595   0.056698  0.0285806  0.357195 -0.329853  -9.79694 
                  51 -3.10123  2.94261  92.5824   7.44632   37.8599 -0.861099  0.392673   -1.2662 -0.505185 0.038549 0.048077 0.141315 -0.0277572    1.15527  -0.143103 -0.000361558  0.000143947  2.92924e-05 -0.0657253  0.0569787  0.0283865  0.356766 -0.329671  -9.79696 
                51.1 -3.05093  3.09698  92.5505   7.44389   37.9822 -0.867235  0.392673   -1.2662 -0.505185 0.038549 0.048077 0.141315 -0.00233492     1.05872  -0.0703107 -0.000369726  0.000132936  3.44373e-05 -0.0660343  0.0575237  0.0281198  0.356327 -0.329223    -9.797 
                51.2 -3.06056   3.1477  92.4568   7.43892   38.0929 -0.868519  0.392673   -1.2662 -0.505185 0.038549 0.048077 0.141315 -0.0258491    1.11741  -0.100318 -0.000359131   0.00013881  3.39191e-05 -0.0663298  0.0576703  0.0279099  0.355997 -0.329155  -9.79701 
                51.3 -2.98568  2.72489  92.5791   7.43216   38.2082 -0.870955  0.392673   -1.2662 -0.505185 0.038549 0.048077 0.141315 -0.0238957    1.15171  -0.108443 -0.000358134  0.000149843  3.44059e-05 -0.0665155  0.0575757  0.0275343  0.355819 -0.329298  -9.79701 
                51.4 -2.97247  3.07595  92.5486   7.42496   38.3231 -0.868887  0.392673   -1.2662 -0.505185 0.038549 0.048077 0.141315 -0.0522108    1.02422 -0.0212263 -0.000354148  0.000138872   3.6722e-05 -0.0669341  0.0577801  0.0272011  0.355349 -0.329205  -9.79703 
                51.5 -2.96046  3.01236  92.4739   7.41644   38.4262 -0.869825  0.392673   -1.2662 -0.505185 0.038549 0.048077 0.141315 -0.0717065    1.08521 -0.0445889 -0.000354083  0.000148655  3.92346e-05 -0.0671528  0.0576059  0.0271182  0.355174 -0.329426  -9.79703 
                51.6 -2.89787  2.72356  92.4893   7.40102   38.5408 -0.873431  0.392673   -1.2662 -0.505185 0.038549 0.048077 0.141315 -0.116965   1.18163  -0.19125 -0.000352992  0.000150346   3.2179e-05 -0.0674561  0.0573508  0.0268237  0.354924 -0.329749  -9.79703 
                51.7 -2.94469  3.12429  92.5347   7.39332   38.6535 -0.880209  0.392673   -1.2662 -0.505185 0.038549 0.048077 0.141315 -0.0336588   0.940883 0.00276919 -0.000351272   0.00014215   3.4355e-05 -0.0676349  0.0576894  0.0267432  0.354669 -0.329466  -9.79705 
                51.8 -2.86575  3.20008  92.3458   7.38893   38.7562 -0.880846  0.392673   -1.2662 -0.505185 0.038549 0.048077 0.141315 -0.0153994    1.07112 -0.0541045 -0.000368219  0.000139106  5.20008e-05 -0.067828 0.0579083 0.0266614 0.354428  -0.3293 -9.79706 
                51.9 -2.81842  2.75482  92.0638   7.38634   38.8718 -0.884093  0.392673   -1.2662 -0.505185 0.038549 0.048077 0.141315 -0.034974   1.18499 -0.133206 -0.000363765  0.000150236  6.21564e-05 -0.0677539  0.0580712  0.0264024 0.354447 -0.32913 -9.79707 
                  52 -2.81277  3.14466  91.8217  7.38345  38.9918 -0.89039  0.392673   -1.2662 -0.505185 0.038549 0.048077 0.141315 -0.0733409    1.09461 -0.0649413 -0.000366088  0.000142273  6.91647e-05 -0.0678418  0.0585026  0.0262572  0.354256 -0.328736  -9.79709 
                52.1 -2.82968  3.17263  91.8213   7.37121   39.1091 -0.893296  0.392673   -1.2662 -0.505185 0.038549 0.048077 0.141315  -0.101626    1.08529 -0.0931898 -0.00036343 0.000166751 6.34413e-05 -0.0682289  0.0588093  0.0260575    0.3538 -0.328532  -9.79711 
             52.1999 -2.8172 3.10779    92.3   7.35987   39.2151 -0.896569  0.392673   -1.2662 -0.505185 0.038549 0.048077 0.141315 -0.0825209   0.980757 -0.0566026 -0.000363179  0.000162259  4.72398e-05 -0.0683364  0.0587496  0.0258442  0.353699 -0.328618  -9.79711 
                52.3 -2.81994  3.44764  92.5858   7.34991   39.3128 -0.890962  0.392673   -1.2662 -0.505185 0.038549 0.048077 0.141315 -0.143267  0.865351 0.0564002 -0.00036243 0.000159875 4.42799e-05 -0.0685452  0.0590483  0.0255986 0.353416 -0.32838 -9.79713 
             52.3999 -2.78528  3.21032  93.0858   7.33549   39.4049 -0.881433  0.392673   -1.2662 -0.505185 0.038549 0.048077 0.141315 -0.143813   1.00221 0.0631586 -0.000363344  0.000165456  2.64986e-05 -0.0685649  0.0590833   0.025439  0.353381 -0.328354  -9.79713 
             52.4999 -2.69527  2.76346  93.8896   7.31913   39.5104 -0.881042  0.392673   -1.2662 -0.505185 0.038549 0.048077 0.141315 -0.153768   1.13098 -0.029037  -0.0003599 0.000170781 1.29989e-05  -0.06854 0.0589876 0.0254222  0.353425 -0.328441  -9.79713 
             52.5999 -2.71331  2.81303  94.5724   7.30211   39.6247 -0.881716  0.392673   -1.2662 -0.505185 0.038549 0.048077 0.141315  -0.198666     1.1324 -0.0165872 -0.000351675  0.000158296  1.07439e-05 -0.0685894  0.0590007  0.0253635  0.353372 -0.328441  -9.79713 
                52.7 -2.76815  3.01734  95.0703   7.27911   39.7408 -0.886261  0.392673   -1.2662 -0.505185 0.038549 0.048077 0.141315  -0.174915    1.12434 -0.0370936 -0.000349156  0.000153064   1.8448e-05 -0.0689774  0.0591242  0.0254735  0.352974 -0.328412  -9.79714 
                52.8 -2.76473  3.03575   95.665   7.26424   39.8489 -0.890412  0.392673   -1.2662 -0.505185 0.038549 0.048077 0.141315 -0.166511  0.989528 0.0516866 -0.000348336  0.000152149  1.32286e-05 -0.0688393  0.0592691  0.0255599  0.353076 -0.328237  -9.79715 
                52.9 -2.76543  3.12734   96.193   7.24916     39.95 -0.884682  0.392673   -1.2662 -0.505185 0.038549 0.048077 0.141315  -0.16409   1.08289 0.0693391 -0.000353881  0.000157679   1.6783e-05 -0.0688541  0.0593061    0.02563  0.353056 -0.328204  -9.79715 
             53.0001 -2.76827  2.73355  96.4155   7.23335    40.063 -0.883599  0.392673   -1.2662 -0.505185 0.038549 0.048077 0.141315  -0.201534     1.2828 -0.0214271 -0.000342629   0.00015903  2.71225e-05 -0.068575 0.0590568 0.0256913 0.353392 -0.32837 -9.79713 
             53.1001 -2.70324  3.20935   96.645   7.21356   40.1914 -0.887804  0.392673   -1.2662 -0.505185 0.038549 0.048077 0.141315 -0.220087   1.24242 0.0705928 -0.000330461  0.000125473  2.32028e-05 -0.0687191  0.0590589  0.0259509  0.353267 -0.328405  -9.79713 
             53.2001 -2.71976  3.39754  96.5497   7.19334   40.3134 -0.888657  0.392673   -1.2662 -0.505185 0.038549 0.048077 0.141315 -0.194406   1.21821 0.0937141 -0.000335521  0.000143325  3.44856e-05 -0.068773 0.0590361 0.0262685  0.353237 -0.328435  -9.79713 
                53.3 -2.69434  3.23743  96.6924    7.1765   40.4296 -0.889919  0.392673   -1.2662 -0.505185 0.038549 0.048077 0.141315    -0.19822     1.22758 -0.00197579 -0.00034076 0.000150832 2.67155e-05 -0.0684244   0.058789  0.0265585  0.353651 -0.328565  -9.79711 
                53.4 -2.69848  3.30184  96.8673   7.16096   40.5412 -0.894453  0.392673   -1.2662 -0.505185 0.038549 0.048077 0.141315  -0.14906   1.11537 0.0476398 -0.000335933  0.000150919  1.98116e-05 -0.0681723  0.0586653   0.026877  0.353942 -0.328604   -9.7971 
                53.5 -2.6777 3.08617 96.8433   7.14577   40.6533 -0.897046  0.392673   -1.2662 -0.505185 0.038549 0.048077 0.141315  -0.176849    1.20605 -0.0128356 -0.000337738  0.000153829  3.16385e-05 -0.0679937  0.0585472  0.0270758  0.354155 -0.328659  -9.79709 
                53.6 -2.61647  2.90761    96.85   7.13047   40.7765 -0.905261  0.392673   -1.2662 -0.505185 0.038549 0.048077 0.141315   -0.180023     1.22441 -0.00845654 -0.000337482  0.000151576  3.57994e-05 -0.0677395  0.0586038  0.0272353  0.354386 -0.328526  -9.79709 
                53.7 -2.65195  3.38677  96.8668   7.11594   40.8988 -0.907429  0.392673   -1.2662 -0.505185 0.038549 0.048077 0.141315 -0.125961   1.13426  0.040182 -0.000338632  0.000146547   4.3186e-05 -0.0678608  0.0589269  0.0274175  0.354182 -0.328254  -9.79711 
                53.8 -2.64527  3.14508  96.9233  7.10488  41.0136 -0.90945  0.392673   -1.2662 -0.505185 0.038549 0.048077 0.141315  -0.0976905     1.18826 0.000825867 -0.000336087  0.000155357  3.45431e-05 -0.0678863  0.0588832  0.0276187 0.354181  -0.3283  -9.7971 
                53.9 -2.6495 2.85095  96.628   7.09139   41.1304 -0.918687  0.392673   -1.2662 -0.505185 0.038549 0.048077 0.141315 -0.152009   1.10725 0.0202138 -0.000325658  0.000161785  4.44612e-05 -0.0679127  0.0587369  0.0277956   0.35421 -0.328444   -9.7971 
                  54 -2.63929  3.33998  96.4257   7.07814   41.2379 -0.914859  0.392673   -1.2662 -0.505185 0.038549 0.048077 0.141315 -0.143404   1.05022 0.0773373 -0.000328873  0.000143916  4.85707e-05 -0.0680139  0.0588085  0.0279169  0.354098 -0.328405   -9.7971 
                54.1 -2.56358  2.67872  96.2874  7.06231  41.3481 -0.91898  0.392673   -1.2662 -0.505185 0.038549 0.048077 0.141315  -0.161523    1.24253 -0.0477198 -0.000326802  0.000174624   4.2876e-05 -0.0679733  0.0585684  0.0281663  0.354221 -0.328616  -9.79709 
                54.2 -2.49984  2.56417  96.2951   7.04534   41.4744 -0.931347  0.392673   -1.2662 -0.505185 0.038549 0.048077 0.141315  -0.190034    1.26925 -0.0662338 -0.000319265  0.000159629  3.37024e-05 -0.0679464  0.0585014  0.0283335  0.354274 -0.328668  -9.79709 
                54.3 -2.49362   3.0951  96.2505   7.02683   41.6085 -0.938423  0.392673   -1.2662 -0.505185 0.038549 0.048077 0.141315  -0.185813    1.19116 -0.0127691 -0.000315154  0.000145486  2.96106e-05 -0.0684344  0.0589402  0.0284261 0.353684  -0.3284 -9.79712 
                54.4 -2.41693  3.04143  96.1693   7.00549   41.7326 -0.945479  0.392673   -1.2662 -0.505185 0.038549 0.048077 0.141315 -0.201468   1.17259 -0.091943 -0.00031212  0.00015201 2.96354e-05 -0.0686473  0.0590564  0.0284908   0.35345 -0.328353  -9.79713 
             54.4999 -2.37953  3.29008  96.3256   6.98739   41.8429 -0.949438  0.392673   -1.2662 -0.505185 0.038549 0.048077 0.141315   -0.1799  0.993128 0.0431731 -0.000314297  0.000145402  2.42106e-05 -0.0686939  0.0591255  0.0285382  0.353388 -0.328301  -9.79713 
                54.6 -2.28239  3.06359  96.3457   6.97311   41.9496 -0.949191  0.392673   -1.2662 -0.505185 0.038549 0.048077 0.141315  -0.194524     1.1319 -0.0241184 -0.000323919  0.000159833  2.99905e-05 -0.0684739  0.0593524   0.028519  0.353528 -0.328021  -9.79714 
                54.7 -2.27546  2.75473  96.2413   6.95625   42.0722 -0.950266  0.392673   -1.2662 -0.505185 0.038549 0.048077 0.141315 -0.270043   1.31693 -0.138731 -0.000319949  0.000155691  3.80428e-05 -0.0681961  0.0595889  0.0283394  0.353714 -0.327717  -9.79714 
                54.8 -2.2269 3.09008 96.3228   6.93239   42.2156 -0.960311  0.392673   -1.2662 -0.505185 0.038549 0.048077 0.141315  -0.206103    1.32166 -0.0131095 -0.000319021  0.000142584  3.56123e-05 -0.0684521  0.0602403  0.0283915  0.353282 -0.327174  -9.79717 
                54.9 -2.29263  3.57272  96.3336   6.91506   42.3498 -0.970404  0.392673   -1.2662 -0.505185 0.038549 0.048077 0.141315  -0.202964    1.25157 -0.0852917 -0.000325735  0.000141534    3.613e-05 -0.0684637  0.0606327  0.0285046  0.353161 -0.326805  -9.79719 
                  55 -2.21343  3.73195  96.1517   6.89959   42.4759 -0.988224  0.392673   -1.2662 -0.505185 0.038549 0.048077 0.141315 -0.190851   1.17328 -0.103323 -0.000331108  0.000148892   4.8575e-05 -0.0683558  0.0609648  0.0288283  0.353179 -0.326455   -9.7972 
                55.1 -2.06919  3.85387  96.0702   6.88701   42.5883 -0.986495  0.392673   -1.2662 -0.505185 0.038549 0.048077 0.141315 -0.202918   1.12891  0.012948 -0.000330288  0.000147644  4.56079e-05 -0.0679588  0.0613668  0.0287211  0.353433 -0.325958  -9.79721 
                55.2 -2.01483   3.0985   96.232   6.86922   42.7103 -0.985022  0.392673   -1.2662 -0.505185 0.038549 0.048077 0.141315  -0.210989    1.30955 -0.0248831 -0.000330977  0.000163298  3.67139e-05 -0.0676995   0.061429  0.0285486  0.353653 -0.325824  -9.79721 
                55.3 -2.00995  2.95019    96.25   6.85116   42.8514 -0.986455  0.392673   -1.2662 -0.505185 0.038549 0.048077 0.141315  -0.231115    1.28282 -0.0799686 -0.000327463   0.00016594   3.8831e-05 -0.067691 0.0620775 0.0283457  0.353463 -0.325207  -9.79723 
                55.4 -2.16918  3.44359  96.2963   6.83264   42.9818 -0.993735  0.392673   -1.2662 -0.505185 0.038549 0.048077 0.141315  -0.194735    1.17926 -0.0267499 -0.000313371  0.000148076  4.24421e-05 -0.0678894  0.0626422   0.028446 0.353114 -0.32473 -9.79726 
                55.5 -2.18599  3.32017  96.3836 6.81775 43.1018 -1.0007  0.392673   -1.2662 -0.505185 0.038549 0.048077 0.141315  -0.216857       1.29 -0.0814052 -0.000323134  0.000153647  4.52497e-05 -0.0676934  0.0627087  0.0285641  0.353286 -0.324609  -9.79726 
                55.6 -2.15276  3.13215  96.3911  6.79926  43.2379 -1.01052  0.392673   -1.2662 -0.505185 0.038549 0.048077 0.141315  -0.202188    1.20456 -0.0711462 -0.000319338  0.000160191  4.77237e-05 -0.067717  0.063179  0.028444 0.353121 -0.32417 -9.79728 
                55.7 -2.33068  3.73191  96.3629  6.79001  43.3596 -1.01171  0.392673   -1.2662 -0.505185 0.038549 0.048077 0.141315  -0.108793    1.12249 -0.0111296 -0.000319901  0.000158902  5.00797e-05 -0.0676724   0.063694  0.0283822   0.35301 -0.323669   -9.7973 
                55.8 -2.29481  3.20107  96.0578  6.77828  43.4809 -1.01596  0.392673   -1.2662 -0.505185 0.038549 0.048077 0.141315 -0.156766   1.31814 -0.157794 -0.000330323  0.000172293  6.21145e-05 -0.067631 0.0637497 0.0282997  0.353029 -0.323604   -9.7973 
                55.9 -2.25289  3.03417  95.9238  6.76459  43.6168 -1.02743  0.392673   -1.2662 -0.505185 0.038549 0.048077 0.141315   -0.15063    1.26034 -0.0486579 -0.000327073  0.000173093  5.76448e-05 -0.0675694  0.0639861   0.028194  0.353014 -0.323362  -9.79731 
                  56 -2.24766  3.82311  95.9975  6.74879  43.7432 -1.02673  0.392673   -1.2662 -0.505185 0.038549 0.048077 0.141315   -0.170374      1.1953 0.000661727 -0.000334713  0.000158903  4.32873e-05 -0.0677414  0.0642144  0.0281154  0.352781 -0.323196  -9.79732 
             56.0999 -2.29643  3.58932  96.0958   6.7298  43.8657 -1.02793  0.392673   -1.2662 -0.505185 0.038549 0.048077 0.141315  -0.203226     1.2382 -0.0571188 -0.000328811  0.000160537  3.25928e-05 -0.0677831  0.0642235   0.028089 0.352737  -0.3232 -9.79733 
             56.1999 -2.34042  3.47954  96.3705  6.70717  43.9867 -1.02998  0.392673   -1.2662 -0.505185 0.038549 0.048077 0.141315 -0.221796   1.17704 -0.042758 -0.000323149  0.000164872  3.35202e-05 -0.0676985  0.0641601  0.0279281  0.352828 -0.323235  -9.79732 
             56.2999 -2.55782  3.73498  96.7758 6.68423 44.1066 -1.0368  0.392673   -1.2662 -0.505185 0.038549 0.048077 0.141315  -0.198314    1.14638 -0.0656335 -0.000317472  0.000158075  3.16574e-05 -0.0678627  0.0643037  0.0279958  0.352634 -0.323147  -9.79733 
                56.4 -2.7998 3.63702 96.9726  6.65915  44.2229 -1.04161  0.392673   -1.2662 -0.505185 0.038549 0.048077 0.141315  -0.25956     1.135 -0.067475 -0.000309832  0.000155332  4.04574e-05 -0.0680587   0.064321  0.0278952  0.352438 -0.323188  -9.79734 
                56.5 -3.08655  3.64048  97.0482  6.63146  44.3404 -1.04549  0.392673   -1.2662 -0.505185 0.038549 0.048077 0.141315    -0.23641     1.12924 -0.00137112 -0.000311246  0.000154136  4.57601e-05 -0.0682406  0.0644473  0.0278301  0.352225 -0.323122  -9.79735 
                56.6 -3.31961  3.49621   97.332  6.60834    44.46 -1.04192  0.392673   -1.2662 -0.505185 0.038549 0.048077 0.141315 -0.239085   1.17952 0.0420547 -0.00032289 0.000164321 3.92567e-05 -0.0684255   0.064654  0.0277322  0.351984 -0.322981  -9.79736 
                56.7 -3.43436  3.07223  97.4922  6.58549  44.5882 -1.03893  0.392673   -1.2662 -0.505185 0.038549 0.048077 0.141315   -0.228319     1.20379 -0.00601584 -0.000326736  0.000173968    4.351e-05 -0.0686772  0.0649844  0.0276435  0.351642 -0.322745  -9.79738 
             56.8001   -3.69 3.19611 97.4558  6.56216   44.713 -1.03494  0.392673   -1.2662 -0.505185 0.038549 0.048077 0.141315 -0.210328   1.12545 0.0822573 -0.000315695     0.000173  4.72063e-05 -0.0690077  0.0654224  0.0276839   0.3512 -0.32243 -9.79741 
                56.9 -3.87379  2.87876  97.4263 6.54911 44.8284   -1.04  0.392673   -1.2662 -0.505185 0.038549 0.048077 0.141315  -0.148007    1.19953 0.00245017 -0.000322668  0.000176717  4.66201e-05 -0.068721 0.0655369 0.0279592 0.351451 -0.32223  -9.7974 
                  57 -3.75776  2.90686  97.5228  6.53745  44.9523 -1.04387  0.392673   -1.2662 -0.505185 0.038549 0.048077 0.141315 -0.0634463    1.14821  0.0404622 -0.000324144   0.00016985   4.1209e-05 -0.0689154  0.0659019   0.028106  0.351165 -0.321943  -9.79742 
             57.1001 -3.71663  2.80554  97.0508 6.52901 45.0702 -1.0427  0.392673   -1.2662 -0.505185 0.038549 0.048077 0.141315 -0.0569275    1.16049  0.0870319 -0.000328053  0.000172195  6.94644e-05 -0.0691491  0.0660111  0.0282787  0.350921 -0.321907  -9.79743 
             57.2001 -3.51557  2.42691  96.4597  6.52522  45.1875 -1.03907  0.392673   -1.2662 -0.505185 0.038549 0.048077 0.141315  -0.0631748     1.23013 -0.00960163 -0.000331941  0.000179347  7.72899e-05 -0.0689876  0.0660068  0.0283468  0.351078 -0.321859  -9.79743 
             57.3001 -3.38829   2.2377  95.9364  6.52202  45.3113 -1.04689  0.392673   -1.2662 -0.505185 0.038549 0.048077 0.141315 -0.00619805     1.26732  -0.0503655 -0.000329006  0.000168039  8.20785e-05 -0.0688805  0.0658591   0.028488  0.351233 -0.321959  -9.79742 
             57.4001 -3.10944  2.89133   95.225  6.51239  45.4411 -1.06006  0.392673   -1.2662 -0.505185 0.038549 0.048077 0.141315 -0.0745954    1.24898 -0.0526711 -0.000329639  0.000164077  8.79623e-05 -0.069271 0.0658764 0.0287775  0.350876 -0.322051  -9.79743 
                57.5 -3.13275  3.15016  94.4951  6.50989  45.5603 -1.06944  0.392673   -1.2662 -0.505185 0.038549 0.048077 0.141315   0.0321556     1.16781 -0.00851774 -0.000329931  0.000163451  9.26697e-05 -0.0691559  0.0657597  0.0289873  0.351032 -0.322117  -9.79742 
                57.6 -3.09595  3.44791  93.7371  6.50976  45.6759 -1.06957  0.392673   -1.2662 -0.505185 0.038549 0.048077 0.141315  0.0255917    1.18181 0.00368358 -0.000326894  0.000154218  9.96871e-05 -0.0691871   0.065722  0.0290476  0.351017 -0.322159  -9.79742 
                57.7 -3.11654  3.22945  92.9722  6.50903  45.7932 -1.06775  0.392673   -1.2662 -0.505185 0.038549 0.048077 0.141315 -0.0238837    1.23685 -0.0148734 -0.000320449  0.000167702  0.000101554 -0.0691309  0.0656403  0.0290491 0.351093 -0.32222 -9.79742 
             57.7999 -3.18262  2.96485  92.4987  6.50202  45.9145 -1.07295  0.392673   -1.2662 -0.505185 0.038549 0.048077 0.141315 -0.0067877    1.14599  0.0319447 -0.000316845  0.000172555  9.23504e-05 -0.0693179  0.0654304  0.0291604  0.350977 -0.322468  -9.79741 
             57.8999 -3.18122  3.04815  92.3214  6.49742  46.0257 -1.06818  0.392673   -1.2662 -0.505185 0.038549 0.048077 0.141315 -1.4404e-05     1.12411   0.0811064 -0.000315511  0.000175506  8.07156e-05 -0.0695242  0.0653611  0.0292439  0.350802 -0.322586  -9.79742 
             57.9999 -3.14063  2.32177  92.1121  6.49064   46.141 -1.06504  0.392673   -1.2662 -0.505185 0.038549 0.048077 0.141315 -0.0317609     1.3109 -0.0463542 -0.000313305  0.000180719  7.95359e-05 -0.0695455  0.0650156  0.0292489  0.350866 -0.322922   -9.7974 
             58.0999 -3.05631  2.24117  92.1321  6.48371  46.2733 -1.07377  0.392673   -1.2662 -0.505185 0.038549 0.048077 0.141315 -0.0180185     1.2886  0.0109133 -0.000299398  0.000177193  7.04526e-05 -0.0696839  0.0649065  0.0293751  0.350764 -0.323054   -9.7974 
             58.1999 -2.95864  3.01378  92.1372  6.47801  46.4024 -1.07834  0.392673   -1.2662 -0.505185 0.038549 0.048077 0.141315 -0.0367085    1.17114  0.0384608 -0.000292448  0.000167977  6.02771e-05 -0.0700486  0.0650458  0.0296051  0.350393 -0.322995  -9.79742 
             58.2999 -2.92573  2.93335  92.0367  6.47304  46.5173 -1.08505  0.392673   -1.2662 -0.505185 0.038549 0.048077 0.141315 -0.0279206    1.24765 -0.0414711 -0.000283017  0.000169212  6.19302e-05 -0.0699828  0.0648562  0.0298853  0.350512 -0.323156  -9.79741 
             58.3999 -2.81837   2.7931  91.9882  6.46722  46.6379 -1.09354  0.392673   -1.2662 -0.505185 0.038549 0.048077 0.141315 -0.0205893    1.15495 0.00999247 -0.000284876   0.00016666  6.18814e-05 -0.0699537  0.0646905  0.0299783   0.35058 -0.323307   -9.7974 
             58.4999 -2.7607 3.13102 92.0306  6.46448  46.7502 -1.09508  0.392673   -1.2662 -0.505185 0.038549 0.048077 0.141315 -0.00882861     1.13751   0.0441491 -0.000288525  0.000171156  5.86182e-05 -0.0700433  0.0645968  0.0301503  0.350521 -0.323413   -9.7974 
                58.6 -2.66719  2.56172  91.8104  6.45818  46.8652 -1.09431  0.392673   -1.2662 -0.505185 0.038549 0.048077 0.141315  0.016897   1.25643 0.0057258 -0.000288585  0.000187284  6.52572e-05 -0.070029 0.0642331 0.0301343  0.350606 -0.323763  -9.79738 
                58.7 -2.5717 2.68042 91.7538  6.45777  46.9871 -1.09065  0.392673   -1.2662 -0.505185 0.038549 0.048077 0.141315 0.0194488   1.24623 0.0680931 -0.000287131   0.00018057  6.06181e-05 -0.0700312  0.0640105  0.0301311 0.350648 -0.32398 -9.79738 
                58.8 -2.48984  2.82969  91.3976  6.45497  47.1085 -1.09094  0.392673   -1.2662 -0.505185 0.038549 0.048077 0.141315 -0.0170908    1.25486   0.022164 -0.000281019  0.000175109   6.7491e-05 -0.0700895  0.0638058  0.0303217  0.350641 -0.324186  -9.79737 
                58.9 -2.46616  2.86742  91.2241   6.4541  47.2345 -1.09454  0.392673   -1.2662 -0.505185 0.038549 0.048077 0.141315 -0.0176347    1.24764 -0.0695128 -0.000278569  0.000178654  6.43917e-05 -0.0700862  0.0638327  0.0304584  0.350645 -0.324157  -9.79737 
                  59 -2.44844  3.22215  91.0839 6.44973 47.3484 -1.1005  0.392673   -1.2662 -0.505185 0.038549 0.048077 0.141315 -0.0586149    1.05569  0.0356305 -0.000275942  0.000173936  6.21725e-05 -0.0701438  0.0637957  0.0306275  0.350604 -0.324202  -9.79737 
                59.1 -2.51875  3.17058  90.9845  6.44314  47.4494 -1.10676  0.392673   -1.2662 -0.505185 0.038549 0.048077 0.141315 -0.0638108    1.12593 -0.0494153 -0.000274533   0.00017783   6.2034e-05 -0.0700538  0.0635029  0.0308513  0.350757 -0.324467  -9.79736 
                59.2  -2.499 2.88006 90.9744  6.42935  47.5669 -1.11553  0.392673   -1.2662 -0.505185 0.038549 0.048077 0.141315   -0.10479    1.16484 -0.0727358 -0.000274289   0.00018437  6.40173e-05 -0.0702989  0.0633278  0.0308898  0.350552 -0.324683  -9.79736 
                59.3 -2.5776 3.24639  90.925   6.4195  47.6823 -1.12099  0.392673   -1.2662 -0.505185 0.038549 0.048077 0.141315 -0.0873051    1.08516 -0.0336926 -0.000278794  0.000165634  6.15472e-05 -0.0704418  0.0634402   0.030962  0.350397 -0.324599  -9.79736 
                59.4 -2.63707  3.06352  90.7681  6.41564  47.7919 -1.12816  0.392673   -1.2662 -0.505185 0.038549 0.048077 0.141315 -0.0651759    1.10727 -0.0813198 -0.000280544  0.000166479  6.54523e-05 -0.0703502  0.0635887  0.0310134  0.350462 -0.324438  -9.79737 
                59.5 -2.70573  2.86544  90.3039   6.4148  47.9081 -1.14291  0.392673   -1.2662 -0.505185 0.038549 0.048077 0.141315 -0.0619463    1.12886  -0.161675 -0.000280924   0.00016349  7.78505e-05 -0.0702447  0.0638243  0.0310281  0.350524 -0.324189  -9.79737 
                59.6 -2.75361  3.27703  89.7631 6.41439 48.0151 -1.1471  0.392673   -1.2662 -0.505185 0.038549 0.048077 0.141315 -0.0635015    1.01442 -0.0687353 -0.000281666  0.000138877  8.28706e-05 -0.0700434   0.064118  0.0308554  0.350662 -0.323868  -9.79738 
                59.7 -2.70784  2.94502  89.5439  6.41451  48.1155 -1.15257  0.392673   -1.2662 -0.505185 0.038549 0.048077 0.141315 -0.0239603    1.07778 -0.0891971 -0.00028862 0.000146184 7.27146e-05 -0.0696973  0.0641645   0.030783  0.350988 -0.323764  -9.79737 
                59.8 -2.70887   2.8673  89.3619 6.41825 48.2329 -1.1534  0.392673   -1.2662 -0.505185 0.038549 0.048077 0.141315 -0.0236174    1.13064 -0.0651057 -0.000290474  0.000147369  6.99992e-05 -0.069686  0.064597 0.0305076  0.350915 -0.323341  -9.79739 
                59.9 -2.71858  2.94729  88.9361  6.42258  48.3528 -1.15511  0.392673   -1.2662 -0.505185 0.038549 0.048077 0.141315 -0.000602223      1.11671   -0.0517564 -0.000290519  0.000144792  7.54587e-05 -0.0696557   0.065059  0.0303404  0.350864 -0.322886   -9.7974 
                  60 -2.75509  3.00754  88.6901  6.42679  48.4719 -1.15885  0.392673   -1.2662 -0.505185 0.038549 0.048077 0.141315  0.0283596    1.12199 -0.0991487 -0.000287577  0.000142318  7.55978e-05 -0.0696889  0.0654656  0.0302283  0.350767 -0.322494  -9.79742 
                60.1 -2.75492  3.09977  88.4804 6.43377 48.5839 -1.1608  0.392673   -1.2662 -0.505185 0.038549 0.048077 0.141315    0.056619    0.991825 -0.00879994 -0.000282747  0.000139895  7.55356e-05 -0.0697188  0.0657578  0.0300529  0.350687 -0.322212  -9.79743 
                60.2 -2.67693  3.23065    87.99   6.4432  48.6897 -1.15787  0.392673   -1.2662 -0.505185 0.038549 0.048077 0.141315  0.0635465    1.04803 -0.0519666 -0.000285283  0.000144358  8.82706e-05 -0.0697613  0.0661626  0.0299674  0.350589 -0.321822  -9.79745 
                60.3 -2.68562  2.67349  87.6524  6.45214   48.797 -1.16315  0.392673   -1.2662 -0.505185 0.038549 0.048077 0.141315  0.0673153    1.08932 -0.0462175 -0.000276575  0.000154352  8.35417e-05 -0.0696235  0.0661696  0.0298934  0.350718 -0.321798  -9.79744 
                60.4 -2.60242  3.00686  87.3448 6.45951 48.9087 -1.1618  0.392673   -1.2662 -0.505185 0.038549 0.048077 0.141315  0.0661152     1.0362 0.00872177 -0.00027512 0.000146283 7.87038e-05 -0.0697797   0.066322  0.0297578   0.35054 -0.321666  -9.79746 
                60.5 -2.54572  2.94047  86.9508   6.4701  49.0202 -1.15655  0.392673   -1.2662 -0.505185 0.038549 0.048077 0.141315   0.102028     1.1209 0.00341723 -0.000272103  0.000154408   8.0448e-05 -0.069861 0.0666082 0.0296446  0.350424 -0.321393  -9.79747 
                60.6 -2.48295   2.5519  86.5553  6.47931    49.14 -1.15972  0.392673   -1.2662 -0.505185 0.038549 0.048077 0.141315   0.108219    1.12686 -0.0645245 -0.000266156  0.000164944  8.40114e-05 -0.0699035  0.0667312  0.0295064  0.350362 -0.321276  -9.79747 
                60.7 -2.43152  3.25246   86.402  6.48644  49.2465 -1.15942  0.392673   -1.2662 -0.505185 0.038549 0.048077 0.141315 0.0297992  0.972659 0.0356932 -0.000260718  0.000142066   7.6318e-05 -0.0699999  0.0668603  0.0295174  0.350259 -0.321155  -9.79748 
                60.8 -2.49979  2.82048  86.1896  6.49004  49.3473 -1.16234  0.392673   -1.2662 -0.505185 0.038549 0.048077 0.141315  0.0164216     1.1019 -0.0360878 -0.000254135  0.000159241  7.95377e-05 -0.0700117  0.0667711  0.0296161  0.350257 -0.321244  -9.79748 
             60.8999 -2.44842  2.46835  86.1263  6.49269  49.4669 -1.16679  0.392673   -1.2662 -0.505185 0.038549 0.048077 0.141315 -0.0115204     1.1776 -0.0598331 -0.000254936  0.000165662  7.26376e-05  -0.07008 0.0668954 0.0295699  0.350179 -0.321126  -9.79749 
             60.9999 -2.52958  2.69704  86.1526  6.49391  49.5852 -1.17083  0.392673   -1.2662 -0.505185 0.038549 0.048077 0.141315 -0.0112882    1.13267 -0.0252612 -0.000255522  0.000153357  6.51842e-05 -0.0700744  0.0669906  0.0295606  0.350181 -0.321032  -9.79749 
             61.0999 -2.6116 2.77136 86.2515  6.49372  49.7082 -1.17585  0.392673   -1.2662 -0.505185 0.038549 0.048077 0.141315 -0.0442699     1.1624 -0.0908278 -0.000256961  0.000151476  6.23289e-05 -0.0702535  0.0671944  0.0295847  0.349998 -0.320839   -9.7975 
             61.1999 -2.73255  2.83883  86.2947  6.49249  49.8247 -1.18258  0.392673   -1.2662 -0.505185 0.038549 0.048077 0.141315 0.0150437   1.04334 0.0547422 -0.000256401  0.000148722    5.881e-05 -0.0703593  0.0673498   0.029688 0.349894 -0.32069 -9.79751 
                61.3 -2.72816  2.77818  86.3862  6.50058  49.9399 -1.18237  0.392673   -1.2662 -0.505185 0.038549 0.048077 0.141315  0.0341706    1.17726 -0.0296887 -0.000266105  0.000156129  5.72939e-05 -0.0703681  0.0676909  0.0297961  0.349881 -0.320355  -9.79752 
                61.4 -2.72976  2.37235  86.1989  6.50589  50.0612 -1.18292  0.392673   -1.2662 -0.505185 0.038549 0.048077 0.141315 -0.00310611     1.15213  -0.0141726 -0.000264075  0.000160206  6.83994e-05 -0.0702912  0.0678139  0.0296522  0.349947 -0.320231  -9.79752 
                61.5 -2.79236  2.83835  86.1895  6.51575  50.1792 -1.18067  0.392673   -1.2662 -0.505185 0.038549 0.048077 0.141315 0.0673222   1.03034 0.0549189 -0.000260907  0.000141931  6.17346e-05 -0.0703787  0.0682436  0.0296817  0.349852 -0.319809  -9.79754 
                61.6 -2.82908  2.48638  85.9916  6.52476  50.2887 -1.17487  0.392673   -1.2662 -0.505185 0.038549 0.048077 0.141315 0.0481324   1.15119 0.0148186 -0.000261382  0.000154455  6.59237e-05 -0.0704174  0.0683875  0.0296881   0.34981 -0.319668  -9.79755 
                61.7 -2.74969  1.94354  85.8594  6.53249  50.4088 -1.18621  0.392673   -1.2662 -0.505185 0.038549 0.048077 0.141315  0.0273295    1.21401 -0.0781293 -0.000261846  0.000154738  6.84935e-05 -0.0702657  0.0684082  0.0298261  0.349966 -0.319644  -9.79754 
                61.8 -2.80413  2.79466  85.8635   6.5345   50.531 -1.18593  0.392673   -1.2662 -0.505185 0.038549 0.048077 0.141315 0.0110375    1.1301 0.0178377 -0.000262655   0.00013923  6.40592e-05 -0.0704753  0.0686016  0.0298183  0.349756 -0.319457  -9.79756 
                61.9 -2.84594  2.55489  85.9465  6.53833  50.6483 -1.19024  0.392673   -1.2662 -0.505185 0.038549 0.048077 0.141315 -0.00566084      1.2301   -0.042247 -0.000261789  0.000154317  6.04661e-05 -0.0704632  0.0686597  0.0299745  0.349774 -0.319399  -9.79756 
                  62 -2.80942  2.47952  86.0626  6.53839   50.775 -1.19712  0.392673   -1.2662 -0.505185 0.038549 0.048077 0.141315 -0.00509017     1.25042  -0.0250315 -0.000261235  0.000157726  6.15467e-05 -0.0704932   0.068717  0.0300846  0.349749 -0.319342  -9.79756 
                62.1 -2.92611  2.69533  86.2223  6.54233  50.9013 -1.19891  0.392673   -1.2662 -0.505185 0.038549 0.048077 0.141315  -0.0194764     1.19765 -0.00499365 -0.000256291  0.000150051  5.69103e-05 -0.0704603  0.0689501  0.0300911  0.349777 -0.319112  -9.79757 
                62.2 -2.97357  2.67026   86.362  6.54364   51.021 -1.20168  0.392673   -1.2662 -0.505185 0.038549 0.048077 0.141315 -0.0182633    1.14204 -0.0137438 -0.000254108  0.000156179  5.78933e-05 -0.0704288  0.0690904  0.0301274  0.349808 -0.318972  -9.79757 
                62.3 -3.01022  2.58257  86.5197  6.54502  51.1328 -1.20256  0.392673   -1.2662 -0.505185 0.038549 0.048077 0.141315 -0.00589523     1.16216  -0.0401342 -0.000254896  0.000156999  5.96306e-05 -0.0703438  0.0691068  0.0301567  0.349893 -0.318954  -9.79757 
                62.4 -3.02693  2.32879  86.5069  6.54781  51.2554 -1.21062  0.392673   -1.2662 -0.505185 0.038549 0.048077 0.141315 -0.0165532    1.09765 -0.0519046 -0.000252325  0.000153075  6.67039e-05 -0.0704067  0.0694151  0.0302273 0.349828 -0.31865 -9.79758 
                62.5 -3.06003  2.61836   86.472  6.55316    51.36 -1.21199  0.392673   -1.2662 -0.505185 0.038549 0.048077 0.141315 -0.0330664   0.926932  -0.021918 -0.000255839  0.000145849   6.5174e-05 -0.0703288  0.0697173  0.0301844 0.349895 -0.31835 -9.79759 
                62.6 -2.9705 2.43632 86.4193  6.55745  51.4503 -1.21337  0.392673   -1.2662 -0.505185 0.038549 0.048077 0.141315  0.0164379   0.929894 0.00764403 -0.000258664  0.000148438  6.76238e-05 -0.0701438  0.0698964  0.0302108  0.350073 -0.318167  -9.79759 
                62.7 -2.9164 1.92023 86.3374  6.56593   51.556 -1.21093  0.392673   -1.2662 -0.505185 0.038549 0.048077 0.141315 0.0561805   1.12766 -0.135835 -0.000262371  0.000158082  7.26434e-05 -0.0699961  0.0702145   0.030074 0.350201 -0.31785 -9.79759 
                62.8 -2.86758  1.96816  86.4036  6.57446   51.668 -1.21895  0.392673   -1.2662 -0.505185 0.038549 0.048077 0.141315   0.0117897     1.01384 -0.00281579 -0.000261635  0.000142594  7.21345e-05 -0.0699187  0.0704308   0.030053  0.350269 -0.317634   -9.7976 
                62.9 -2.84008   2.4253  86.3848  6.57842  51.7772 -1.21732  0.392673   -1.2662 -0.505185 0.038549 0.048077 0.141315 -0.0167635   0.997886 -0.0386523 -0.000259543  0.000138147  7.19037e-05 -0.0700965  0.0707812  0.0299272  0.350077 -0.317297  -9.79761 
                  63 -2.86072  2.27204  86.3256  6.58316  51.8793 -1.21613  0.392673   -1.2662 -0.505185 0.038549 0.048077 0.141315  0.0229788    1.00551 -0.0158739 -0.000260505  0.000136741   7.3616e-05 -0.0700805   0.070932  0.0298023  0.350082 -0.317149  -9.79762 
                63.1 -2.75887  2.37971  86.3728  6.59072  51.9838 -1.21285  0.392673   -1.2662 -0.505185 0.038549 0.048077 0.141315 0.0749336   1.05775 0.0155147 -0.000261959  0.000132154  6.93339e-05 -0.0700484  0.0711305  0.0297529  0.350104 -0.316954  -9.79762 
                63.2 -2.71918  2.23583  86.2548  6.60009  52.0914 -1.21611  0.392673   -1.2662 -0.505185 0.038549 0.048077 0.141315 0.0462136   1.08422 0.0274156 -0.000258294  0.000137899  7.15182e-05 -0.0699847  0.0712384  0.0298892   0.35017 -0.316842  -9.79763 
                63.3 -2.78618  2.31312  86.0544  6.60422  52.2023 -1.21348  0.392673   -1.2662 -0.505185 0.038549 0.048077 0.141315  0.0785493    1.11235 -0.0362851 -0.000253175  0.000134974  7.88211e-05 -0.0701215  0.0711903  0.0298399  0.350035 -0.316895  -9.79763 
                63.4 -2.71296  2.33168  85.6814  6.61824  52.3142 -1.21533  0.392673   -1.2662 -0.505185 0.038549 0.048077 0.141315 0.0973307   1.05254 0.0228425 -0.000258255  0.000129153  8.25404e-05 -0.0701202  0.0714058  0.0299268  0.350034 -0.316681  -9.79764 
             63.5001 -2.73208   2.1803  84.8735  6.63628  52.4251 -1.22107  0.392673   -1.2662 -0.505185 0.038549 0.048077 0.141315    0.18657    1.12862 -0.0767922 -0.000257098  0.000134643  9.77705e-05 -0.0701547  0.0715687  0.0300764  0.350002 -0.316519  -9.79764 
             63.6001 -2.68573   2.0639  83.6666  6.65543  52.5327 -1.23014  0.392673   -1.2662 -0.505185 0.038549 0.048077 0.141315   0.159658   0.992843 -0.0329325 -0.000257433  0.000126274  0.000110559 -0.0700343  0.0716401  0.0301464  0.350123 -0.316444  -9.79764 
                63.7 -2.54881  2.31151  82.8101  6.67832  52.6332 -1.23055  0.392673   -1.2662 -0.505185 0.038549 0.048077 0.141315   0.215974   0.994119 -0.0209627 -0.00026478 0.000128443 0.000106989 -0.0699275   0.071938  0.0300897  0.350224 -0.316152  -9.79765 
                63.8 -2.58106  1.84433  82.0464  6.70452  52.7397 -1.22924  0.392673   -1.2662 -0.505185 0.038549 0.048077 0.141315   0.215751     1.1205 -0.0508049 -0.000267475  0.000137104  0.000106451 -0.0698821  0.0720769  0.0299508  0.350265 -0.316018  -9.79765 
                63.9 -2.49254  1.73084  81.1707  6.72924   52.866 -1.23634  0.392673   -1.2662 -0.505185 0.038549 0.048077 0.141315   0.191536    1.16405 -0.0842428  -0.0002674 0.000136292 0.000107094 -0.0700588  0.0723459  0.0298505 0.350096 -0.31575 -9.79766 
                  64 -2.45616  2.27793  80.4906   6.7508  52.9823 -1.23431  0.392673   -1.2662 -0.505185 0.038549 0.048077 0.141315    0.174309     1.06811 -0.00888287 -0.000264362  0.000127264  9.87131e-05 -0.0701415  0.0725568  0.0296978  0.350023 -0.315541  -9.79767 
                64.1 -2.48683  1.96277  79.9438  6.76598  53.0962 -1.23908  0.392673   -1.2662 -0.505185 0.038549 0.048077 0.141315   0.129081    1.09916 -0.0761386 -0.000264311  0.000139967  9.28119e-05 -0.070275 0.0726053 0.0296663  0.349892 -0.315482  -9.79768 
             64.1999 -2.47517   2.0677  79.8469   6.7827  53.2086 -1.24633  0.392673   -1.2662 -0.505185 0.038549 0.048077 0.141315   0.138757    1.07564 -0.0597976 -0.000260443  0.000132399  7.29996e-05 -0.0702792  0.0727625  0.0296657  0.349908 -0.315331  -9.79768 
             64.2999 -2.44943  2.16936  79.8876  6.80155  53.3185 -1.24279  0.392673   -1.2662 -0.505185 0.038549 0.048077 0.141315   0.193032    1.10425 -0.0280269 -0.000264431   0.00013302  6.69694e-05 -0.0702783  0.0729023  0.0294531  0.349926 -0.315201  -9.79769 
             64.3999 -2.43079  2.01818   79.798  6.81968  53.4329 -1.24536  0.392673   -1.2662 -0.505185 0.038549 0.048077 0.141315    0.17891    1.13854 -0.0889015 -0.000258957  0.000130221  6.50814e-05 -0.0702989  0.0729519  0.0293838  0.349914 -0.315148  -9.79769 
             64.4999 -2.51491   2.2537   79.795  6.83981  53.5393 -1.24874  0.392673   -1.2662 -0.505185 0.038549 0.048077 0.141315  0.207685  0.907294 0.0392921 -0.000251856  0.000127132  6.29914e-05 -0.0702695   0.073009   0.029321  0.349952 -0.315099  -9.79769 
                64.6 -2.3789 2.51266 79.8359  6.85855  53.6388 -1.23467  0.392673   -1.2662 -0.505185 0.038549 0.048077 0.141315  0.181673   0.94807 0.0822208 -0.00026757 0.000139396 5.76095e-05 -0.0704874  0.0731841  0.0291159  0.349782 -0.314884   -9.7977 
                64.7 -2.40177  1.87472  79.8038  6.88141  53.7392 -1.23219  0.392673   -1.2662 -0.505185 0.038549 0.048077 0.141315   0.263562    1.10305 -0.0490643 -0.000260091  0.000145056  5.94166e-05 -0.0704227  0.0731372  0.0290808  0.349828 -0.314944   -9.7977 
                64.8 -2.35836  2.05519  79.3714  6.90578  53.8522 -1.23384  0.392673   -1.2662 -0.505185 0.038549 0.048077 0.141315  0.279443   1.06576 0.0111897 -0.00025707 0.000141461 7.38247e-05 -0.070505 0.0731788 0.0291216  0.349764 -0.314881   -9.7977 
                64.9 -2.36667  2.24228  79.0345  6.93121  53.9623 -1.23473  0.392673   -1.2662 -0.505185 0.038549 0.048077 0.141315   0.282531    1.07864 0.00194281 -0.000254397  0.000143997  7.89779e-05 -0.0706127  0.0731873  0.0291973  0.349668 -0.314843  -9.79771 
                  65 -2.35807  2.14595  78.7514  6.95746  54.0721 -1.24076  0.392673   -1.2662 -0.505185 0.038549 0.048077 0.141315   0.252201    1.09488 -0.0501601 -0.000247144  0.000145337   7.6106e-05 -0.0706392  0.0731763  0.0293102  0.349643 -0.314847  -9.79771 
                65.1 -2.3826 2.26527 78.5294  6.97856  54.1802 -1.24438  0.392673   -1.2662 -0.505185 0.038549 0.048077 0.141315   0.241861    1.03675 0.00106412 -0.000244198  0.000141323   7.6877e-05 -0.0707648  0.0730875   0.029352  0.349501 -0.314892  -9.79771 
                65.2 -2.38512  2.24823  78.2631  6.99927   54.289 -1.24603  0.392673   -1.2662 -0.505185 0.038549 0.048077 0.141315   0.241464    1.07175 -0.0204131 -0.00024639 0.000152067 7.90932e-05 -0.0709212  0.0730708  0.0293973  0.349353 -0.314859  -9.79772 
                65.3 -2.36777  2.03888  78.2009  7.02061  54.4008 -1.25013  0.392673   -1.2662 -0.505185 0.038549 0.048077 0.141315   0.236287    1.12037 -0.0246149 -0.000240747  0.000152446  7.36615e-05 -0.0709915  0.0730244  0.0294324 0.349273 -0.31488 -9.79772 
                65.4 -2.37737  2.16375  78.0271  7.04042   54.515 -1.25261  0.392673   -1.2662 -0.505185 0.038549 0.048077 0.141315   0.235253    1.09985 -0.0447085 -0.000238494  0.000144532  7.71093e-05 -0.0710883  0.0729856  0.0294064  0.349171 -0.314882  -9.79772 
                65.5 -2.40037  2.26674  77.9806 7.06178 54.6211 -1.2552  0.392673   -1.2662 -0.505185 0.038549 0.048077 0.141315   0.232729    1.05793 -0.0536843 -0.000236364  0.000144008  7.36569e-05 -0.0710701  0.0729116  0.0293961  0.349162 -0.314956  -9.79772 
                65.6 -2.45153  2.24582  77.7167  7.08222  54.7196 -1.26035  0.392673   -1.2662 -0.505185 0.038549 0.048077 0.141315  0.151107  0.912063 0.0566912 -0.000231756  0.000145431  8.29311e-05 -0.0710675  0.0728794  0.0294774  0.349155 -0.314987  -9.79772 
                65.7 -2.42286  2.15547  77.4466  7.10222  54.8162 -1.25262  0.392673   -1.2662 -0.505185 0.038549 0.048077 0.141315    0.15886    1.02184 -0.0335433 -0.000236629   0.00015939   8.0619e-05 -0.0710948   0.072988  0.0293459  0.349165 -0.314876  -9.79773 
                65.8 -2.43726  1.66011  77.3837  7.11803  54.9247 -1.26589  0.392673   -1.2662 -0.505185 0.038549 0.048077 0.141315  0.152739   1.06009 -0.133087 -0.000213918  0.000153472  7.06516e-05 -0.0711217  0.0730112  0.0294411  0.349152 -0.314846  -9.79773 
                65.9 -2.48325  2.16435  77.4372 7.13194 55.0294 -1.2677  0.392673   -1.2662 -0.505185 0.038549 0.048077 0.141315   0.143229   0.942089 -0.0358822 -0.000226898  0.000142249  6.54031e-05 -0.0711913  0.0731069  0.0292962  0.349124 -0.314731  -9.79773 
                  66 -2.49288  2.06024   77.561  7.14593  55.1263 -1.26863  0.392673   -1.2662 -0.505185 0.038549 0.048077 0.141315   0.143839   0.961312 -0.0330807 -0.000236677  0.000151733  6.48304e-05 -0.0712294  0.0731702  0.0292014  0.349112 -0.314659  -9.79773 
                66.1 -2.53954  1.82534  77.6541  7.16752  55.2309 -1.27051  0.392673   -1.2662 -0.505185 0.038549 0.048077 0.141315   0.115553     1.0737 -0.0957463 -0.000231576  0.000153567  6.44713e-05 -0.0712112  0.0733686  0.0290389  0.349204 -0.314487  -9.79774 
                66.2 -2.55111  2.02984  77.6512  7.18677  55.3418 -1.28067  0.392673   -1.2662 -0.505185 0.038549 0.048077 0.141315   0.105906    0.98264 -0.0752028 -0.000229056  0.000147042  6.73006e-05 -0.0712625  0.0735992  0.0290453  0.349254 -0.314261  -9.79774 
                66.3 -2.58715  2.43915  77.7641  7.20251  55.4408 -1.27616  0.392673   -1.2662 -0.505185 0.038549 0.048077 0.141315   0.164652   0.894485 -0.0304757 -0.000251305  0.000143734  6.48376e-05 -0.0713577  0.0737737  0.0287936  0.349235 -0.314065  -9.79775 
                66.4 -2.55656  2.13066  77.9383  7.22215  55.5326 -1.27916  0.392673   -1.2662 -0.505185 0.038549 0.048077 0.141315   0.156072   0.999121 -0.0764069 -0.000255043  0.000157909  6.38687e-05 -0.0712847  0.0738961  0.0287628  0.349348 -0.313986  -9.79775 
                66.5 -2.56572   1.9806  78.1501  7.23948  55.6384 -1.28259  0.392673   -1.2662 -0.505185 0.038549 0.048077 0.141315   0.118009    1.03422 -0.0682518 -0.000249514  0.000159028  6.20616e-05 -0.071319 0.0740166 0.0286705  0.349364 -0.313864  -9.79775 
             66.5999 -2.59558  2.15611  78.6224  7.25922  55.7431 -1.28214  0.392673   -1.2662 -0.505185 0.038549 0.048077 0.141315   0.120183    1.00981 -0.0444671 -0.000249766  0.000154509  5.00075e-05 -0.0712924  0.0742195  0.0284923  0.349464 -0.313691  -9.79775 
                66.7 -2.5894 2.22134 78.9619  7.27371  55.8507 -1.28347  0.392673   -1.2662 -0.505185 0.038549 0.048077 0.141315  0.0943124   0.999425 -0.0304149 -0.000255434   0.00014142  5.15099e-05 -0.0714019  0.0743735   0.028399  0.349424 -0.313508  -9.79776 
                66.8 -2.53432  2.19728  79.4587  7.28522  55.9579 -1.28224  0.392673   -1.2662 -0.505185 0.038549 0.048077 0.141315   0.112968   0.981512 -0.0379961 -0.000259457  0.000144135  4.89158e-05 -0.071541 0.0744755 0.0282325 0.349334 -0.31336 -9.79777 
                66.9 -2.53927   2.2792  79.8286  7.29969  56.0588 -1.28181  0.392673   -1.2662 -0.505185 0.038549 0.048077 0.141315    0.158951    0.885724 -0.00653614 -0.000260137  0.000142786  4.87639e-05 -0.071633 0.0746111 0.0281193 0.349297  -0.3132 -9.79777 
                  67 -2.51484  2.33752  80.1001  7.30979  56.1453 -1.27512  0.392673   -1.2662 -0.505185 0.038549 0.048077 0.141315  0.0524866   0.875343 0.00209741 -0.000261887  0.000143296  5.40203e-05 -0.071653 0.0746098 0.0279779  0.349272 -0.313193  -9.79778 
                67.1 -2.50426  2.04168  80.6841  7.31706  56.2315 -1.27521  0.392673   -1.2662 -0.505185 0.038549 0.048077 0.141315  0.0349567   0.918433 -0.0666033 -0.000248932  0.000142815  3.63322e-05 -0.0715351   0.074622  0.0279145 0.349382 -0.31322 -9.79777 
             67.1999 -2.51774   2.1555  81.4882  7.32007  56.3282 -1.27852  0.392673   -1.2662 -0.505185 0.038549 0.048077 0.141315  0.0512441   0.915254 -0.0830393 -0.000248091  0.000140098  3.01263e-05 -0.0716601  0.0746566  0.0278101  0.349274 -0.313148  -9.79778 
                67.3 -2.57124   2.2734  82.1687  7.32187   56.424 -1.28678  0.392673   -1.2662 -0.505185 0.038549 0.048077 0.141315  0.0181489   0.905379 -0.0507073 -0.000246424  0.000135935  3.44007e-05 -0.071821 0.0746967 0.0278197  0.349137 -0.313066  -9.79778 
                67.4 -2.56521    2.322  82.7471  7.32586  56.5215 -1.28819  0.392673   -1.2662 -0.505185 0.038549 0.048077 0.141315   0.041884   0.964326 -0.0702258 -0.000251386  0.000133174  3.69379e-05 -0.0719135  0.0748192  0.0276969  0.349075 -0.312924  -9.79779 
                67.5 -2.58135  2.34578  83.2447  7.33453  56.6197 -1.29208  0.392673   -1.2662 -0.505185 0.038549 0.048077 0.141315   0.100173   0.923427 -0.0431127 -0.000254271  0.000128779  4.10787e-05 -0.0720157  0.0749067  0.0276477  0.348995 -0.312816   -9.7978 
             67.6001 -2.4888 2.37366 83.1708  7.34327   56.713 -1.29546  0.392673   -1.2662 -0.505185 0.038549 0.048077 0.141315   0.092724   0.877476 -0.0716071 -0.000263973  0.000129248  6.11096e-05 -0.0720622  0.0749679  0.0275763  0.348956 -0.312746   -9.7978 
             67.7001 -2.48394  2.66184  83.1372  7.34919  56.7911 -1.29548  0.392673   -1.2662 -0.505185 0.038549 0.048077 0.141315  0.0720699   0.638698 0.00621154 -0.000274767  0.000126202  6.16053e-05 -0.072131 0.0749495 0.0274936  0.348882 -0.312751   -9.7978 
             67.8001 -2.51026  2.65016  83.0356  7.35591  56.8392 -1.29517  0.392673   -1.2662 -0.505185 0.038549 0.048077 0.141315 0.0385505  0.411608 0.0209499 -0.000272788  0.000128459  6.44974e-05 -0.0719684  0.0748557  0.0274333  0.349024 -0.312865  -9.79779 
                67.9 -2.4855 2.68996  82.896  7.36024  56.8688 -1.28647  0.392673   -1.2662 -0.505185 0.038549 0.048077 0.141315 0.0204594  0.312116 -0.013492 -0.000279295  0.000129699  6.57234e-05 -0.0717989  0.0747981  0.0272296 0.349171 -0.31294 -9.79779 
                  68 -2.48188  2.43861  82.8081  7.36124  56.8915 -1.28934  0.392673   -1.2662 -0.505185 0.038549 0.048077 0.141315 -0.00394871    0.173088 -0.00542379 -0.00027723 0.000130237 6.61517e-05 -0.0717613  0.0747263  0.0272698  0.349202 -0.313015  -9.79778 
                68.1 -2.45834  2.53013   82.718  7.36255  56.8996 -1.29186  0.392673   -1.2662 -0.505185 0.038549 0.048077 0.141315  -0.0100372 -0.00598067 -0.00582969 -0.000276815  0.000127947  6.56981e-05 -0.0716579  0.0747416  0.0272932 0.349304 -0.31301 -9.79778 
                68.2 -2.4631 2.63213  82.725  7.36235  56.8936 -1.28814  0.392673   -1.2662 -0.505185 0.038549 0.048077 0.141315 -0.046896 -0.129554 0.0282246 -0.000275951  0.000123754  6.27414e-05 -0.071633 0.0748132 0.0271936  0.349331 -0.312942  -9.79778 
                68.3 -2.4813 2.47795 82.7584  7.36384    56.88 -1.28619  0.392673   -1.2662 -0.505185 0.038549 0.048077 0.141315 0.00345759 -0.0527135  -0.017058 -0.000273415  0.000128545  5.75033e-05 -0.0715072  0.0748409  0.0272037  0.349456 -0.312927  -9.79778 
                68.4 -2.49112  2.27575  82.6669  7.36281  56.8777 -1.28963  0.392673   -1.2662 -0.505185 0.038549 0.048077 0.141315  -0.0185682  -0.0652414 -0.00852024 -0.000268202  0.000121614  6.57882e-05 -0.0715537  0.0749104  0.0272609  0.349421 -0.312855  -9.79778 
                68.5 -2.49456  2.37498   82.762  7.36492  56.8743 -1.28864  0.392673   -1.2662 -0.505185 0.038549 0.048077 0.141315  -0.0132987  -0.0642762 -0.00138941 -0.000268042  0.000120719  5.93038e-05 -0.0715774  0.0750654  0.0272258  0.349412 -0.312701  -9.79779 
                68.6 -2.49613  2.34089  82.7381  7.36635  56.8733 -1.28879  0.392673   -1.2662 -0.505185 0.038549 0.048077 0.141315 -0.00833485  -0.0625009  0.00150387 -0.000266929   0.00012002  5.96014e-05 -0.0716438  0.0752184  0.0272214  0.349363 -0.312546  -9.79779 
                68.7 -2.50307  2.36707  82.7439  7.36635  56.8719 -1.28804  0.392673   -1.2662 -0.505185 0.038549 0.048077 0.141315 -0.00987325  -0.0583043 -0.00229095 -0.000264321  0.000116329  6.09705e-05 -0.0717347  0.0753286  0.0271987  0.349285 -0.312428   -9.7978 
                68.8 -2.50558  2.36084  82.7418  7.36486  56.8736 -1.29018  0.392673   -1.2662 -0.505185 0.038549 0.048077 0.141315 -0.00923405  -0.0516971  -0.0103487 -0.000263377  0.000116419  6.10329e-05 -0.0719168  0.0754409  0.0272316 0.349122  -0.3123 -9.79781 
                68.9 -2.51397  2.36098  82.7339  7.36643   56.871 -1.28728  0.392673   -1.2662 -0.505185 0.038549 0.048077 0.141315 -0.00614603  -0.0483643 -0.00163427 -0.000260826  0.000116029  6.33429e-05  -0.07192  0.075545 0.0271397  0.349126 -0.312197  -9.79781 
                  69 -2.51582  2.35502  82.7342  7.36656  56.8718 -1.28552  0.392673   -1.2662 -0.505185 0.038549 0.048077 0.141315 -0.00813479  -0.0416603  0.00456579 -0.000260094  0.000118073  6.39066e-05 -0.0720291   0.075664  0.0270925  0.349032 -0.312069  -9.79782 
                69.1 -2.51905  2.34818  82.7391  7.36697  56.8752 -1.28401  0.392673   -1.2662 -0.505185 0.038549 0.048077 0.141315 -0.00888937  -0.0352351   0.0106898 -0.000258798  0.000117825  6.19911e-05 -0.072173 0.0758235  0.027062  0.348909 -0.311898  -9.79783 
                69.2 -2.51773   2.3546  82.7352   7.3667  56.8757 -1.28178  0.392673   -1.2662 -0.505185 0.038549 0.048077 0.141315 -0.0096146 -0.0318111  0.0185337 -0.000258213  0.000115983  6.21934e-05 -0.0722494  0.0759067  0.0270303  0.348843 -0.311808  -9.79783 
                69.3 -2.51965  2.35812    82.74  7.36641  56.8763 -1.28007  0.392673   -1.2662 -0.505185 0.038549 0.048077 0.141315 -0.0126569 -0.0306664  0.0191993 -0.000256385  0.000114595  6.13777e-05 -0.0723188  0.0759892   0.027031 0.348785 -0.31172 -9.79784 
                69.4 -2.53527  2.34945  82.7419  7.36675  56.8777 -1.27929  0.392673   -1.2662 -0.505185 0.038549 0.048077 0.141315 -0.0108975 -0.0300664  0.0100169 -0.000252725  0.000116917  6.09262e-05 -0.0723902  0.0761029  0.0270525   0.34873 -0.311601  -9.79785 
                69.5 -2.53991   2.3435   82.742  7.36697  56.8774 -1.28032  0.392673   -1.2662 -0.505185 0.038549 0.048077 0.141315 -0.00752174  -0.0278713  0.00472652 -0.000251058  0.000117535  6.12485e-05 -0.0724333  0.0761764  0.0271048  0.348699 -0.311525  -9.79785 
                69.6 -2.52617  2.34875  82.7465  7.36866  56.8771 -1.28315  0.392673   -1.2662 -0.505185 0.038549 0.048077 0.141315 -0.00410676  -0.0278436  0.00454605 -0.000253643  0.000118682  6.02403e-05 -0.0724501  0.0762755  0.0271952  0.348698 -0.311427  -9.79785 
                69.7 -2.51991  2.35493  82.7476   7.3687  56.8813 -1.28456  0.392673   -1.2662 -0.505185 0.038549 0.048077 0.141315 -0.00532961  -0.0206921 0.000734138 -0.000254121  0.000117256  5.99704e-05 -0.0725957  0.0764011  0.0272345  0.348573 -0.311289  -9.79786 
                69.8 -2.52391  2.34422  82.7427  7.36763  56.8815 -1.28583  0.392673   -1.2662 -0.505185 0.038549 0.048077 0.141315 -0.00809497  -0.0211558 0.000825236 -0.00025342   0.0001193 6.11434e-05 -0.0726608  0.0764285  0.0272653  0.348514 -0.311255  -9.79786 
                69.9 -2.5294 2.34425 82.7425  7.36753   56.883 -1.28533  0.392673   -1.2662 -0.505185 0.038549 0.048077 0.141315 -0.00888976  -0.0170951  0.00483887 -0.000251209  0.000119231  6.02615e-05 -0.0727277  0.0765065  0.0272557  0.348458 -0.311171  -9.79787 
                  70 -2.53216  2.33983   82.743  7.36747  56.8831 -1.28396  0.392673   -1.2662 -0.505185 0.038549 0.048077 0.141315 -0.0116719 -0.0209999 0.00707677 -0.000249426  0.000119708  5.99638e-05 -0.0727518  0.0765644  0.0272348   0.34844 -0.311112  -9.79787 
                70.1 -2.5305 2.33902 82.7358  7.36712  56.8821 -1.28364  0.392673   -1.2662 -0.505185 0.038549 0.048077 0.141315 -0.0094453 -0.0267321 0.00480698 -0.000250067  0.000119574  6.19658e-05 -0.0727689  0.0766073  0.0272401  0.348429 -0.311068  -9.79787 
                70.2 -2.52893  2.34971   82.745  7.36594  56.8829 -1.28208  0.392673   -1.2662 -0.505185 0.038549 0.048077 0.141315 -0.0107492 -0.0238234  0.0080564 -0.000249915  0.000116346  6.03595e-05 -0.0728465  0.0766576  0.0272101 0.348358 -0.31101 -9.79788 
                70.3 -2.52314  2.35382  82.7489 7.36701 56.8824 -1.2821  0.392673   -1.2662 -0.505185 0.038549 0.048077 0.141315 -0.00877885  -0.0241158  0.00592437 -0.000250731  0.000117156  5.94982e-05 -0.0728488  0.0767403  0.0272304 0.348366 -0.31093 -9.79788 
                70.4 -2.52971  2.34283  82.7433  7.36607  56.8824 -1.28108  0.392673   -1.2662 -0.505185 0.038549 0.048077 0.141315 -0.0106872 -0.0247326 0.00203658 -0.000249656  0.000119559  6.09161e-05 -0.0729029  0.0767841  0.0272131  0.348318 -0.310881  -9.79788 
                70.5 -2.53482  2.35567  82.7426  7.36656  56.8808 -1.28156  0.392673   -1.2662 -0.505185 0.038549 0.048077 0.141315 -0.00877003  -0.0267319   0.0033588 -0.000247878  0.000115942  6.08345e-05 -0.0729016  0.0768372  0.0272384 0.348327 -0.31083 -9.79788 
                70.6 -2.53478  2.36266  82.7381  7.36612  56.8795 -1.28013  0.392673   -1.2662 -0.505185 0.038549 0.048077 0.141315 -0.0119839 -0.0289898 0.00886314 -0.000247277   0.00011513  6.17578e-05 -0.0729226  0.0768771  0.0272166   0.34831 -0.310788  -9.79789 
                70.7 -2.53164  2.36823  82.7441 7.36575 56.8791 -1.2793  0.392673   -1.2662 -0.505185 0.038549 0.048077 0.141315  -0.012283  -0.031976 0.00690097 -0.000248064    0.0001143  6.05985e-05 -0.0729619  0.0769408  0.0272147  0.348279 -0.310722  -9.79789 
                70.8 -2.5396 2.36367  82.742 7.36639 56.8807 -1.2783  0.392673   -1.2662 -0.505185 0.038549 0.048077 0.141315 -0.00834678  -0.0281105  0.00812644 -0.000245754  0.000114835  6.10601e-05 -0.0730333  0.0770583  0.0272028  0.348223 -0.310599   -9.7979 
                70.9 -2.52752  2.36823  82.7463  7.36693  56.8798 -1.27885  0.392673   -1.2662 -0.505185 0.038549 0.048077 0.141315 -0.00771416  -0.0283241   0.0108227 -0.000247473   0.00011387   5.9169e-05 -0.0730517  0.0771211  0.0272411  0.348214 -0.310537   -9.7979 
                  71 -2.52246  2.37407  82.7424  7.36697  56.8782 -1.27757  0.392673   -1.2662 -0.505185 0.038549 0.048077 0.141315 -0.00820813   -0.031198   0.0102261 -0.000248679  0.000112908  6.05504e-05 -0.0730647  0.0771665  0.0272345  0.348207 -0.310491   -9.7979 
                71.1 -2.52199  2.36805  82.7442  7.36675  56.8776 -1.27668  0.392673   -1.2662 -0.505185 0.038549 0.048077 0.141315 -0.00745831  -0.0308682  0.00905363 -0.000249346  0.000113675  6.10629e-05 -0.0731072  0.0772215  0.0272309  0.348172 -0.310433   -9.7979 
                71.2 -2.51927  2.37846  82.7471  7.36911  56.8773 -1.27823  0.392673   -1.2662 -0.505185 0.038549 0.048077 0.141315 -0.00303205  -0.0282477  0.00342137 -0.000249626  0.000111664   6.0662e-05 -0.0731161   0.077334  0.0272894  0.348179 -0.310323  -9.79791 
                71.3 -2.53665  2.37414  82.7377  7.37018  56.8767 -1.28087  0.392673   -1.2662 -0.505185 0.038549 0.048077 0.141315 -0.00509123  -0.0289694 -0.00213168 -0.000245553  0.000111856  6.30742e-05 -0.0731437   0.077405  0.0273649  0.348164 -0.310251  -9.79791 
                71.4 -2.53791   2.3592  82.7375  7.36999  56.8762 -1.28472  0.392673   -1.2662 -0.505185 0.038549 0.048077 0.141315 -0.00467313  -0.0311251 -0.00699997 -0.000245357   0.00011413  6.27243e-05 -0.0731983  0.0774511   0.027451  0.34812  -0.3102 -9.79791 
                71.5 -2.54302  2.35693  82.7319  7.37071  56.8767 -1.28464  0.392673   -1.2662 -0.505185 0.038549 0.048077 0.141315 -0.00279268  -0.0293795  0.00254984 -0.000243063   0.00011381  6.29484e-05 -0.0732569  0.0775359  0.0274354  0.348072 -0.310111  -9.79792 
                71.6 -2.55413  2.36069  82.7287  7.37109  56.8768 -1.28562  0.392673   -1.2662 -0.505185 0.038549 0.048077 0.141315 -0.00604341   -0.031386   0.0101584 -0.000239418   0.00011412   6.3897e-05 -0.0733064  0.0776075  0.0274624  0.348034 -0.310036  -9.79792 
                71.7 -2.55938  2.35129   82.751 7.37074 56.8761 -1.2857  0.392673   -1.2662 -0.505185 0.038549 0.048077 0.141315 -0.0158422 0.00463835  0.0281089 -0.000236892  0.000116366  6.19616e-05 -0.0733186   0.077638  0.0274919  0.348027 -0.310005  -9.79792 
                71.8  -2.555 2.25096 82.8254  7.36701  56.8849 -1.28121  0.392673   -1.2662 -0.505185 0.038549 0.048077 0.141315 -0.0143412   0.120454 -0.0164606 -0.000234516  0.000116067  5.89855e-05 -0.0734057  0.0776482  0.0274132   0.34794 -0.309985  -9.79792 
                71.9 -2.53367  2.18802  83.0247  7.36857  56.9041 -1.28395  0.392673   -1.2662 -0.505185 0.038549 0.048077 0.141315 -0.00786653    0.151124  -0.0050748 -0.000233664  0.000111975  5.47323e-05 -0.0734675  0.0777903  0.0274501 0.347899 -0.30984 -9.79793 
                  72 -2.55287  2.34921  83.1457  7.36792  56.9233 -1.28572  0.392673   -1.2662 -0.505185 0.038549 0.048077 0.141315 -0.0197069   0.194872  -0.040372 -0.000231056   0.00010893  5.41333e-05 -0.0735129  0.0778489  0.0274755  0.347863 -0.309778  -9.79793 
                72.1 -2.53052  2.32556  83.3419  7.36806  56.9491 -1.28731  0.392673   -1.2662 -0.505185 0.038549 0.048077 0.141315 -0.0182002   0.178618 0.00023289 -0.00023217 0.000107868 5.36631e-05 -0.0736139  0.0779929  0.0274591   0.34778 -0.309627  -9.79794 
                72.2 -2.55238  2.36659  83.5672  7.36643  56.9695 -1.28673  0.392673   -1.2662 -0.505185 0.038549 0.048077 0.141315  -0.0547294    0.186488 -0.00202082 -0.00022892 0.000109175  4.9524e-05 -0.0736132  0.0780731  0.0274177  0.347788 -0.309549  -9.79794 
             72.2999 -2.52166  2.43697  84.0979  7.36031  56.9858 -1.28622  0.392673   -1.2662 -0.505185 0.038549 0.048077 0.141315 -0.0900292   0.146105  0.0111641 -0.000232589  0.000111305  3.96079e-05 -0.0735844  0.0780807  0.0274064  0.347816 -0.309544  -9.79794 
             72.3999 -2.51416  2.48681    84.87  7.35005  57.0051 -1.28761  0.392673   -1.2662 -0.505185 0.038549 0.048077 0.141315  -0.121154   0.160986 -0.0164879 -0.000232689   0.00011224  2.83466e-05 -0.0736865  0.0781451  0.0274552  0.347725 -0.309472  -9.79795 
             72.4999 -2.48606  2.44052  85.8455  7.33904  57.0264 -1.28817  0.392673   -1.2662 -0.505185 0.038549 0.048077 0.141315  -0.118688   0.169799 0.00443654 -0.00023161 0.000115109 1.92787e-05 -0.0737344   0.078221   0.027442  0.347685 -0.309394  -9.79795 
             72.5999 -2.49199  2.53291   86.806  7.32477  57.0515 -1.28969  0.392673   -1.2662 -0.505185 0.038549 0.048077 0.141315  -0.147813   0.202368 0.00565517 -0.000235645  0.000117938  2.02163e-05 -0.0738945  0.0783099  0.0274878  0.347537 -0.309296  -9.79796 
             72.6999 -2.47829  2.48902  87.8505  7.31295  57.0732 -1.29328  0.392673   -1.2662 -0.505185 0.038549 0.048077 0.141315 -0.119349  0.262075  -0.10497 -0.000237584  0.000116762  1.44874e-05 -0.0738264  0.0783042  0.0274653  0.347602 -0.309304  -9.79796 
                72.8 -2.49258  2.66466  88.8416   7.3047  57.1044 -1.29922  0.392673   -1.2662 -0.505185 0.038549 0.048077 0.141315 -0.0908971   0.207638  -0.103036 -0.00024343 0.000112586 1.91713e-05 -0.073918 0.0784952 0.0273597  0.347509 -0.309114  -9.79797 
                72.9 -2.4616 2.86619 89.7296  7.29639  57.1309 -1.30749  0.392673   -1.2662 -0.505185 0.038549 0.048077 0.141315  -0.138593   0.205768 -0.0622279 -0.000266133  0.000108648  2.35976e-05 -0.0740012  0.0786888  0.0273143  0.347415 -0.308921  -9.79798 
                  73 -2.36371  2.70559  90.5096  7.28381   57.158 -1.31234  0.392673   -1.2662 -0.505185 0.038549 0.048077 0.141315  -0.1436  0.30598 -0.12506 -0.000273211  0.000113452   3.0206e-05 -0.0739222  0.0788137  0.0271746  0.347476 -0.308791  -9.79798 
                73.1 -2.38877  2.88297  91.5496  7.27243  57.1918 -1.32041  0.392673   -1.2662 -0.505185 0.038549 0.048077 0.141315  -0.137333   0.283508 -0.0894142 -0.000275304  0.000109094  2.22652e-05 -0.0739799  0.0789369  0.0271111  0.347405 -0.308674  -9.79799 
                73.2 -2.32939  3.06188  92.5135  7.26215  57.2262 -1.32133  0.392673   -1.2662 -0.505185 0.038549 0.048077 0.141315 -0.123004  0.317215 -0.100865 -0.000280717  0.000110097   2.2881e-05 -0.0740518  0.0791475  0.0269421  0.347299 -0.308476    -9.798 
                73.3 -2.26882  2.95873  93.3368 7.24608 57.2612  -1.323  0.392673   -1.2662 -0.505185 0.038549 0.048077 0.141315  -0.159238   0.345571 -0.0983182 -0.000285903  0.000111153  2.93354e-05 -0.0740749  0.0792351  0.0267582  0.347252 -0.308394    -9.798 
                73.4 -2.26236  3.07862  94.4278  7.23216  57.2999 -1.32301  0.392673   -1.2662 -0.505185 0.038549 0.048077 0.141315  -0.140748   0.305684 -0.0868226 -0.000290675  0.000112449  2.17828e-05 -0.0741379  0.0793946  0.0265309   0.34715 -0.308251  -9.79801 
                73.5 -2.30958  3.35557  95.4445  7.22346  57.3291 -1.32342  0.392673   -1.2662 -0.505185 0.038549 0.048077 0.141315  -0.0900936    0.209728 -0.00782355 -0.000289682  0.000100146  2.09811e-05 -0.0741704  0.0795741  0.0264252  0.347071 -0.308088  -9.79802 
                73.6 -2.18523  3.19831  96.1716  7.20789  57.3577 -1.31635  0.392673   -1.2662 -0.505185 0.038549 0.048077 0.141315  -0.199217   0.324044 -0.0261519 -0.000296957  0.000110154  2.85591e-05 -0.0741922  0.0796788  0.0261944  0.347012 -0.307992  -9.79802 
                73.7 -2.13415  2.94174  97.2696 7.19106 57.3944 -1.3176  0.392673   -1.2662 -0.505185 0.038549 0.048077 0.141315  -0.197354   0.456838 -0.0674612 -0.000294357   0.00011507  1.80608e-05 -0.0740042  0.0796338  0.0260741  0.347198 -0.307978  -9.79801 
                73.8 -2.1168 3.25491 98.3899  7.17172   57.443 -1.31645  0.392673   -1.2662 -0.505185 0.038549 0.048077 0.141315   -0.170562    0.462909 -0.00961604 -0.00029414 0.000103273 1.94373e-05 -0.0741097  0.0797253   0.025949  0.347064 -0.307929  -9.79802 
                73.9 -2.08395  3.29412  99.3301  7.15513  57.4898 -1.31795  0.392673   -1.2662 -0.505185 0.038549 0.048077 0.141315  -0.221078   0.469846 -0.0106691 -0.000294417  0.000104946  2.34239e-05 -0.0739859  0.0797795  0.0259332  0.347158 -0.307836  -9.79802 
                  74 -2.06214  3.38614  100.257  7.13265  57.5399 -1.31892  0.392673   -1.2662 -0.505185 0.038549 0.048077 0.141315   -0.22169   0.478154 -0.0169056 -0.000294081  0.000105468  2.04281e-05 -0.0740806  0.0798058  0.0259116  0.347062 -0.307847  -9.79802 
                74.1 -2.02869  3.49615  101.184  7.10834  57.5904 -1.32112  0.392673   -1.2662 -0.505185 0.038549 0.048077 0.141315  -0.174066   0.432629 -0.0147371 -0.000291136  0.000103273  2.10233e-05 -0.0742132  0.0799453  0.0258929  0.346889 -0.307773  -9.79803 
                74.2 -2.01901  3.71664  102.282  7.09674  57.6349 -1.32019  0.392673   -1.2662 -0.505185 0.038549 0.048077 0.141315 -0.108738  0.389018 0.0387873 -0.000300251  0.000103197  2.02371e-05 -0.0742222  0.0801441   0.025885  0.346796 -0.307596  -9.79804 
             74.3001 -1.97575  3.52083  102.468  7.08537  57.6799 -1.31892  0.392673   -1.2662 -0.505185 0.038549 0.048077 0.141315  -0.165987   0.514852 -0.0202014 -0.000301214  0.000107268  4.61977e-05 -0.0741472  0.0802559  0.0258995  0.346813 -0.307464  -9.79804 
             74.4001 -1.91681  3.34117  102.721  7.07257  57.7332 -1.32017  0.392673   -1.2662 -0.505185 0.038549 0.048077 0.141315  -0.170906   0.609253 -0.0408133 -0.000298117  0.000109383  4.77763e-05 -0.0738808  0.0802313  0.0258703  0.347058 -0.307367  -9.79804 
             74.5001 -1.96708  3.50254  102.904  7.05171  57.7972 -1.31897  0.392673   -1.2662 -0.505185 0.038549 0.048077 0.141315  -0.174755   0.574364 -0.0171145 -0.00029332 0.000108465 5.42154e-05 -0.0740909  0.0802632  0.0257322  0.346856 -0.307438  -9.79804 
             74.6001 -1.99953  3.77463  102.964  7.03527  57.8523 -1.31757  0.392673   -1.2662 -0.505185 0.038549 0.048077 0.141315  -0.16258  0.521442 0.0134295 -0.000293189  0.000109063  5.75641e-05 -0.0740896  0.0803298  0.0257257 0.346825 -0.30738 -9.79805 
                74.7 -1.97019  3.57815  103.099  7.02137  57.9045 -1.31933  0.392673   -1.2662 -0.505185 0.038549 0.048077 0.141315  -0.161993   0.586002 -0.0238105 -0.000293397  0.000117151   5.9469e-05 -0.0738975  0.0802627  0.0257699  0.347025 -0.307343  -9.79804 
                74.8 -1.90361  3.53281  103.189  7.00969  57.9599 -1.32177  0.392673   -1.2662 -0.505185 0.038549 0.048077 0.141315    -0.140068     0.548639 -0.000506079 -0.000295709  0.000111549  6.26875e-05 -0.0736043  0.0802269  0.0257928  0.347293 -0.307231  -9.79803 
                74.9 -1.91484  3.76908   103.21  6.99679  58.0139 -1.31912  0.392673   -1.2662 -0.505185 0.038549 0.048077 0.141315 -0.148634  0.556806 0.0126094 -0.000300861  0.000100444   6.0153e-05 -0.0735814   0.080266  0.0257938  0.347292 -0.307187  -9.79804 
                  75 -1.94403  3.53521  103.205  6.98482  58.0718 -1.32165  0.392673   -1.2662 -0.505185 0.038549 0.048077 0.141315  -0.160292   0.556544 0.00322031 -0.000291967  0.000102963   6.0259e-05 -0.0734349  0.0803239  0.0258592  0.347393 -0.307065  -9.79804 
                75.1 -1.92454  3.66762  103.237  6.96806  58.1254 -1.32523  0.392673   -1.2662 -0.505185 0.038549 0.048077 0.141315 -0.157451  0.469521 0.0310842 -0.00029198 0.000102137 6.09858e-05 -0.0734779  0.0803049  0.0259208  0.347368 -0.307102  -9.79804 
                75.2 -1.91877  3.79078  103.298  6.95457  58.1754 -1.32553  0.392673   -1.2662 -0.505185 0.038549 0.048077 0.141315  -0.179075   0.487564 -0.0327795 -0.000295024  0.000101464  5.66708e-05 -0.073441 0.0804349 0.0259326  0.347335 -0.306973  -9.79804 
                75.3 -1.89817  3.60044  103.355  6.94008  58.2272 -1.32792  0.392673   -1.2662 -0.505185 0.038549 0.048077 0.141315  -0.140464   0.507583 -0.0556327 -0.000289594  0.000101799  5.87903e-05 -0.0733434  0.0806227  0.0259166  0.347323 -0.306765  -9.79805 
                75.4 -1.90648  3.58418  103.448  6.92447  58.2803 -1.33748  0.392673   -1.2662 -0.505185 0.038549 0.048077 0.141315  -0.141062   0.467206 -0.0422502 -0.000289459  0.000102946  6.29965e-05 -0.0734008  0.0807837  0.0260152  0.347198 -0.306657  -9.79806 
                75.5 -1.95457  3.73114  103.533  6.91086  58.3287 -1.34067  0.392673   -1.2662 -0.505185 0.038549 0.048077 0.141315 -0.161935  0.481431 -0.038218 -0.000289997  0.000105097  6.00418e-05 -0.0734813  0.0808751  0.0260417 0.347085 -0.30662 -9.79806 
                75.6 -1.89691  3.43129  103.604  6.89415    58.38 -1.34871  0.392673   -1.2662 -0.505185 0.038549 0.048077 0.141315  -0.187054   0.472418 -0.0704193 -0.000286746   0.00010829  6.25068e-05 -0.073506 0.0809143 0.0260584  0.347045 -0.306599  -9.79806 
                75.7 -1.90179  3.68533  103.629  6.87897  58.4315 -1.35367  0.392673   -1.2662 -0.505185 0.038549 0.048077 0.141315  -0.118275   0.395219 -0.0208879 -0.00028863 0.000105067 6.33827e-05 -0.073636 0.0812629 0.0260258  0.346758 -0.306369  -9.79808 
                75.8 -1.85574   3.6845   103.64  6.86542  58.4758 -1.35401  0.392673   -1.2662 -0.505185 0.038549 0.048077 0.141315  -0.141128   0.447377 -0.0219892 -0.000293249  0.000107098  6.90283e-05 -0.0736815  0.0814461   0.025993  0.346626 -0.306236  -9.79809 
                75.9 -1.86558   3.3755  103.682  6.85401  58.5249 -1.35709  0.392673   -1.2662 -0.505185 0.038549 0.048077 0.141315  -0.160425   0.558248 -0.0979608 -0.000294907  0.000109259  6.80965e-05 -0.0734757  0.0814759  0.0259535  0.346784 -0.306107  -9.79809 
                  76 -1.82136  3.47091   103.69  6.84062  58.5836 -1.36345  0.392673   -1.2662 -0.505185 0.038549 0.048077 0.141315  -0.123832   0.467657 0.00624903 -0.000294633  0.000102194  6.97534e-05 -0.0733915  0.0817538  0.0259116 0.346714 -0.30583  -9.7981 
                76.1 -1.82264  3.75937  103.805   6.8285  58.6329 -1.36427  0.392673   -1.2662 -0.505185 0.038549 0.048077 0.141315  -0.128627   0.503794 -0.0566559 -0.000299181  0.000111864  6.59003e-05 -0.0733848  0.0818481  0.0258793  0.346671 -0.305746   -9.7981 
                76.2 -1.85517  3.54039  103.841 6.81746  58.682 -1.3658  0.392673   -1.2662 -0.505185 0.038549 0.048077 0.141315  -0.172673   0.516799 -0.0468792 -0.000291132  0.000110435  6.64542e-05 -0.0732269  0.0818139  0.0258169   0.34682 -0.305696   -9.7981 
                76.3 -1.86004  3.53005   103.86  6.80345  58.7354 -1.36915  0.392673   -1.2662 -0.505185 0.038549 0.048077 0.141315   -0.189946    0.516773 -0.00468748 -0.000288052  0.000109633  6.75605e-05 -0.0731629  0.0818818  0.0258168   0.34684 -0.305606   -9.7981 
                76.4 -1.88721  3.57218  103.875  6.78735  58.7911 -1.37146  0.392673   -1.2662 -0.505185 0.038549 0.048077 0.141315   -0.166812    0.521219 -0.00983967 -0.000283818  0.000108606  6.61669e-05 -0.0732062  0.0819783  0.0258133  0.346754 -0.305546  -9.79811 
                76.5 -1.86012  3.68141  103.866  6.77306  58.8482 -1.36807  0.392673   -1.2662 -0.505185 0.038549 0.048077 0.141315  -0.121349   0.564547 -0.0380547 -0.000283202  0.000103116  6.74178e-05 -0.0732486  0.0821407  0.0257103  0.346632 -0.305431  -9.79811 
                76.6 -1.8447 3.71809 103.682  6.76356  58.9058 -1.36753  0.392673   -1.2662 -0.505185 0.038549 0.048077 0.141315  -0.0501885    0.527908 -0.00324848 -0.00028778 0.000102182 7.68796e-05 -0.0733452  0.0823148   0.025679  0.346461 -0.305332  -9.79812 
             76.7001 -1.8652 3.63955 102.958 6.75682 58.9613 -1.3718  0.392673   -1.2662 -0.505185 0.038549 0.048077 0.141315 -0.0786553   0.592391 -0.0862539 -0.000293274  0.000102497  9.51898e-05 -0.0733251  0.0823542  0.0257146   0.34646 -0.305289  -9.79812 
             76.8001 -1.84971  3.63551  102.379   6.7504  59.0234 -1.37459  0.392673   -1.2662 -0.505185 0.038549 0.048077 0.141315 -0.0405677   0.519441 -0.0393996 -0.000293579  0.000105769  9.23254e-05 -0.0734263  0.0826039  0.0256353  0.346244 -0.305129  -9.79814 
             76.9001 -1.85692  3.76373  101.579  6.74914  59.0755 -1.37944  0.392673   -1.2662 -0.505185 0.038549 0.048077 0.141315 0.00130935   0.499356  0.0293435 -0.000299179  0.000108693  0.000106486 -0.0734817  0.0826865   0.025736   0.34616 -0.305086  -9.79814 
             77.0001 -1.94505  3.44633  100.458  6.75259  59.1279 -1.38019  0.392673   -1.2662 -0.505185 0.038549 0.048077 0.141315 0.00385772   0.673872 -0.0691597 -0.000292713  0.000113788  0.000115947 -0.0733167  0.0825346  0.0257312  0.346376 -0.305133  -9.79813 
             77.1001 -2.01684  3.31958  99.1812 6.75411 59.1914 -1.3845  0.392673   -1.2662 -0.505185 0.038549 0.048077 0.141315 -0.0515369    0.57531 -0.0382888 -0.000280346  9.95966e-05  0.000126565 -0.0730997  0.0824714  0.0256171  0.346588 -0.305078  -9.79813 
                77.2 -1.96006  4.05154  98.0452  6.75188  59.2458 -1.37766  0.392673   -1.2662 -0.505185 0.038549 0.048077 0.141315 0.00771802    0.47483  0.0405533 -0.000291067  9.50131e-05  0.000120151 -0.0732167  0.0827266  0.0255469  0.346363 -0.304916  -9.79814 
                77.3 -2.11446  3.42445  96.9464  6.75595  59.2872 -1.37798  0.392673   -1.2662 -0.505185 0.038549 0.048077 0.141315 0.00782229   0.523331  0.0482492 -0.000283484  0.000112091   0.00011184 -0.0729478  0.0824407   0.025692 0.346735 -0.30504 -9.79812 
             77.3999 -2.01627  3.08063  96.3022  6.75264  59.3396 -1.37416  0.392673   -1.2662 -0.505185 0.038549 0.048077 0.141315 -0.065244    0.5555 0.0179783 -0.00028404 0.000118533 0.000100699 -0.0728567  0.0823236  0.0256483  0.346865 -0.305102  -9.79812 
             77.4999 -2.03193  3.15073  96.0243  6.74963  59.3971 -1.37122  0.392673   -1.2662 -0.505185 0.038549 0.048077 0.141315 -0.0849538   0.620818  0.0150459 -0.000279973  0.000112456  8.42654e-05 -0.0727044  0.0823349  0.0256177  0.346992 -0.305026  -9.79811 
             77.5999 -2.06286  3.16657  95.8176  6.74218  59.4619 -1.37788  0.392673   -1.2662 -0.505185 0.038549 0.048077 0.141315  -0.108377   0.624193 -0.0445931 -0.000273172  0.000110868  7.87384e-05 -0.0726503  0.0823553  0.0257181  0.347035 -0.304984  -9.79811 
             77.6999 -2.09101  3.51951  95.7826  6.73631  59.5229 -1.37938  0.392673   -1.2662 -0.505185 0.038549 0.048077 0.141315 -0.0160884   0.431891   0.116953 -0.000274191  0.000106056  7.25138e-05 -0.0727308  0.0826025  0.0257924  0.346868 -0.304795  -9.79813 
                77.8 -2.10974  3.37607  95.5317 6.73517 59.5746 -1.3726  0.392673   -1.2662 -0.505185 0.038549 0.048077 0.141315 0.0341756  0.563682 0.0649746 -0.000284372  0.000117846  8.11393e-05 -0.0728872  0.0826885  0.0258524  0.346697 -0.304781  -9.79813 
                77.9 -2.13937  2.74316  94.7724  6.73586  59.6347 -1.37562  0.392673   -1.2662 -0.505185 0.038549 0.048077 0.141315 -0.0640658   0.675061 -0.0474196 -0.000280592  0.000123754  9.91598e-05 -0.0727808  0.0825581  0.0258798  0.346843 -0.304859  -9.79812 
                  78 -2.15783    3.239  94.2067  6.73456  59.6983 -1.37717  0.392673   -1.2662 -0.505185 0.038549 0.048077 0.141315 -0.0126388   0.562036  0.0332278 -0.000267997  0.000107791  9.01028e-05 -0.0727257  0.0827034  0.0259435  0.346844 -0.304704  -9.79813 
                78.1 -2.21299  3.26174  93.8273  6.73588  59.7568 -1.37808  0.392673   -1.2662 -0.505185 0.038549 0.048077 0.141315  0.0670843   0.593955 -0.0119826 -0.000270669  0.000111621  8.60777e-05 -0.0727933  0.0827813  0.0260261  0.346759 -0.304657  -9.79813 
                78.2 -2.21396  2.99837  93.0606  6.74218  59.8225 -1.38692  0.392673   -1.2662 -0.505185 0.038549 0.048077 0.141315  0.0205662   0.607424 -0.0810659 -0.000270386  0.000108832  0.000102098 -0.072823 0.0829123 0.0260854  0.346692 -0.304545  -9.79814 
                78.3 -2.22598  3.58431  92.1296  6.74389  59.8774 -1.39296  0.392673   -1.2662 -0.505185 0.038549 0.048077 0.141315 0.0177344  0.390388 0.0501188 -0.000269563  0.000101817   0.00010332 -0.0729572  0.0830661  0.0261827  0.346524 -0.304444  -9.79815 
                78.4 -2.26767  3.39446  91.2206   6.7431  59.9138 -1.38956  0.392673   -1.2662 -0.505185 0.038549 0.048077 0.141315 0.0372234   0.44094 0.0267355 -0.000277586   0.00012118  0.000101877 -0.0730037  0.0829132  0.0261992  0.346525 -0.304604  -9.79814 
                78.5 -2.24318  2.65443  90.6618  6.75073  59.9627 -1.38937  0.392673   -1.2662 -0.505185 0.038549 0.048077 0.141315  0.0123953   0.607315 -0.0546383  -0.0002756 0.000130698 9.34225e-05 -0.072756 0.0829199  0.026139  0.346752 -0.304529  -9.79814 
             78.5999 -2.29574  2.71937  90.1041  6.75146  60.0297 -1.39102  0.392673   -1.2662 -0.505185 0.038549 0.048077 0.141315 -0.0375161   0.663043 -0.0386645 -0.000268071  0.000120061  9.16382e-05 -0.072741 0.0831101 0.0261046  0.346715 -0.304343  -9.79814 
             78.6999 -2.34232  2.78059  90.0846  6.75329  60.1021 -1.39298  0.392673   -1.2662 -0.505185 0.038549 0.048077 0.141315 -0.0153051   0.704901 -0.0621805 -0.000262416  0.000116052  7.47777e-05 -0.0727168  0.0832845  0.0260703  0.346694 -0.304172  -9.79815 
             78.7999 -2.33748  2.81962  89.9516  6.74889  60.1743 -1.40081  0.392673   -1.2662 -0.505185 0.038549 0.048077 0.141315 -0.0248054   0.599359 -0.0351449 -0.000263383  0.000112061  7.59671e-05 -0.0728591  0.0833712  0.0260895  0.34654 -0.30412 -9.79816 
             78.8999 -2.34632  3.18446  89.9782  6.74914   60.239 -1.39836  0.392673   -1.2662 -0.505185 0.038549 0.048077 0.141315 -0.00433871    0.628631 -0.00751715 -0.000266101  0.000103915  7.07621e-05 -0.0729886  0.0835621  0.0260594  0.346378 -0.303963  -9.79817 
                  79 -2.30616  2.54925  89.8735  6.75153    60.31 -1.40004  0.392673   -1.2662 -0.505185 0.038549 0.048077 0.141315 -0.0133572   0.804635 -0.0708222 -0.000265353  0.000111467  7.31024e-05 -0.0729234   0.083633  0.0260355  0.346426 -0.303884  -9.79817 
                79.1 -2.33596  2.42092  89.8172 6.75158 60.3984 -1.4073  0.392673   -1.2662 -0.505185 0.038549 0.048077 0.141315 -0.0119342   0.879718 -0.0535208 -0.000260379  0.000104719  7.06419e-05 -0.0729506  0.0837367  0.0260169  0.346382 -0.303787  -9.79817 
                79.2 -2.36278  2.67951  89.8145  6.74899  60.4891 -1.40799  0.392673   -1.2662 -0.505185 0.038549 0.048077 0.141315 -0.0381707   0.868023 -0.0348159 -0.000263057  0.000100439  6.92537e-05 -0.0730177  0.0838025  0.0259174  0.346303 -0.303734  -9.79818 
                79.3 -2.39399  2.72574  89.8761  6.74858   60.577 -1.40829  0.392673   -1.2662 -0.505185 0.038549 0.048077 0.141315 -0.00921004    0.895259  -0.0855034 -0.000260627  9.93427e-05  6.54333e-05 -0.0729721  0.0838699  0.0258256  0.346333 -0.303662  -9.79818 
                79.4 -2.40994   2.7438  89.9228  6.74459  60.6598 -1.41424  0.392673   -1.2662 -0.505185 0.038549 0.048077 0.141315 -0.00581917    0.703601  -0.0115289 -0.000262044  9.41761e-05  6.94385e-05 -0.0730386  0.0838341  0.0258133  0.346274 -0.303706  -9.79818 
                79.5 -2.39521  2.96276  89.8899  6.74619  60.7241 -1.41214  0.392673   -1.2662 -0.505185 0.038549 0.048077 0.141315 0.00504174   0.668446  0.0419557 -0.000264121  9.83983e-05  7.05427e-05 -0.0729649  0.0838746  0.0258171  0.346339 -0.303657  -9.79818 
                79.6 -2.37706  2.30039  89.8963  6.74309  60.7998 -1.40992  0.392673   -1.2662 -0.505185 0.038549 0.048077 0.141315 -0.0143604   0.937407 -0.0916092 -0.000265733  0.000105121   7.2312e-05 -0.0729544   0.083759  0.0257102  0.346361 -0.303767  -9.79818 
                79.7 -2.4058 2.16994 89.8622  6.74217  60.9036 -1.41693  0.392673   -1.2662 -0.505185 0.038549 0.048077 0.141315 -0.0197834     1.0142  -0.092929 -0.000258389  9.97882e-05  7.64805e-05 -0.0729643  0.0838489  0.0255848  0.346334 -0.303681  -9.79818 
                79.8 -2.42212   3.0745  89.8939  6.73725  61.0013 -1.41838  0.392673   -1.2662 -0.505185 0.038549 0.048077 0.141315 -0.0105603   0.877003  0.0231895 -0.000259406  8.56303e-05  6.91427e-05 -0.0730946  0.0838854  0.0255556  0.346202 -0.303664  -9.79818 
                79.9 -2.47194  3.04366  89.9295  6.73642   61.086 -1.41627  0.392673   -1.2662 -0.505185 0.038549 0.048077 0.141315 -0.00521591    0.824174  -0.0120726 -0.000263363  9.29537e-05   7.0104e-05 -0.0731162  0.0838459  0.0255513  0.346187 -0.303705  -9.79818 
                  80 -2.4321 2.83241 89.7696  6.73686  61.1608 -1.41465  0.392673   -1.2662 -0.505185 0.038549 0.048077 0.141315 0.00888265   0.714085  0.0996808 -0.000260266  9.35053e-05  7.41843e-05 -0.0730414  0.0837917  0.0255374  0.346266 -0.303747  -9.79818 
                80.1 -2.43194   2.9109   89.584  6.73645  61.2359 -1.40803  0.392673   -1.2662 -0.505185 0.038549 0.048077 0.141315 0.0090967  0.869315 0.0568203 -0.000261186  9.64112e-05  7.33178e-05 -0.0730498  0.0837005  0.0255773  0.346272 -0.303836  -9.79818 
                80.2 -2.39923  2.56138   89.357  6.73726   61.333 -1.40257  0.392673   -1.2662 -0.505185 0.038549 0.048077 0.141315 -0.0218482    1.00749 0.00170497 -0.000257078  0.000104987  7.72333e-05 -0.0731082  0.0838131  0.0255164  0.346197 -0.303736  -9.79818 
                80.3 -2.40837  2.55746  89.2181  6.7355 61.4332 -1.4028  0.392673   -1.2662 -0.505185 0.038549 0.048077 0.141315 -0.0277203    1.02437  0.0206175 -0.000253216  9.52909e-05  7.40331e-05 -0.0730593  0.0837846  0.0255707  0.346251 -0.303756  -9.79818 
                80.4 -2.39297  2.62266  89.2227    6.735    61.54 -1.40302  0.392673   -1.2662 -0.505185 0.038549 0.048077 0.141315 -0.0238068    1.10307  0.0189614 -0.000254683  9.72613e-05  6.72823e-05 -0.073048 0.0838537  0.025648  0.346255 -0.303688  -9.79818 
                80.5 -2.39432  2.47405  89.1852  6.73374  61.6549 -1.40713  0.392673   -1.2662 -0.505185 0.038549 0.048077 0.141315 -0.0416729    1.19866 -0.0200113 -0.000255612  0.000100239  6.80505e-05 -0.0730477  0.0838904  0.0257381  0.346255 -0.303653  -9.79818 
                80.6 -2.38971  2.44181  89.0935  6.73098  61.7782 -1.41623  0.392673   -1.2662 -0.505185 0.038549 0.048077 0.141315 -0.0541211    1.24906 -0.0226056 -0.000253807  9.87955e-05  7.07275e-05 -0.0730304  0.0839474  0.0258793   0.34627 -0.303595  -9.79818 
                80.7 -2.40249  2.54534   89.204  6.73013  61.9106 -1.41956  0.392673   -1.2662 -0.505185 0.038549 0.048077 0.141315 -0.0594667     1.2953  0.0135967 -0.000256585  9.88001e-05  6.48852e-05 -0.0730439   0.084148  0.0259609  0.346236 -0.303403  -9.79819 
                80.8 -2.38929  2.43471  89.3685  6.72732  62.0449 -1.41986  0.392673   -1.2662 -0.505185 0.038549 0.048077 0.141315  -0.041065    1.39942 -0.0151924 -0.000258628  9.92246e-05  6.08443e-05 -0.0730189   0.084153   0.026014  0.346261 -0.303395  -9.79819 
                80.9 -2.38531  2.35092  89.3285 6.72246 62.1839 -1.4271  0.392673   -1.2662 -0.505185 0.038549 0.048077 0.141315 -0.0841862    1.43885  -0.061288 -0.000254362  9.87306e-05   6.7081e-05 -0.0729577  0.0841189  0.0260653 0.346327 -0.30342 -9.79819 
                  81 -2.41948  2.50075  89.4515  6.71893  62.3313 -1.43128  0.392673   -1.2662 -0.505185 0.038549 0.048077 0.141315 -0.0399803    1.54048 0.00146158 -0.000253766  9.59529e-05  6.42867e-05 -0.072914 0.0841732 0.0261449  0.346366 -0.303362  -9.79819 
                81.1 -2.38558  2.46464  89.5155  6.71669  62.4905 -1.43491  0.392673   -1.2662 -0.505185 0.038549 0.048077 0.141315 -0.0219534    1.41697  0.0182864 -0.000258383  9.64488e-05  6.58833e-05 -0.0729866  0.0843129  0.0261753   0.34628 -0.303236  -9.79819 
                81.2 -2.32255  3.03907  89.4651  6.71235   62.627 -1.42776  0.392673   -1.2662 -0.505185 0.038549 0.048077 0.141315 -0.0469791    1.20888  0.0746326 -0.000272891  0.000100819  6.09833e-05 -0.0731066  0.0843355  0.0261167  0.346159 -0.303229   -9.7982 
             81.3001 -2.27618  2.88042  89.2839  6.71175  62.7436 -1.43001  0.392673   -1.2662 -0.505185 0.038549 0.048077 0.141315 -0.0536809    1.24356 -0.0234924 -0.000267163  0.000111953  6.11264e-05 -0.0729958   0.084383  0.0263032  0.346267 -0.303169   -9.7982 
                81.4 -2.29799  2.25341   89.076  6.71093   62.864 -1.44284  0.392673   -1.2662 -0.505185 0.038549 0.048077 0.141315  -0.060495    1.35323 -0.0994597 -0.000260179  0.000113956   5.7932e-05 -0.0726945  0.0842836  0.0264178  0.346574 -0.303228  -9.79818 
                81.5 -2.24725   2.7294  88.9506  6.71124  62.9987 -1.45758  0.392673   -1.2662 -0.505185 0.038549 0.048077 0.141315 -0.0554719    1.25176 -0.0587304 -0.000258965  9.83172e-05  6.46631e-05 -0.0726287   0.084496  0.0266026   0.34662 -0.303014  -9.79819 
                81.6 -2.3094 2.88356 88.8908  6.71431  63.1245 -1.46423  0.392673   -1.2662 -0.505185 0.038549 0.048077 0.141315 -0.0499729    1.22801 -0.0698724 -0.000257251  0.000103759  5.80229e-05 -0.0725197   0.084708  0.0266129    0.3467 -0.302796  -9.79819 
                81.7 -2.22334  2.73022  88.9728 6.71501 63.2538 -1.4693  0.392673   -1.2662 -0.505185 0.038549 0.048077 0.141315 -0.0460084    1.15434 -0.0482304 -0.000258832  0.000101584  5.54458e-05 -0.0724758  0.0849506  0.0264997  0.346711 -0.302556   -9.7982 
                81.8 -2.3144 3.05251 89.1219  6.71713  63.3693 -1.46626  0.392673   -1.2662 -0.505185 0.038549 0.048077 0.141315 0.00900784    1.14273 -0.0182903 -0.000257291  0.000104233  5.17024e-05 -0.0724649   0.085085   0.026423  0.346703 -0.302425   -9.7982 
                81.9 -2.26887   2.4805  88.9315  6.72224  63.4899 -1.47147  0.392673   -1.2662 -0.505185 0.038549 0.048077 0.141315 -0.0139917    1.28875  -0.120603 -0.000257711  0.000108473  6.09566e-05 -0.0723415  0.0851645  0.0263299   0.34681 -0.302334   -9.7982 
                  82 -2.32819  2.67931  88.6921  6.72736  63.6271 -1.47548  0.392673   -1.2662 -0.505185 0.038549 0.048077 0.141315  0.0575993    1.21185 -0.0308332 -0.000252241  0.000105833  6.61979e-05 -0.0724355  0.0854643  0.0262305  0.346683 -0.302053  -9.79822 
                82.1 -2.31725  2.80142  88.4639  6.73337  63.7488 -1.47385  0.392673   -1.2662 -0.505185 0.038549 0.048077 0.141315  0.0367811    1.18968 0.00162487 -0.000258817  0.000108825  6.52311e-05 -0.0724385  0.0855236  0.0261557  0.346671 -0.301996  -9.79822 
                82.2 -2.29881  2.56764  88.2172  6.73859  63.8689 -1.47502  0.392673   -1.2662 -0.505185 0.038549 0.048077 0.141315  0.0516181    1.19104 -0.0446969 -0.000255002  0.000113736  5.96005e-05 -0.0723951  0.0855128  0.0261214  0.346712 -0.302002  -9.79822 
                82.3 -2.28309  2.82281  88.0614   6.7445  63.9831 -1.46928  0.392673   -1.2662 -0.505185 0.038549 0.048077 0.141315 0.0367039  0.968654  0.116144 -0.000254549  0.000109376  5.75189e-05 -0.0724525  0.0856039   0.026052  0.346645 -0.301919  -9.79822 
                82.4 -2.26425  2.77926  87.8994  6.74479  64.0838 -1.45706  0.392673   -1.2662 -0.505185 0.038549 0.048077 0.141315 0.0530628   1.07727 0.0890292 -0.000257021   0.00011782  5.12164e-05 -0.0725431  0.0855692  0.0260372   0.34656 -0.301961  -9.79822 
                82.5 -2.33591   2.1377  87.9569  6.75301  64.1988 -1.45797  0.392673   -1.2662 -0.505185 0.038549 0.048077 0.141315  0.0534652    1.26218 -0.0856195 -0.00023093 0.000120104   4.895e-05 -0.072441 0.0855655 0.0261072  0.346661 -0.301956  -9.79822 
                82.6 -2.36511  2.59044  87.9516  6.75418  64.3226 -1.46461  0.392673   -1.2662 -0.505185 0.038549 0.048077 0.141315 0.0307718   1.06698 0.0436802 -0.000226618  0.000106912  5.03033e-05 -0.0726205  0.0856272  0.0262173 0.346487 -0.30191 -9.79823 
                82.7 -2.3976 2.75856  87.852  6.75232  64.4329 -1.46565  0.392673   -1.2662 -0.505185 0.038549 0.048077 0.141315 0.0475204   1.08194 0.0395916 -0.000249976  0.000109988  5.58468e-05 -0.072805 0.0855892 0.0262944  0.346314 -0.301961  -9.79823 
                82.8 -2.35298  2.53541  87.8562  6.75189  64.5464 -1.46726  0.392673   -1.2662 -0.505185 0.038549 0.048077 0.141315   0.0568739     1.08344 -0.00359041 -0.000245336  0.000111002  5.22995e-05 -0.0729054  0.0855602  0.0263299   0.34622 -0.301996  -9.79824 
                82.9 -2.4152 2.89156 87.8305 6.75163 64.6556 -1.4635  0.392673   -1.2662 -0.505185 0.038549 0.048077 0.141315 0.0807726   1.04106 0.0530269 -0.000253042  0.000107525  5.59992e-05 -0.0731215  0.0855635   0.026356  0.346011 -0.302006  -9.79824 
                  83 -2.36649  2.47188  87.8768  6.75317  64.7672 -1.46752  0.392673   -1.2662 -0.505185 0.038549 0.048077 0.141315 -0.00121884     1.17874   0.0214589 -0.00025367 0.000117831 5.23606e-05 -0.0732349  0.0855158  0.0265178  0.34591 -0.30206 -9.79824 
                83.1 -2.41878  2.19606  87.7848  6.75125  64.8927 -1.47024  0.392673   -1.2662 -0.505185 0.038549 0.048077 0.141315 -0.0159594    1.28763  0.0073471 -0.000243135  0.000123129  5.16675e-05 -0.0732901   0.085469  0.0265494  0.345859 -0.302108  -9.79824 
                83.2 -2.4359 2.54976 87.7519  6.74914  65.0261 -1.47143  0.392673   -1.2662 -0.505185 0.038549 0.048077 0.141315 -0.0105201    1.30613    0.01531 -0.000255012  0.000118512  5.28106e-05 -0.0734208  0.0855009  0.0266574  0.345736 -0.302085  -9.79825 
                83.3 -2.37393    2.442  87.7727    6.748  65.1635 -1.47576  0.392673   -1.2662 -0.505185 0.038549 0.048077 0.141315 -0.0432948     1.4299 -0.0457587 -0.000256799  0.000121444  4.72034e-05 -0.0734604  0.0855395  0.0267563 0.345699 -0.30205 -9.79825 
                83.4 -2.39831  2.36932  87.8422  6.74742   65.307 -1.48607  0.392673   -1.2662 -0.505185 0.038549 0.048077 0.141315 -0.0677287    1.33416 -0.0455996 -0.00024714 0.000120501 4.46134e-05 -0.0733955  0.0856296  0.0268841  0.345763 -0.301959  -9.79825 
                83.5 -2.3706  2.7743 87.9089 6.74224  65.445 -1.4964  0.392673   -1.2662 -0.505185 0.038549 0.048077 0.141315  -0.021778    1.36582 -0.0720051 -0.000260666  0.000123403  4.64481e-05 -0.0735025  0.0857488   0.026984  0.345658 -0.301849  -9.79826 
                83.6 -2.36931  2.37415  87.9309  6.7425 65.5921 -1.5066  0.392673   -1.2662 -0.505185 0.038549 0.048077 0.141315 -0.0230701    1.54052  -0.124706 -0.000258868  0.000125767  5.10083e-05 -0.0734978  0.0858606  0.0270164 0.345659 -0.30174 -9.79826 
                83.7 -2.39817  2.45609  87.8345  6.74658  65.7564 -1.52061  0.392673   -1.2662 -0.505185 0.038549 0.048077 0.141315  0.0159522    1.56974 -0.0819524 -0.000255828  0.000123717  5.83793e-05 -0.0735208  0.0860796  0.0270817   0.34563 -0.301529  -9.79827 
                83.8 -2.35628  2.86958  87.7564  6.75431  65.9159 -1.52314  0.392673   -1.2662 -0.505185 0.038549 0.048077 0.141315    0.052621     1.44729 -0.00952623 -0.000264466  0.000122205  4.98279e-05 -0.0735774   0.086294  0.0270589  0.345565 -0.301323  -9.79828 
                83.9 -2.37712  2.69518  87.3697   6.7607  66.0612 -1.51637  0.392673   -1.2662 -0.505185 0.038549 0.048077 0.141315  0.0132113    1.51251 -0.0224829 -0.000263582   0.00012924  5.66299e-05 -0.0734978  0.0863492  0.0269198  0.345634 -0.301266  -9.79828 
                  84 -2.38086   2.4381  87.3265   6.7653   66.207 -1.51922  0.392673   -1.2662 -0.505185 0.038549 0.048077 0.141315 0.0102398   1.40204 0.0996971 -0.000255569  0.000124025  4.31345e-05 -0.0733838  0.0863433   0.026967  0.345746 -0.301267  -9.79827 
                84.1 -2.39589  2.69244    87.34  6.76799  66.3481 -1.50843  0.392673   -1.2662 -0.505185 0.038549 0.048077 0.141315 0.0301078   1.43038 0.0649181 -0.000261061  0.000135648  3.94064e-05 -0.0733699  0.0863724  0.0269369  0.345757 -0.301239  -9.79827 
             84.1999 -2.41655  2.28049  87.5238  6.77116  66.4866 -1.50918  0.392673   -1.2662 -0.505185 0.038549 0.048077 0.141315  0.0119043    1.46515 -0.0665718 -0.000252547  0.000137302  3.37329e-05 -0.0731952  0.0862488  0.0269341   0.34593 -0.301352  -9.79827 
             84.2999 -2.46477  2.61187  87.7183    6.771  66.6241 -1.51703  0.392673   -1.2662 -0.505185 0.038549 0.048077 0.141315 0.00200584    1.30592  0.0283871 -0.000259008  0.000129766  3.40922e-05 -0.0732283  0.0861695  0.0270859 0.345907 -0.30143 -9.79826 
                84.4 -2.3715 2.64005 87.7242  6.76787  66.7561 -1.52348  0.392673   -1.2662 -0.505185 0.038549 0.048077 0.141315 0.00209805     1.2403  -0.019323 -0.000282457  0.000138754  3.80057e-05 -0.073314 0.0861632 0.0271817 0.345828 -0.30144 -9.79827 
                84.5 -2.37717  2.78206   87.809    6.765  66.8723 -1.52787  0.392673   -1.2662 -0.505185 0.038549 0.048077 0.141315 0.0106969   1.08922 0.0319294 -0.000289206  0.000128089    3.951e-05 -0.073395 0.0860713 0.0273166  0.345758 -0.301532  -9.79827 
                84.6 -2.34805  2.70122  87.7535  6.76785  66.9782 -1.52609  0.392673   -1.2662 -0.505185 0.038549 0.048077 0.141315 0.0477461   1.11276 0.0498783 -0.000290176  0.000139825  4.75779e-05 -0.0733925  0.0860738  0.0274139 0.345765 -0.30153 -9.79827 
                84.7 -2.41025  2.15942  87.6387  6.77424  67.0949 -1.52884  0.392673   -1.2662 -0.505185 0.038549 0.048077 0.141315 -0.00746033     1.34096  -0.0918176 -0.000269483  0.000140409  5.19579e-05 -0.0732706   0.086062  0.0274834  0.345886 -0.301537  -9.79826 
                84.8 -2.44451  2.41894  87.6014  6.78196  67.2209 -1.54151  0.392673   -1.2662 -0.505185 0.038549 0.048077 0.141315 0.0729228   1.05889 0.0684349 -0.000251977  0.000123927  4.74282e-05 -0.0732142  0.0861459  0.0276916  0.345946 -0.301454  -9.79826 
                84.9 -2.27944  3.15601  87.5952  6.78931  67.3175 -1.52954  0.392673   -1.2662 -0.505185 0.038549 0.048077 0.141315 0.0549211  0.911332  0.137448 -0.000274872  0.000126777  4.41031e-05 -0.0731898  0.0861988  0.0276426  0.345966 -0.301402  -9.79826 
                  85 -2.36646  2.27478  87.5984  6.7956 67.4154 -1.5262  0.392673   -1.2662 -0.505185 0.038549 0.048077 0.141315  0.063015   1.12419 -0.107757 -0.000260663  0.000141506  3.62243e-05 -0.0731195   0.086132   0.027632  0.346036 -0.301464  -9.79826 
                85.1 -2.39569  2.39062  87.6605   6.7997  67.5248 -1.53607  0.392673   -1.2662 -0.505185 0.038549 0.048077 0.141315 0.0256223  0.954252 0.0162757 -0.000242634  0.000123732  4.17582e-05 -0.0732278  0.0862126  0.0277582 0.345934 -0.30139 -9.79826 
                85.2 -2.36638  2.70259  87.8601  6.79979  67.6171 -1.53675  0.392673   -1.2662 -0.505185 0.038549 0.048077 0.141315 0.00337462   0.930487  0.0390691 -0.000253694  0.000128772   3.4877e-05 -0.0732484  0.0861623  0.0278044 0.345917 -0.30144 -9.79826 
             85.2999 -2.35291  2.30381  88.3013  6.79428  67.7155 -1.53546  0.392673   -1.2662 -0.505185 0.038549 0.048077 0.141315 -0.0367362    1.10608  -0.106348 -0.000243338  0.000131131  2.48264e-05 -0.0732518  0.0860711  0.0277454  0.345915 -0.301529  -9.79826 
             85.3999 -2.39351  2.28763  88.9906   6.7941  67.8334 -1.54591  0.392673   -1.2662 -0.505185 0.038549 0.048077 0.141315 0.0405229   1.05956 -0.033225 -0.000228875  0.000124721   2.1623e-05 -0.0733828  0.0862178  0.0278379  0.345786 -0.301392  -9.79827 
                85.5 -2.3921 2.40346 89.1265  6.79241  67.9512 -1.55233  0.392673   -1.2662 -0.505185 0.038549 0.048077 0.141315 0.0360621   1.16882 -0.118144 -0.000248047  0.000127192  4.17492e-05 -0.0736208  0.0862385  0.0278126  0.345554 -0.301383  -9.79828 
                85.6 -2.36761  2.54056  88.9424   6.7907  68.0671 -1.56372  0.392673   -1.2662 -0.505185 0.038549 0.048077 0.141315  0.0239271   0.963662 -0.0140926 -0.000246964  0.000117562  5.40002e-05 -0.0737941  0.0862732  0.0278064 0.345385 -0.30136 -9.79828 
             85.7001 -2.36413  2.85479  88.8331   6.7914  68.1705 -1.55398  0.392673   -1.2662 -0.505185 0.038549 0.048077 0.141315  0.0439168   0.999266 -0.0200681 -0.00026822 0.000126983 5.34943e-05 -0.0739996  0.0863582  0.0275944  0.345174 -0.301292  -9.79829 
                85.8 -2.38029   2.0425  88.6217  6.79262    68.28 -1.55805  0.392673   -1.2662 -0.505185 0.038549 0.048077 0.141315 0.00134104    1.24162  -0.150086 -0.000254885  0.000135105  5.09007e-05 -0.073993 0.0863365 0.0275531  0.345181 -0.301312  -9.79829 
                85.9 -2.45825  1.89456  88.6625 6.79202 68.4173 -1.5731  0.392673   -1.2662 -0.505185 0.038549 0.048077 0.141315 -0.000313442      1.31716    -0.147536 -0.000234735  0.000127835  4.89928e-05 -0.0741433  0.0864294  0.0275594  0.345029 -0.301235   -9.7983 
                  86 -2.42549  2.42001  88.5661  6.78827  68.5589 -1.57898  0.392673   -1.2662 -0.505185 0.038549 0.048077 0.141315 -0.0336004    1.26885  -0.097927 -0.000247387  0.000119899  5.30593e-05 -0.0743703  0.0866022  0.0273702   0.34479 -0.301089  -9.79831 
                86.1 -2.36622  2.30354  88.7264  6.78593  68.6877 -1.58108  0.392673   -1.2662 -0.505185 0.038549 0.048077 0.141315 -0.0128957    1.36478 -0.0928716 -0.00025599 0.000124764 4.43655e-05 -0.0743696  0.0865654   0.027224  0.344789 -0.301126  -9.79831 
                86.2 -2.39095  1.96053  88.8185  6.78707  68.8395 -1.58253  0.392673   -1.2662 -0.505185 0.038549 0.048077 0.141315 0.0113729   1.54371 -0.128152 -0.000238847  0.000122575  4.82455e-05 -0.0744673  0.0867028   0.027041  0.344677 -0.301003  -9.79832 
                86.3 -2.38287  2.16003  88.8329  6.78737  69.0005 -1.58199  0.392673   -1.2662 -0.505185 0.038549 0.048077 0.141315 -0.000561932      1.54475   -0.0955047 -0.000227288   0.00011625    5.102e-05 -0.0745356  0.0868405  0.0268355  0.344593 -0.300878  -9.79833 
                86.4 -2.34367  2.56211  89.0103  6.79382  69.1591 -1.58393  0.392673   -1.2662 -0.505185 0.038549 0.048077 0.141315   0.030786    1.45528 -0.0171707 -0.000235319  0.000118964  4.78236e-05 -0.0745746  0.0870663  0.0267692  0.344533 -0.300665  -9.79834 
                86.5 -2.33487  2.50569  89.0808  6.80029  69.3096 -1.57768  0.392673   -1.2662 -0.505185 0.038549 0.048077 0.141315  0.0476943     1.5498 -0.0246176 -0.000228323  0.000130362  5.06735e-05 -0.0745124  0.0871113  0.0265826  0.344583 -0.300617  -9.79834 
                86.6 -2.29615  2.60365  89.1111 6.80487  69.463 -1.5738  0.392673   -1.2662 -0.505185 0.038549 0.048077 0.141315 0.0300908   1.49008 0.0212933 -0.000230393  0.000125823  4.32373e-05  -0.07451 0.0871109 0.0264844  0.344583 -0.300619  -9.79834 
                86.7 -2.37691  2.64905  89.1552 6.79748 69.6115 -1.5647  0.392673   -1.2662 -0.505185 0.038549 0.048077 0.141315 -0.0371027    1.45805  0.0387112 -0.000224843  0.000133812  4.30205e-05 -0.074651  0.087005 0.0263446  0.344454 -0.300736  -9.79834 
             86.7999 -2.32629  2.59907  89.7673 6.78622 69.7487 -1.5668  0.392673   -1.2662 -0.505185 0.038549 0.048077 0.141315 -0.0664436    1.29115  0.0480134 -0.000233562  0.000136708  1.78449e-05 -0.074761  0.086861 0.0264377  0.344365 -0.300886  -9.79833 
             86.8999 -2.38835  2.34067   90.486  6.77012  69.8743 -1.56781  0.392673   -1.2662 -0.505185 0.038549 0.048077 0.141315 -0.0811308    1.41014 -0.0187848 -0.000238667  0.000144362   2.0575e-05 -0.0748153  0.0865961   0.026481  0.344341 -0.301146  -9.79833 
             86.9999 -2.35331   2.2167  91.3703  6.75573  70.0153 -1.57517  0.392673   -1.2662 -0.505185 0.038549 0.048077 0.141315 -0.137713   1.37908    0.0159 -0.000231327  0.000133795  1.63141e-05 -0.0748746  0.0865145  0.0265897  0.344297 -0.301231  -9.79833 
             87.0999 -2.35679  2.46096  92.1199  6.73465  70.1507 -1.58002  0.392673   -1.2662 -0.505185 0.038549 0.048077 0.141315 -0.144946   1.31117 -0.025665 -0.000242624  0.000128383  1.29146e-05 -0.0750461   0.086405  0.0266076  0.344146 -0.301359  -9.79833 
                87.2 -2.3332 2.41892 92.8211  6.71752  70.2832 -1.58496  0.392673   -1.2662 -0.505185 0.038549 0.048077 0.141315 -0.096138   1.34377  -0.04477 -0.000250752  0.000127201   2.0037e-05 -0.0752013  0.0863028    0.02664 0.344012 -0.30148 -9.79833 
             87.3001 -2.34286   2.2527  92.6475  6.70698  70.4246 -1.59304  0.392673   -1.2662 -0.505185 0.038549 0.048077 0.141315  -0.154597    1.36647 -0.0552735 -0.000243739  0.000122857  4.90251e-05 -0.0752644   0.086436  0.0266499  0.343928 -0.301365  -9.79834 
             87.4001 -2.3519 2.62344 92.5191  6.68906  70.5607 -1.59571  0.392673   -1.2662 -0.505185 0.038549 0.048077 0.141315  -0.122239    1.37971 -0.0357115 -0.000257406  0.000120725  4.52347e-05 -0.075395 0.0863752 0.0266331  0.343814 -0.301448  -9.79834 
                87.5 -2.23502    2.534  92.6377  6.68294   70.705 -1.60311  0.392673   -1.2662 -0.505185 0.038549 0.048077 0.141315 -0.132835    1.5035 -0.072872 -0.000252907  0.000127058  4.23471e-05 -0.0752645  0.0864864  0.0266686  0.343917 -0.301313  -9.79834 
                87.6 -2.31934   2.8324  92.6404  6.66207  70.8539 -1.60256  0.392673   -1.2662 -0.505185 0.038549 0.048077 0.141315 -0.155536   1.37412 0.0722757 -0.000260161  0.000128491  3.84262e-05 -0.0754937  0.0864921  0.0266449 0.343699 -0.30136 -9.79834 
             87.6999 -2.24863  2.81879  93.2521  6.64008  70.9874 -1.60113  0.392673   -1.2662 -0.505185 0.038549 0.048077 0.141315   -0.2186   1.42571 0.0287106 -0.000279901  0.000141635  1.46224e-05 -0.0754352  0.0863267  0.0267264  0.343796 -0.301499  -9.79834 
             87.7999 -2.2473 2.62514 94.2653  6.62283  71.1246 -1.60339  0.392673   -1.2662 -0.505185 0.038549 0.048077 0.141315  -0.184736    1.47549 -0.0193367 -0.000269597  0.000149138  1.24998e-06 -0.0752161  0.0861722  0.0268139  0.344044 -0.301588  -9.79832 
                87.9 -2.23026  2.72915  94.8778  6.59582  71.2714 -1.60933  0.392673   -1.2662 -0.505185 0.038549 0.048077 0.141315 -0.266856    1.3676 0.0351118 -0.000275968  0.000145501  1.38067e-05 -0.0753795  0.0861662  0.0269156  0.343894 -0.301636  -9.79833 
             87.9999 -2.2318  3.1203 95.6763  6.55643  71.3964 -1.61017  0.392673   -1.2662 -0.505185 0.038549 0.048077 0.141315 -0.292825   1.26104 0.0725933 -0.000298661  0.000147549  2.09646e-06 -0.0755082  0.0858549  0.0270725  0.343863 -0.301959  -9.79832 
             88.0999 -2.14207  2.73258  97.3533  6.52894  71.5228 -1.61246  0.392673   -1.2662 -0.505185 0.038549 0.048077 0.141315  -0.306415    1.40021 -0.0306603 -0.000292504  0.000159544 -2.33592e-05 -0.075356 0.0857605 0.0271586  0.344037 -0.301999  -9.79831 
                88.2 -2.16725  2.69151  98.3963  6.49803   71.671 -1.61961  0.392673   -1.2662 -0.505185 0.038549 0.048077 0.141315 -0.265022   1.50286 0.0149337 -0.000283569  0.000146478   1.0291e-06 -0.0755272  0.0857555  0.0272633 0.343882 -0.30206 -9.79832 
             88.3001 -2.1478 2.96832 98.5766  6.46727  71.8157 -1.62396  0.392673   -1.2662 -0.505185 0.038549 0.048077 0.141315 -0.287674    1.5221 0.0384853 -0.000290092  0.000147643  2.10806e-05 -0.0754885  0.0855498  0.0274077  0.343989 -0.302235  -9.79831 
             88.4001 -2.1154 3.13598 98.9236 6.43839 71.9651 -1.6276  0.392673   -1.2662 -0.505185 0.038549 0.048077 0.141315 -0.256572    1.4891  0.044945 -0.000299745  0.000149269  1.35347e-05 -0.0755075  0.0854349  0.0275678  0.344017 -0.302343   -9.7983 
             88.5001 -2.09966  3.17025  99.0801  6.41139  72.1113 -1.62869  0.392673   -1.2662 -0.505185 0.038549 0.048077 0.141315 -0.228012   1.50946 0.0430205 -0.000304008  0.000151879  2.45095e-05 -0.0755263  0.0852905  0.0276755  0.344058 -0.302478   -9.7983 
             88.6001 -2.04066  3.20792   99.086  6.38275  72.2528 -1.63271  0.392673   -1.2662 -0.505185 0.038549 0.048077 0.141315 -0.252833   1.45341 0.0176456 -0.000314018  0.000152455  2.01476e-05 -0.0755695  0.0850515  0.0278473   0.34412 -0.302705  -9.79829 
             88.7001 -2.0861 3.01687 99.3148  6.35769  72.3927 -1.64235  0.392673   -1.2662 -0.505185 0.038549 0.048077 0.141315  -0.253883    1.49148 -0.0161941 -0.000303521  0.000153483  1.64038e-05 -0.0754691  0.0848202  0.0280573  0.344314 -0.302865  -9.79828 
             88.8001 -2.0924 3.04473 99.3797  6.33391    72.54 -1.64761  0.392673   -1.2662 -0.505185 0.038549 0.048077 0.141315 -0.187113   1.48387 -0.013361 -0.000302068  0.000148808   2.3561e-05 -0.075452 0.0847525 0.0281589  0.344361 -0.302917  -9.79827 
             88.9001 -2.08841  3.20301  99.0934   6.3136   72.685 -1.65272  0.392673   -1.2662 -0.505185 0.038549 0.048077 0.141315   -0.215271      1.4573 -0.00910425 -0.000306483  0.000151709  4.16437e-05 -0.0754401  0.0847561  0.0282541  0.344372 -0.302907  -9.79827 
                  89 -2.06537  2.98433  98.9741  6.28104  72.8218 -1.66249  0.392673   -1.2662 -0.505185 0.038549 0.048077 0.141315  -0.292612    1.42737 -0.0852282 -0.000306991   0.00015643  3.24471e-05 -0.0755583  0.0843898  0.0283767  0.344439 -0.303277  -9.79826 
                89.1 -2.08025  3.11468  99.2438  6.25247  72.9527 -1.67172  0.392673   -1.2662 -0.505185 0.038549 0.048077 0.141315  -0.281651    1.25908 -0.0222422 -0.000295565  0.000150908  2.68857e-05 -0.0754934  0.0842298  0.0284568  0.344571 -0.303386  -9.79825 
             89.1999 -2.0816 3.12732 99.7428  6.21736  73.0798 -1.67132  0.392673   -1.2662 -0.505185 0.038549 0.048077 0.141315 -0.348933   1.29697  -0.01832 -0.000295994  0.000158498  1.70916e-05 -0.0756307  0.0842098  0.0284325   0.34446 -0.303466  -9.79825 
             89.2999 -1.98961  2.89557  100.632  6.17879  73.2114 -1.67971  0.392673   -1.2662 -0.505185 0.038549 0.048077 0.141315  -0.366683    1.36453 -0.0538241 -0.000290685  0.000157681  2.83266e-06 -0.0756694  0.0840924  0.0285523  0.344485 -0.303584  -9.79825 
             89.3999 -1.98551  3.05273  101.333  6.14345  73.3592 -1.68188  0.392673   -1.2662 -0.505185 0.038549 0.048077 0.141315    -0.3387    1.40987 -0.0303827 -0.000287998  0.000155437  1.23579e-05 -0.0758164  0.0843838  0.0285202  0.344222 -0.303402  -9.79826 
                89.5 -1.96591  3.10772  101.734  6.10594   73.503 -1.68865  0.392673   -1.2662 -0.505185 0.038549 0.048077 0.141315  -0.345331    1.35668 -0.0361114 -0.000285779  0.000158669  1.91894e-05 -0.0759472  0.0844412  0.0285695  0.344085 -0.303414  -9.79827 
                89.6 -1.87574  3.31676  102.272  6.06359  73.6373 -1.69342  0.392673   -1.2662 -0.505185 0.038549 0.048077 0.141315   -0.386019      1.3499 0.000303016 -0.000290787  0.000160963  1.19894e-05 -0.0760902  0.0843593  0.0286089  0.344002 -0.303551  -9.79827 
             89.6999 -1.85562  3.38016   103.07 6.02023 73.7721  -1.697  0.392673   -1.2662 -0.505185 0.038549 0.048077 0.141315  -0.421889    1.27856 -0.0202005 -0.000288672  0.000167212  2.79091e-06 -0.0762068   0.084362  0.0286625  0.343904 -0.303604  -9.79827 
                89.8 -1.79986  3.31388  103.986  5.97879  73.9057 -1.69875  0.392673   -1.2662 -0.505185 0.038549 0.048077 0.141315  -0.434398    1.32096 -0.0372641 -0.000279334  0.000172826  4.65231e-06 -0.0762491  0.0845544  0.0286636  0.343774 -0.303463  -9.79828 
                89.9 -1.73501  3.24257  104.754  5.93159  74.0373 -1.70794  0.392673   -1.2662 -0.505185 0.038549 0.048077 0.141315  -0.483464    1.24592 -0.0735374 -0.000279928  0.000164914  5.50205e-06 -0.0763416  0.0845696  0.0287482  0.343691 -0.303497  -9.79828 
                  90 -1.7223 3.27775 105.598  5.88249  74.1677 -1.71832  0.392673   -1.2662 -0.505185 0.038549 0.048077 0.141315 -0.464872     1.263 -0.123649 -0.000275258  0.000165429  6.36233e-06 -0.0764739  0.0847458  0.0287579   0.34349 -0.303419  -9.79829 
                90.1 -1.68485   3.2341  106.156  5.83259  74.3033 -1.73478  0.392673   -1.2662 -0.505185 0.038549 0.048077 0.141315 -0.530904   1.29605 -0.143052 -0.000285159  0.000162968   2.4871e-05 -0.0766628  0.0850259  0.0287704  0.343184 -0.303289   -9.7983 
                90.2 -1.63664  3.37364  106.675  5.78021  74.4367 -1.74561  0.392673   -1.2662 -0.505185 0.038549 0.048077 0.141315 -0.531744   1.24618  -0.10031 -0.000280297  0.000160831  2.42208e-05 -0.0766878  0.0852451  0.0287255  0.343044 -0.303124  -9.79831 
                90.3 -1.50249  3.53452  107.733  5.72235  74.5607 -1.75101  0.392673   -1.2662 -0.505185 0.038549 0.048077 0.141315  -0.56626   1.20166 -0.135002 -0.000280376  0.000165316  8.20442e-06 -0.076784 0.0852551 0.0285652  0.342957 -0.303169  -9.79831 
                90.4  -1.499 3.59458 108.803  5.66993  74.6921 -1.75555  0.392673   -1.2662 -0.505185 0.038549 0.048077 0.141315 -0.542012   1.23912 -0.056637 -0.000270377  0.000159934  1.47159e-05 -0.076829 0.0856936 0.0284484   0.34267 -0.302846  -9.79833 
                90.5 -1.47289  3.39086  109.535  5.61211   74.828 -1.75789  0.392673   -1.2662 -0.505185 0.038549 0.048077 0.141315 -0.590495   1.33938 -0.117131 -0.000269821  0.000161756  2.23885e-05 -0.076964 0.0859539 0.0282752 0.342408 -0.30272 -9.79835 
                90.6 -1.45724  3.58967  110.201  5.55616  74.9655 -1.76651  0.392673   -1.2662 -0.505185 0.038549 0.048077 0.141315  -0.609516    1.32943 -0.0658006 -0.000264223  0.000156669  2.56237e-05 -0.0768576   0.086139   0.028222  0.342381 -0.302513  -9.79835 
                90.7 -1.42575  3.68941  110.794  5.49056  75.1046 -1.76784  0.392673   -1.2662 -0.505185 0.038549 0.048077 0.141315  -0.628464    1.39642 -0.0229452 -0.000279892  0.000165134  2.27853e-05 -0.0770723  0.0862477   0.028137  0.342145 -0.302557  -9.79836 
                90.8 -1.37517  3.80807  111.497  5.42159   75.246 -1.77091  0.392673   -1.2662 -0.505185 0.038549 0.048077 0.141315  -0.658996    1.36577 -0.0167724 -0.000285144  0.000171991  1.64992e-05 -0.0772798  0.0862913  0.0281508 0.341959 -0.30265 -9.79836 
                90.9 -1.34077  3.83842  112.279 5.35031 75.3815 -1.7743  0.392673   -1.2662 -0.505185 0.038549 0.048077 0.141315  -0.716403    1.33997 -0.0325314 -0.000287361  0.000182256  1.11285e-05 -0.0774105  0.0862484  0.0281624  0.341887 -0.302763  -9.79836 
                  91 -1.31527   3.9496  113.168  5.26842  75.5098 -1.78282  0.392673   -1.2662 -0.505185 0.038549 0.048077 0.141315   -0.756728     1.27613 -0.00283174 -0.000301509  0.000190301  3.35632e-06 -0.0777413  0.0860284  0.0282492  0.341779 -0.303137  -9.79836 
                91.1 -1.32242  3.99118  114.274  5.18733  75.6318 -1.78256  0.392673   -1.2662 -0.505185 0.038549 0.048077 0.141315 -0.781957   1.24324 0.0127933 -0.000318776  0.000202351 -3.59729e-06 -0.0779382  0.0857501  0.0282417  0.341809 -0.303469  -9.79834 
                91.2 -1.33485  3.94125  115.238  5.09706    75.75 -1.78466  0.392673   -1.2662 -0.505185 0.038549 0.048077 0.141315  -0.837539    1.20841 0.00169217 -0.000327256  0.000207469  9.19733e-07 -0.078303 0.0854293 0.0283061   0.34175 -0.303942  -9.79833 
             91.2999 -1.40558  4.00195  116.402  5.00856  75.8633 -1.79229  0.392673   -1.2662 -0.505185 0.038549 0.048077 0.141315  -0.824657    1.14676 -0.0256723  -0.00035112  0.000222865 -9.75605e-06 -0.0784525  0.0852337    0.02846 0.341773 -0.30418 -9.79832 
             91.3999 -1.38303  3.96026  117.876 4.92288 75.9781 -1.8057  0.392673   -1.2662 -0.505185 0.038549 0.048077 0.141315  -0.887068    1.17784 -0.0956535 -0.000368627  0.000233154 -1.49635e-05 -0.0783954  0.0852164   0.028625   0.34183 -0.304152  -9.79832 
                91.5 -1.46848  4.14615  119.186 4.83499  76.092 -1.8226  0.392673   -1.2662 -0.505185 0.038549 0.048077 0.141315 -0.850798   1.18991 -0.104657 -0.000383871  0.000231785 -1.18574e-05 -0.0783396  0.0850821  0.0287852  0.341964 -0.304208  -9.79832 
                91.6 -1.94803  4.83364  120.505  4.76776  76.2013 -1.84105  0.392673   -1.2662 -0.505185 0.038549 0.048077 0.141315 -0.904637   1.07496 -0.131571 -0.000314519  0.000175117 -1.01576e-05 -0.0774716  0.0850752  0.0290271  0.342599 -0.303621  -9.79831 
                91.7 -2.03528  5.15865  121.929  4.67935  76.3035 -1.84854  0.392673   -1.2662 -0.505185 0.038549 0.048077 0.141315   -0.87793    1.03499 -0.0771522  -0.00031103  0.000183974 -1.50183e-05 -0.0773554  0.0849086  0.0289707  0.342795 -0.303655   -9.7983 
                91.8 -1.95931  5.21662  123.618   4.5903  76.4073 -1.86013  0.392673   -1.2662 -0.505185 0.038549 0.048077 0.141315  -0.91001   1.07922 -0.165843 -0.000326025  0.000189947 -2.14127e-05 -0.0773366  0.0848179  0.0289747   0.34287 -0.303703   -9.7983 
             91.9001 -1.9974 5.37781 124.735  4.50663  76.5198 -1.87199  0.392673   -1.2662 -0.505185 0.038549 0.048077 0.141315  -0.796475    1.08454 -0.0774994 -0.000320961  0.000185758  9.80829e-07 -0.0771768  0.0850735  0.0289752  0.342794 -0.303418  -9.79831 
             92.0001 -1.86361  5.39687  125.375  4.42157   76.629 -1.87121  0.392673   -1.2662 -0.505185 0.038549 0.048077 0.141315  -0.876502    1.03706 -0.0486415 -0.000340293  0.000192443  1.81345e-05 -0.077241 0.0852198 0.0287627  0.342632 -0.303373  -9.79832 
             92.1001 -1.88161   5.2415  125.925   4.3348  76.7292 -1.88135  0.392673   -1.2662 -0.505185 0.038549 0.048077 0.141315 -0.862931   1.06723 -0.165182 -0.000333296  0.000197151  1.73485e-05 -0.0772251  0.0848957  0.0287734  0.342883 -0.303572   -9.7983 
             92.2001 -1.76334  5.07244  126.419  4.24558  76.8405 -1.89309  0.392673   -1.2662 -0.505185 0.038549 0.048077 0.141315 -0.899659   1.06367 -0.151637 -0.000339206  0.000187848  2.58468e-05 -0.0772498  0.0853001  0.0287121  0.342561 -0.303333  -9.79832 
             92.3001 -1.78194  5.13486  126.905  4.15488  76.9487 -1.90377  0.392673   -1.2662 -0.505185 0.038549 0.048077 0.141315 -0.864236   1.01969 -0.116595 -0.000333989  0.000179951    2.769e-05 -0.0773027  0.0854903  0.0285995  0.342379 -0.303256  -9.79833 
                92.4 -1.58748  5.15569  127.528  4.06747  77.0541 -1.91194  0.392673   -1.2662 -0.505185 0.038549 0.048077 0.141315 -0.883908   1.05202 -0.157521 -0.000337824  0.000174262  2.24201e-05 -0.077355 0.0857263 0.0284924  0.342162 -0.303151  -9.79834 
             92.5001 -1.43764   5.0944  127.896 3.97482 77.1657 -1.9262  0.392673   -1.2662 -0.505185 0.038549 0.048077 0.141315 -0.898686   1.01327 -0.131025 -0.000326002   0.00016578  3.63394e-05 -0.077556  0.086291 0.0284898  0.341606 -0.302952  -9.79837 
                92.6 -1.34647  5.06708  128.456  3.89185  77.2671 -1.93077  0.392673   -1.2662 -0.505185 0.038549 0.048077 0.141315 -0.839906  0.972552 -0.107582 -0.000312574  0.000149494  2.86705e-05 -0.0771949  0.0864103  0.0283074  0.341732 -0.302609  -9.79837 
                92.7 -1.07773   4.9976  129.296  3.80935  77.3751 -1.92978  0.392673   -1.2662 -0.505185 0.038549 0.048077 0.141315  -0.870131    1.00466 -0.0923418 -0.000291631  0.000144068  2.53728e-05 -0.0769488  0.0871112   0.028049  0.341335 -0.301995  -9.79841 
                92.8 -0.727225   4.57058   129.958  3.71612    77.48 -1.93191  0.392673   -1.2662 -0.505185 0.038549 0.048077 0.141315  -0.905402    1.00319 -0.0983411 -0.000306818  0.000146645  3.18335e-05 -0.0772486  0.0873573  0.0278658  0.340951 -0.302081  -9.79842 
                92.9 -0.389889   4.52267   130.476  3.61254  77.5833 -1.93993  0.392673   -1.2662 -0.505185 0.038549 0.048077 0.141315  -0.977592   0.927408 -0.0949574 -0.000318198  0.000159668  3.16745e-05 -0.0778431  0.0877148  0.0277701  0.340305 -0.302324  -9.79843 
             92.9999 -0.160265   4.31615   131.458  3.50115   77.672 -1.94411  0.392673   -1.2662 -0.505185 0.038549 0.048077 0.141315 -0.998489  0.769489 0.0434627 -0.000323498  0.000162454  1.19955e-05 -0.0786333  0.0877202  0.0277757  0.339819 -0.302934  -9.79843 
             93.0999 -0.256953   3.74121   132.485  3.39474  77.7617 -1.94114  0.392673   -1.2662 -0.505185 0.038549 0.048077 0.141315   -1.07092   0.907764 -0.0825889 -0.000313007  0.000169893  1.05373e-05 -0.0788992  0.0880817  0.0276086  0.339371 -0.302926  -9.79845 
                93.2 -0.252679   3.43863   133.424  3.28811   77.856 -1.94338  0.392673   -1.2662 -0.505185 0.038549 0.048077 0.141315   -1.06517   0.868925 -0.0729299 -0.000307516  0.000157342  1.45445e-05 -0.0788536  0.0883911  0.0275868  0.339155 -0.302706  -9.79846 
                93.3 -0.409635   3.46322   134.299  3.18206  77.9438 -1.95063  0.392673   -1.2662 -0.505185 0.038549 0.048077 0.141315   -1.13882    0.83196 -0.0787378 -0.000299517   0.00014624   1.7258e-05 -0.0787205  0.0884756  0.0275708  0.339168 -0.302552  -9.79846 
                93.4 -0.386394   3.53675   135.413  3.06499  78.0348 -1.96293  0.392673   -1.2662 -0.505185 0.038549 0.048077 0.141315   -1.16829   0.909453 -0.0923718 -0.000301367  0.000142473  1.08755e-05 -0.0787162  0.0887596  0.0275754  0.338947 -0.302381  -9.79848 
                93.5 -0.65157  4.11037  136.205  2.94088  78.1368 -1.96475  0.392673   -1.2662 -0.505185 0.038549 0.048077 0.141315    -1.1438   0.920043 -0.0645455 -0.00031353  0.00014865 2.04032e-05 -0.0794092  0.0894071  0.0274937  0.338022 -0.302552   -9.7985 
                93.6 -0.472317   4.12284   136.896  2.82929  78.2268 -1.97299  0.392673   -1.2662 -0.505185 0.038549 0.048077 0.141315   -1.12985   0.910663 -0.0524232 -0.00032226 0.000155527 1.72585e-05 -0.0790402   0.089376  0.0275291  0.338262 -0.302275   -9.7985 
                93.7 -0.308581   4.43748   137.861  2.71463  78.3195 -1.97362  0.392673   -1.2662 -0.505185 0.038549 0.048077 0.141315   -1.1546  0.827396 0.0669099 -0.000324322  0.000157161  1.49457e-05 -0.0791133  0.0896492   0.027487     0.338 -0.302177  -9.79852 
                93.8 -0.0754614    4.12795    138.575  2.59942  78.4106 -1.96746  0.392673   -1.2662 -0.505185 0.038549 0.048077 0.141315  -1.15597  0.985127 0.0244399 -0.000331984  0.000169591  1.78071e-05 -0.079073 0.0897325 0.0274629  0.337955 -0.302096  -9.79852 
                93.9 0.311601  3.98323  139.137  2.48906  78.5069 -1.96978  0.392673   -1.2662 -0.505185 0.038549 0.048077 0.141315  -1.14932  0.866594 0.0631603 -0.000329518  0.000165185   2.5094e-05 -0.0788498  0.0898952  0.0276433  0.337954 -0.301822  -9.79853 
                  94 0.558418  3.59559  139.666  2.37904  78.5924 -1.97595  0.392673   -1.2662 -0.505185 0.038549 0.048077 0.141315   -1.18521   0.877208 0.00458272 -0.000318779   0.00017589  2.46049e-05 -0.0784851  0.0897764  0.0278762  0.338262 -0.301589  -9.79853 
                94.1 0.627974   3.2069  140.366  2.26425   78.674 -1.97323  0.392673   -1.2662 -0.505185 0.038549 0.048077 0.141315  -1.17958  0.730587 0.0499727 -0.000312618  0.000171291   1.4294e-05 -0.0783464  0.0895132  0.0279118  0.338556 -0.301623  -9.79851 
                94.2 0.763745  2.78838  141.249  2.14903  78.7484 -1.98425  0.392673   -1.2662 -0.505185 0.038549 0.048077 0.141315   -1.16036    0.79428 -0.0902351 -0.00031651 0.000171187 4.86283e-06 -0.0781201   0.089371  0.0281073  0.338801 -0.301516  -9.79851 
                94.3 0.833483  2.85793  142.161  2.03142   78.825 -1.98695  0.392673   -1.2662 -0.505185 0.038549 0.048077 0.141315   -1.22738   0.724171 0.00847758 -0.000322766  0.000160254  1.13822e-05 -0.0781218  0.0893626  0.0281316  0.338807 -0.301523  -9.79851 
                94.4 0.69617 2.90741 142.868  1.91265  78.9031 -1.98866  0.392673   -1.2662 -0.505185 0.038549 0.048077 0.141315   -1.20015   0.820311 -0.0100158 -0.000320941  0.000154014  8.66492e-06 -0.0780431  0.0895348  0.0281746   0.33871 -0.301364  -9.79852 
                94.5 0.707136  2.70567  143.547  1.79213  78.9813 -1.99881  0.392673   -1.2662 -0.505185 0.038549 0.048077 0.141315  -1.22629  0.716863 -0.119692 -0.000320359  0.000154543  1.48521e-05 -0.0778286  0.0894978  0.0282532  0.338858 -0.301208  -9.79852 
                94.6 0.673349  3.04446  144.281  1.66628  79.0528 -2.01241  0.392673   -1.2662 -0.505185 0.038549 0.048077 0.141315  -1.23181  0.713886 -0.162737 -0.000330771  0.000157227  1.34122e-05 -0.0779377  0.0895796  0.0282347   0.33873 -0.301254  -9.79852 
                94.7 0.604207   3.4604  145.055  1.54576  79.1244 -2.03171  0.392673   -1.2662 -0.505185 0.038549 0.048077 0.141315  -1.21676  0.690591 -0.185191 -0.000333218  0.000149628   1.3603e-05 -0.0777645  0.0896752  0.0282623 0.338745 -0.30106 -9.79853 
                94.8 0.756321  3.71574  145.633  1.42713  79.1975 -2.04599  0.392673   -1.2662 -0.505185 0.038549 0.048077 0.141315  -1.18745  0.684145 -0.178704 -0.000337492  0.000143863   2.7022e-05 -0.0775349  0.0901517  0.0281984  0.338471 -0.300616  -9.79855 
                94.9 0.763223  3.62347   145.98  1.31179   79.269 -2.06212  0.392673   -1.2662 -0.505185 0.038549 0.048077 0.141315 -1.19242 0.694452 -0.19873 -0.00033808 0.000147342 3.63021e-05 -0.0771985  0.0903074  0.0280442   0.33852 -0.300253  -9.79856 
             95.0001 0.712229  3.57327  146.082 1.18844 79.3581 -2.0675  0.392673   -1.2662 -0.505185 0.038549 0.048077 0.141315   -1.17067   0.843778 -0.0884517 -0.000339157    0.0001502  5.34929e-05 -0.0774543  0.0914543  0.0277914  0.337425 -0.299864  -9.79861 
             95.1001 0.779521   3.0832  145.844  1.06882  79.4452 -2.06485  0.392673   -1.2662 -0.505185 0.038549 0.048077 0.141315  -1.22754  0.794058 -0.167654 -0.000345853   0.00015537  5.91566e-05 -0.0774009  0.0917482  0.0274466  0.337204 -0.299666  -9.79862 
                95.2 0.985462  3.10144  145.905 0.940096  79.5259 -2.06951  0.392673   -1.2662 -0.505185 0.038549 0.048077 0.141315  -1.25351  0.785118 -0.119899 -0.000350704  0.000147944  4.71593e-05 -0.0777554  0.0918675  0.0271719  0.336915 -0.299901  -9.79862 
                95.3 1.25981 3.12137 146.095 0.80282 79.6103 -2.0802  0.392673   -1.2662 -0.505185 0.038549 0.048077 0.141315   -1.32424   0.735979 -0.0887358 -0.000359252  0.000153885  4.64868e-05 -0.0781965  0.0925592  0.0270447  0.336103 -0.299912  -9.79865 
                95.4 1.27573  3.2691 146.361 0.671676   79.684 -2.07547  0.392673   -1.2662 -0.505185 0.038549 0.048077 0.141315   -1.28665   0.743291 -0.0279483 -0.00035599 0.000150907  4.1976e-05 -0.0784682  0.0924184  0.0268015  0.336077 -0.300213  -9.79864 
                95.5 1.31625 2.99002 146.593 0.539442  79.7654 -2.07717  0.392673   -1.2662 -0.505185 0.038549 0.048077 0.141315  -1.35125  0.785915 -0.152337 -0.000350909  0.000150494  4.47264e-05 -0.0784939  0.0928202    0.02665  0.335725 -0.300027  -9.79866 
                95.6 1.06872 3.19929 146.512 0.402601  79.8466 -2.08623  0.392673   -1.2662 -0.505185 0.038549 0.048077 0.141315  -1.35522  0.776461 -0.070126 -0.000348746  0.000146565  5.07951e-05  -0.07855 0.0928574 0.0265575  0.335664 -0.300055  -9.79866 
                95.7 0.882444   3.7174  146.464 0.265411   79.921 -2.09421  0.392673   -1.2662 -0.505185 0.038549 0.048077 0.141315   -1.3132  0.747069 -0.151859 -0.000343092  0.000147349  5.04032e-05 -0.0787556  0.0928725  0.0265212 0.335545 -0.30022 -9.79866 
                95.8 0.772027  3.81188   146.58 0.140009  80.0032 -2.09088  0.392673   -1.2662 -0.505185 0.038549 0.048077 0.141315    -1.31205    0.762122 0.000542511 -0.00034096  0.00015031 5.01007e-05 -0.0783216  0.0933605  0.0262773  0.335357 -0.299602  -9.79869 
                95.9 0.716776  3.76103  146.552 0.0160418   80.0876  -2.09616  0.392673   -1.2662 -0.505185 0.038549 0.048077 0.141315    -1.3006   0.789237 0.00194761 -0.000345065  0.000151257  5.89055e-05 -0.0778091  0.0934394  0.0262916 0.335557 -0.29913 -9.79869 
                  96 0.905063  4.06344  146.445 -0.103625   80.1666  -2.09228  0.392673   -1.2662 -0.505185 0.038549 0.048077 0.141315   -1.29311   0.811418 -0.0480451 -0.000356017  0.000149619  5.86131e-05 -0.0771009  0.0934253  0.0262314  0.335935 -0.298541   -9.7987 
             96.0999 0.925992  3.74981  146.502 -0.226794   80.2401  -2.09696  0.392673   -1.2662 -0.505185 0.038549 0.048077 0.141315   -1.26839   0.688201 -0.0066849 -0.000356327  0.000156165  5.12965e-05 -0.0768797  0.0931983  0.0262834  0.336241 -0.298472  -9.79869 
                96.2 0.853016  3.65592  146.552 -0.354039   80.3156  -2.09982  0.392673   -1.2662 -0.505185 0.038549 0.048077 0.141315   -1.24605   0.802903 -0.0171872 -0.000355395   0.00015305  5.42197e-05 -0.076908 0.0934604 0.0263797  0.336008 -0.298361   -9.7987 
                96.3 0.959119  3.41273  146.631 -0.47343  80.3981 -2.10226  0.392673   -1.2662 -0.505185 0.038549 0.048077 0.141315   -1.29641   0.749322 -0.0525793 -0.000360975  0.000160905  5.64613e-05 -0.0762561  0.0935379   0.026315   0.33628 -0.297772  -9.79871 
                96.4 0.836791   3.6791  146.513 -0.606983   80.4748  -2.11471  0.392673   -1.2662 -0.505185 0.038549 0.048077 0.141315    -1.3209   0.789646 -0.0726191  -0.0003574 0.000147075 5.98727e-05 -0.0764714  0.0935854  0.0264441   0.33613 -0.297929  -9.79871 
                96.5 0.842089  4.13291  146.684 -0.733884   80.5606  -2.12274  0.392673   -1.2662 -0.505185 0.038549 0.048077 0.141315   -1.27212   0.797131 -0.0298354 -0.000361789  0.000141866  5.85833e-05 -0.0762179  0.0939965  0.0265573  0.335918 -0.297503  -9.79873 
                96.6 0.838615  4.20616  146.491 -0.863495   80.6417  -2.13366  0.392673   -1.2662 -0.505185 0.038549 0.048077 0.141315  -1.32486  0.791541 -0.125441 -0.000367523  0.000163618   6.1429e-05 -0.0762422  0.0941517  0.0267068  0.335778 -0.297444  -9.79874 
             96.6999 0.903938  4.20764  146.553 -0.989199   80.7174  -2.15217  0.392673   -1.2662 -0.505185 0.038549 0.048077 0.141315 -1.29179 0.703513 -0.17305 -0.000362916  0.000166843  5.32667e-05 -0.0758643  0.0940924  0.0267714  0.336024 -0.297156  -9.79874 
             96.7999 0.898575  4.39754  146.816 -1.11767  80.7931 -2.16818  0.392673   -1.2662 -0.505185 0.038549 0.048077 0.141315  -1.31036  0.720238 -0.147655 -0.000362242  0.000169511  5.27749e-05 -0.075678 0.0945398 0.0267146  0.335744 -0.296769  -9.79876 
                96.9 0.819777  4.40165  146.955 -1.24524  80.8715 -2.17721  0.392673   -1.2662 -0.505185 0.038549 0.048077 0.141315  -1.26967   0.75307 -0.131166 -0.000364273  0.000167313  5.68721e-05 -0.0755046   0.094849  0.0266276  0.335572 -0.296464  -9.79877 
                  97 0.916334  4.18673  146.958  -1.3713   80.953 -2.18225  0.392673   -1.2662 -0.505185 0.038549 0.048077 0.141315   -1.28942   0.774485 -0.0838265 -0.000368221  0.000170575  6.37993e-05 -0.075107  0.095232 0.0264705  0.335453 -0.295933  -9.79879 
                97.1 0.830819  4.18379  146.975 -1.49912  81.0321 -2.18293  0.392673   -1.2662 -0.505185 0.038549 0.048077 0.141315   -1.26698   0.740447 -0.0161331 -0.000371759  0.000167881  6.09418e-05 -0.0750244   0.095313  0.0263441  0.335425 -0.295822   -9.7988 
                97.2 0.780884  4.06957  147.005 -1.62145   81.113 -2.17827  0.392673   -1.2662 -0.505185 0.038549 0.048077 0.141315   -1.31047   0.807691 -0.0442769 -0.000367151  0.000169107  5.93494e-05 -0.0746571  0.0956112   0.026234 0.335362 -0.29536 -9.79882 
                97.3 0.762028  3.81979  147.027 -1.74744  81.1887 -2.18309  0.392673   -1.2662 -0.505185 0.038549 0.048077 0.141315   -1.27099   0.732128 -0.0359066 -0.000366392  0.000161716  5.56079e-05 -0.0744587  0.0954022  0.0262952 0.335642  -0.2953 -9.79881 
             97.3999 0.736231  3.70238  147.342 -1.86896  81.2589  -2.1891  0.392673   -1.2662 -0.505185 0.038549 0.048077 0.141315   -1.26703   0.751029 0.00727024 -0.000365559  0.000166201  4.51481e-05 -0.0741931   0.095042  0.0263499  0.336083 -0.295262  -9.79879 
                97.5 0.653951  3.59452  147.613 -1.99709   81.332 -2.18896  0.392673   -1.2662 -0.505185 0.038549 0.048077 0.141315   -1.3176  0.776017 0.0224135 -0.000365025  0.000163218  4.44747e-05 -0.0742522  0.0947663  0.0263931  0.336286 -0.295453  -9.79878 
             97.5999 0.72084 3.60786 147.986 -2.12754  81.4067 -2.18808  0.392673   -1.2662 -0.505185 0.038549 0.048077 0.141315  -1.30687  0.761482 0.0441437 -0.000359141  0.000159296  3.84182e-05 -0.0741806   0.094607  0.0264369  0.336458 -0.295474  -9.79877 
             97.6999 0.741181  3.62131  148.545 -2.25147  81.4777  -2.1935  0.392673   -1.2662 -0.505185 0.038549 0.048077 0.141315   -1.23874   0.704022 -0.0119796 -0.000359876  0.000157431  3.33493e-05 -0.0740561  0.0943989  0.0266373  0.336701 -0.295475  -9.79877 
                97.8 0.792894  3.34013  149.098 -2.37303   81.542 -2.20267  0.392673   -1.2662 -0.505185 0.038549 0.048077 0.141315   -1.24763     0.7102 -0.0260909 -0.000360067  0.000156275  3.32214e-05 -0.0739918  0.0940553  0.0267648  0.337026 -0.295596  -9.79875 
                97.9 0.92261 2.92301 149.597 -2.49125  81.6044 -2.20624  0.392673   -1.2662 -0.505185 0.038549 0.048077 0.141315   -1.2776  0.693734 -0.039769 -0.000363432  0.000156971  3.99555e-05 -0.0736307  0.0935415  0.0267901  0.337645 -0.295554  -9.79873 
                  98 1.09322 2.73958 150.234 -2.61609  81.6659 -2.20627  0.392673   -1.2662 -0.505185 0.038549 0.048077 0.141315    -1.24974    0.650953 -0.00649145 -0.000367305  0.000157487  3.84366e-05 -0.0735759  0.0931594  0.0267643  0.337995 -0.295702  -9.79871 
             98.0999 1.13216 2.67177 150.899 -2.73965    81.72 -2.20578  0.392673   -1.2662 -0.505185 0.038549 0.048077 0.141315   -1.27765   0.624366 -0.0392365 -0.000366295  0.000154122  3.66125e-05 -0.0735812  0.0925652  0.0267585  0.338495 -0.296007  -9.79869 
             98.1999 1.26255 2.51654 151.827 -2.86633  81.7771 -2.21152  0.392673   -1.2662 -0.505185 0.038549 0.048077 0.141315   -1.33363   0.608987 -0.0777195 -0.00036812 0.000147013 3.12121e-05 -0.0732993  0.0922058  0.0267254  0.338942 -0.295949  -9.79867 
             98.2999 1.20897 2.83151 152.841 -3.00221  81.8342 -2.21969  0.392673   -1.2662 -0.505185 0.038549 0.048077 0.141315   -1.34374   0.600791 -0.0684842  -0.0003654 0.000145424 2.36615e-05 -0.0734814  0.0922224  0.0267655  0.338837 -0.296095  -9.79867 
             98.3999  1.0932 3.06918 153.936 -3.13948  81.8844 -2.22687  0.392673   -1.2662 -0.505185 0.038549 0.048077 0.141315   -1.36821    0.54908 -0.0389625 -0.00036218 0.000146976 2.26972e-05 -0.0737158  0.0917801  0.0268131  0.339096 -0.296515  -9.79865 
             98.4999 1.02333 3.16791 155.117  -3.2782  81.9349 -2.23279  0.392673   -1.2662 -0.505185 0.038549 0.048077 0.141315   -1.40054   0.554126 -0.0424724 -0.000364505  0.000148335  1.74594e-05 -0.0738166  0.0914731  0.0268388  0.339308 -0.296752  -9.79864 
                98.6 1.00424 3.36568 156.147 -3.41842  81.9827 -2.23835  0.392673   -1.2662 -0.505185 0.038549 0.048077 0.141315   -1.41849   0.514927 -0.0425887 -0.000368342  0.000146972  2.18533e-05 -0.0739111  0.0910242  0.0268714  0.339645 -0.297054  -9.79862 
                98.7 0.956256  3.56079  156.966 -3.55626  82.0232 -2.24384  0.392673   -1.2662 -0.505185 0.038549 0.048077 0.141315   -1.37723   0.478786 -0.0627874 -0.000367199  0.000146727   2.4186e-05 -0.0739674   0.090448  0.0269042  0.340112 -0.297382  -9.79859 
                98.8 0.991592  3.42294  157.903   -3.689  82.0589 -2.25207  0.392673   -1.2662 -0.505185 0.038549 0.048077 0.141315   -1.38622   0.416058 -0.0394022 -0.000371102  0.000153651  2.22152e-05 -0.0738193  0.0897423  0.0269525  0.340791 -0.297594  -9.79856 
                98.9 1.02952 3.35893 158.923 -3.82586  82.0963 -2.25732  0.392673   -1.2662 -0.505185 0.038549 0.048077 0.141315   -1.41296   0.405162 -0.0425674 -0.000372492  0.000155537  2.09507e-05 -0.0736574  0.0893648  0.0269844  0.341194 -0.297634  -9.79854 
                  99 1.02757 3.43457  159.95 -3.95938  82.1325 -2.26092  0.392673   -1.2662 -0.505185 0.038549 0.048077 0.141315   -1.4032  0.380471 -0.051174 -0.000371821  0.000153506  1.61443e-05 -0.0733013  0.0890178  0.0270189  0.341665 -0.297489  -9.79853 
                99.1 1.08787 3.48591 161.092 -4.09397  82.1679 -2.26614  0.392673   -1.2662 -0.505185 0.038549 0.048077 0.141315    -1.38841    0.343136 -0.00615311 -0.000370859  0.000157903  1.12806e-05 -0.0729139  0.0888881  0.0270542   0.34196 -0.297213  -9.79853 
                99.2 1.14485 3.51863 162.307 -4.22573  82.1958 -2.26685  0.392673   -1.2662 -0.505185 0.038549 0.048077 0.141315   -1.42219   0.318658 -0.0347192 -0.000373156  0.000159374  1.20417e-05 -0.0725432  0.0883632  0.0270444   0.34259 -0.297134  -9.79851 
                99.3 1.19597 3.52726 163.229 -4.36995  82.2193  -2.2753  0.392673   -1.2662 -0.505185 0.038549 0.048077 0.141315   -1.40542   0.252589 -0.0387257 -0.000376367  0.000154149  1.73876e-05 -0.0727799  0.0879855  0.0271293   0.34281 -0.297514  -9.79849 
                99.4 1.22524 3.67409 164.287 -4.50165  82.2395  -2.2812  0.392673   -1.2662 -0.505185 0.038549 0.048077 0.141315   -1.37691   0.226031 -0.0263348 -0.000379577  0.000153597  1.33341e-05 -0.0724355  0.0876559  0.0271817  0.343257 -0.297362  -9.79848 
                99.5 1.25579 3.55117 165.536 -4.63834  82.2582  -2.2911  0.392673   -1.2662 -0.505185 0.038549 0.048077 0.141315   -1.42819    0.20282 -0.0803024 -0.000379718  0.000155634  1.06201e-05 -0.0723075  0.0873421  0.0272867 0.343592 -0.29739 -9.79847 
                99.6 1.28714 3.60969 166.547 -4.78099  82.2758 -2.29944  0.392673   -1.2662 -0.505185 0.038549 0.048077 0.141315   -1.41702   0.177961 -0.0739268 -0.000378154  0.000157859  1.47162e-05 -0.0724685   0.087263   0.027279  0.343589 -0.297567  -9.79846 
                99.7 1.37057 3.58407 167.457 -4.91912  82.2881 -2.30765  0.392673   -1.2662 -0.505185 0.038549 0.048077 0.141315  -1.43406 0.0985671  -0.10425 -0.000382568  0.000159095  1.77575e-05 -0.0722231  0.0870369  0.0272779  0.343897 -0.297451  -9.79846 
                99.8 1.41713 3.65715 168.612 -5.06116  82.2943 -2.31872  0.392673   -1.2662 -0.505185 0.038549 0.048077 0.141315  -1.41125 0.0554578 -0.112813 -0.000382637  0.000162258  1.55675e-05 -0.0723015  0.0868849  0.0272422  0.343996 -0.297586  -9.79845 
                99.9 1.43762 3.66925 169.785 -5.19949  82.2981 -2.32971  0.392673   -1.2662 -0.505185 0.038549 0.048077 0.141315  -1.42928 0.0112472 -0.144648 -0.000382157  0.000154358  1.61192e-05 -0.0720596   0.086811  0.0271862  0.344167 -0.297405  -9.79845 
                 100 1.47873 3.81569 170.891 -5.33859   82.301 -2.33563  0.392673   -1.2662 -0.505185 0.038549 0.048077 0.141315   -1.37106 -0.0173328  -0.113614 -0.000383905  0.000144355  1.85298e-05 -0.0718971  0.0870171   0.027049  0.344052 -0.297175  -9.79846 
               100.1 1.68196 3.61964 172.193 -5.47365  82.3085 -2.34183  0.392673   -1.2662 -0.505185 0.038549 0.048077 0.141315   -1.41053 -0.0145853  -0.132814 -0.000391396  0.000151583  1.62296e-05 -0.0712903  0.0875448  0.0268666  0.343838 -0.296413  -9.79849 
               100.2 1.65621 3.66506 173.281 -5.61006  82.3089 -2.34424  0.392673   -1.2662 -0.505185 0.038549 0.048077 0.141315   -1.37836 -0.0496255 -0.0864267 -0.000387961  0.000149673   2.0174e-05 -0.0709411  0.0876596  0.0266908  0.343881 -0.296055   -9.7985 
               100.3 1.63299 3.50948 174.414 -5.74716  82.3103 -2.34707  0.392673   -1.2662 -0.505185 0.038549 0.048077 0.141315  -1.46392 0.0187809 -0.120561 -0.000386172  0.000150249  2.01668e-05 -0.0704952  0.0877922  0.0265185  0.343946 -0.295603  -9.79851 
               100.4 1.71193 3.60089 175.432 -5.89185  82.3166 -2.35288  0.392673   -1.2662 -0.505185 0.038549 0.048077 0.141315   -1.46821  0.0271326 -0.0734122 -0.000387229  0.000145561   2.3097e-05 -0.0701982   0.088012  0.0264039  0.343871 -0.295249  -9.79852 
               100.5 1.73341  3.7429 176.232  -6.0368  82.3219 -2.35337  0.392673   -1.2662 -0.505185 0.038549 0.048077 0.141315   -1.52576  0.0604108 -0.0580572 -0.000391349  0.000144969  2.46346e-05 -0.0699616  0.0879073  0.0262934   0.34406 -0.295081  -9.79852 
               100.6 1.74028  3.5576   176.6 -6.18803  82.3275 -2.35899  0.392673   -1.2662 -0.505185 0.038549 0.048077 0.141315    -1.5462  0.0707063 -0.0491395 -0.000392868  0.000149034  3.28656e-05 -0.0698256  0.0878544  0.0262838 0.344162 -0.29498 -9.79852 
               100.7 1.75882 3.57833 177.005 -6.34489  82.3299 -2.35974  0.392673   -1.2662 -0.505185 0.038549 0.048077 0.141315  -1.54465 0.0380556 0.0141381 -0.000396017  0.000154707  3.30453e-05 -0.0700336  0.0877897  0.0262402  0.344135 -0.295193  -9.79852 
               100.8  1.7394 3.49976 177.383  -6.4928  82.3339 -2.35858  0.392673   -1.2662 -0.505185 0.038549 0.048077 0.141315  -1.55619  0.105323 0.0150119 -0.00039411 0.000155982 3.68637e-05 -0.0697045  0.0873639  0.0262635  0.344651 -0.295064   -9.7985 
               100.9 1.78571 3.34697 177.615  -6.6491  82.3393 -2.36206  0.392673   -1.2662 -0.505185 0.038549 0.048077 0.141315   -1.61977  0.0906911 -0.0318165 -0.000394955   0.00015805  3.59645e-05 -0.0696347  0.0869786  0.0263167  0.345028 -0.295152  -9.79849 
                 101 1.65307 3.51862  177.53 -6.80289   82.339 -2.37356  0.392673   -1.2662 -0.505185 0.038549 0.048077 0.141315   -1.56904  0.0821737 -0.0715828 -0.000392265  0.000159628  4.57808e-05 -0.0695491  0.0862739  0.0264805  0.345702 -0.295348  -9.79846 
               101.1 1.70553 3.63065 177.752 -6.94816  82.3452 -2.38425  0.392673   -1.2662 -0.505185 0.038549 0.048077 0.141315  -1.53855  0.104225 -0.105919 -0.000400036  0.000160662  4.06585e-05 -0.0690873  0.0856725  0.0265817  0.346429 -0.295162  -9.79844 
               101.2 1.68199 3.56583 177.502 -7.09674  82.3501 -2.39398  0.392673   -1.2662 -0.505185 0.038549 0.048077 0.141315  -1.59135 0.0636428 -0.115133  -0.0003953 0.000159094 4.95668e-05 -0.0688241  0.0851614   0.026631  0.346996 -0.295121  -9.79842 
               101.3  1.7521 3.44556 177.483 -7.24694  82.3502 -2.40667  0.392673   -1.2662 -0.505185 0.038549 0.048077 0.141315  -1.57048  0.054072 -0.112382 -0.000389842  0.000159928     4.88e-05 -0.0684179  0.0845054  0.0266738  0.347749 -0.295005  -9.79839 
               101.4 1.69175 3.58519 177.659 -7.39719  82.3517 -2.41136  0.392673   -1.2662 -0.505185 0.038549 0.048077 0.141315   -1.54686  0.0787818 -0.0430168 -0.000387107  0.000158157  4.37016e-05 -0.068284 0.0839393 0.0266023  0.348314 -0.295103  -9.79837 
               101.5 1.77474 3.50319 177.776 -7.54377  82.3544  -2.4134  0.392673   -1.2662 -0.505185 0.038549 0.048077 0.141315   -1.55156  0.0587495 -0.0675062 -0.000386628  0.000160945  4.14434e-05 -0.0679693  0.0833654  0.0265255 0.348956 -0.29504 -9.79835 
               101.6  1.8218 3.37736 177.854 -7.68801   82.355 -2.41359  0.392673   -1.2662 -0.505185 0.038549 0.048077 0.141315   -1.55466  0.0143833 -0.0480794 -0.000382617  0.000162597   4.3213e-05 -0.0674806  0.0827313  0.0264267  0.349719 -0.294843  -9.79833 
               101.7 1.77516 3.36798 178.077 -7.83803  82.3536 -2.41641  0.392673   -1.2662 -0.505185 0.038549 0.048077 0.141315   -1.55909   0.039632 -0.0813785 -0.00037691 0.000162085 4.03004e-05 -0.0672894  0.0822424  0.0263658  0.350236 -0.294858  -9.79831 
               101.8 1.70229 3.29443 178.146 -7.98067   82.357 -2.42574  0.392673   -1.2662 -0.505185 0.038549 0.048077 0.141315 -1.50001 0.037545 -0.10057 -0.000372152  0.000159815  4.44075e-05 -0.0666756  0.0817512   0.026381  0.35092 -0.29449  -9.7983 
               101.9 1.73711  3.3232 178.034 -8.12915  82.3558 -2.43194  0.392673   -1.2662 -0.505185 0.038549 0.048077 0.141315    -1.51763 -0.00178923  -0.0854228 -0.000373531  0.000160592  4.84068e-05 -0.0666119  0.0814605  0.0262955  0.351207 -0.294546  -9.79828 
                 102 1.70266 3.35344 177.909 -8.27307   82.358 -2.43539  0.392673   -1.2662 -0.505185 0.038549 0.048077 0.141315   -1.43219 0.00166542 -0.0162676 -0.000371158  0.000157581  5.26533e-05 -0.0662314  0.0813008  0.0262135  0.351499 -0.294263  -9.79828 
               102.1 1.68596  3.2852 177.701 -8.41404  82.3578 -2.43398  0.392673   -1.2662 -0.505185 0.038549 0.048077 0.141315  -1.48754 -0.004814 -0.100681 -0.000377743  0.000164399  5.25723e-05 -0.0660399  0.0810092  0.0260756  0.351836 -0.294203  -9.79827 
               102.2 1.65566 3.08353 177.565 -8.56223  82.3571 -2.44559  0.392673   -1.2662 -0.505185 0.038549 0.048077 0.141315   -1.47668  -0.026549 -0.0913878 -0.000376352  0.000161262  5.11581e-05 -0.0659598  0.0809957  0.0261001  0.351879 -0.294135  -9.79827 
               102.3 1.55764 3.23401 177.564 -8.71197  82.3599 -2.45309  0.392673   -1.2662 -0.505185 0.038549 0.048077 0.141315  -1.51673 0.0521189 -0.132143 -0.000377981  0.000159756  4.88616e-05 -0.065968 0.0812075 0.0260274  0.351683 -0.294062  -9.79828 
               102.4 1.60229 3.37246 177.478 -8.86569  82.3693  -2.4651  0.392673   -1.2662 -0.505185 0.038549 0.048077 0.141315  -1.50528 0.0388758 -0.149933 -0.000379624  0.000157837   5.0298e-05 -0.0659086  0.0815611  0.0259802  0.351385 -0.293872   -9.7983 
               102.5 1.64996   3.439 177.299 -9.01429   82.376 -2.47497  0.392673   -1.2662 -0.505185 0.038549 0.048077 0.141315  -1.50811  0.005394 -0.108876 -0.000382241  0.000156301  5.46581e-05 -0.065563 0.0817608 0.0259087  0.351338 -0.293482  -9.79831 
               102.6 1.64542 3.63196 177.347 -9.16302  82.3818 -2.47829  0.392673   -1.2662 -0.505185 0.038549 0.048077 0.141315  -1.48665 0.0730648 -0.104216 -0.00037621 0.000156776 5.40279e-05 -0.0654425  0.0818172  0.0257449  0.351332 -0.293353  -9.79832 
               102.7 1.67325 3.57327 177.166 -9.31019  82.3922  -2.4801  0.392673   -1.2662 -0.505185 0.038549 0.048077 0.141315   -1.53907  0.0437821 -0.0961221 -0.00037095 0.000156754 5.83855e-05 -0.0651616  0.0819928  0.0255651   0.35128 -0.293033  -9.79833 
               102.8 1.72135 3.50093 177.023 -9.46292  82.3983  -2.4803  0.392673   -1.2662 -0.505185 0.038549 0.048077 0.141315   -1.58757  0.0460582 -0.0697378 -0.000371494  0.000158825  5.86189e-05 -0.0648549  0.0818876  0.0253857  0.351493 -0.292798  -9.79833 
               102.9 1.79596 3.66442 177.251 -9.61353  82.4055 -2.47968  0.392673   -1.2662 -0.505185 0.038549 0.048077 0.141315   -1.57865  0.0744144 -0.0546506 -0.000367703  0.000151842  5.18025e-05 -0.0644227  0.0817805  0.0252898  0.351758 -0.292449  -9.79833 
                 103 1.77563 3.61218 177.466 -9.76727  82.4117  -2.4823  0.392673   -1.2662 -0.505185 0.038549 0.048077 0.141315    -1.5777  0.0488612 -0.0400942 -0.00036173 0.000152575 4.93327e-05 -0.0642782  0.0815637  0.0252828   0.35201 -0.292402  -9.79832 
               103.1 1.86385 3.47696  177.57 -9.91958  82.4123 -2.48541  0.392673   -1.2662 -0.505185 0.038549 0.048077 0.141315   -1.56824  0.0559159 -0.0358337 -0.000365341  0.000153576  4.97852e-05 -0.0640589  0.0810856  0.0252625  0.352529 -0.292389   -9.7983 
               103.2 1.85419 3.49203 177.884 -10.0694  82.4142 -2.48888  0.392673   -1.2662 -0.505185 0.038549 0.048077 0.141315   -1.56339  0.0640817 -0.0366985 -0.000359782  0.000153247  4.44036e-05 -0.0637921  0.0805509  0.0252699  0.353117 -0.292355  -9.79828 
               103.3 1.83031 3.46937 178.085 -10.2218  82.4205 -2.49377  0.392673   -1.2662 -0.505185 0.038549 0.048077 0.141315    -1.6102  0.0793529 -0.0687029 -0.00035764 0.000157262 4.04935e-05 -0.0635554  0.0803047  0.0252882  0.353433 -0.292236  -9.79827 
               103.4 1.84474 3.45751 177.918 -10.3709  82.4224 -2.50371  0.392673   -1.2662 -0.505185 0.038549 0.048077 0.141315    -1.5613  0.0514962 -0.0549016 -0.000361446  0.000156689  5.22677e-05 -0.0631147  0.0797007   0.025392 0.354153 -0.29207 -9.79825 
               103.5  1.8641 3.67112 177.847  -10.525  82.4246 -2.51256  0.392673   -1.2662 -0.505185 0.038549 0.048077 0.141315   -1.61219  0.0948576 -0.0715269 -0.000363091  0.000156926  5.30475e-05 -0.0631279  0.0792957  0.0254723  0.354516 -0.292238  -9.79823 
               103.6 1.88714 3.80268 177.629 -10.6773   82.434 -2.51628  0.392673   -1.2662 -0.505185 0.038549 0.048077 0.141315    -1.56663   0.0982854 -0.00816755 -0.000358613  0.000155125  5.55475e-05 -0.0628248  0.0791086  0.0255574  0.354804 -0.292034  -9.79823 
               103.7 1.92512 3.58738 177.396 -10.8255  82.4449  -2.5244  0.392673   -1.2662 -0.505185 0.038549 0.048077 0.141315   -1.62196   0.112798 -0.0615235 -0.000358917   0.00016339  5.35311e-05 -0.0621966  0.0786483  0.0256361  0.355467 -0.291642  -9.79822 
               103.8 1.90437 3.78445 177.421 -10.9769  82.4511 -2.52965  0.392673   -1.2662 -0.505185 0.038549 0.048077 0.141315   -1.51892   0.132655 -0.0584642 -0.000349426  0.000154806     4.54e-05 -0.0619611  0.0781322  0.0256431  0.356026 -0.291628   -9.7982 
               103.9 1.85188 3.77024 177.444 -11.1179  82.4593 -2.53761  0.392673   -1.2662 -0.505185 0.038549 0.048077 0.141315   -1.56385   0.118614 -0.0787533 -0.000354612  0.000160194  4.38042e-05 -0.0615772  0.0773883  0.0257087   0.35685 -0.291567  -9.79817 
                 104  1.9251 3.64201 177.246 -11.2701  82.4619 -2.55097  0.392673   -1.2662 -0.505185 0.038549 0.048077 0.141315   -1.55296  0.0909212 -0.0258372 -0.000353232  0.000158227  4.90931e-05 -0.0616255  0.0768241  0.0258315  0.357344 -0.291828  -9.79814 
               104.1 1.93838  3.7421 177.319  -11.416  82.4624 -2.55292  0.392673   -1.2662 -0.505185 0.038549 0.048077 0.141315   -1.52836   0.108916 -0.0796594 -0.000355914  0.000160491  4.45002e-05 -0.0614933  0.0759615  0.0257716  0.358176 -0.292043  -9.79811 
               104.2 1.89886 3.71612 177.306 -11.5581   82.464 -2.56183  0.392673   -1.2662 -0.505185 0.038549 0.048077 0.141315   -1.51446  0.0860721 -0.0556341 -0.000352367  0.000160409  4.52521e-05 -0.0613347  0.0751383  0.0258432  0.358983 -0.292217  -9.79807 
               104.3 1.99479 3.58181 177.065  -11.704  82.4641 -2.56571  0.392673   -1.2662 -0.505185 0.038549 0.048077 0.141315    -1.5482  0.0387134 -0.0664966 -0.000354665  0.000159457   4.9526e-05 -0.0611173  0.0746339  0.0258129  0.359524 -0.292216  -9.79805 
               104.4 1.97048 3.52373  177.33 -11.8524  82.4657 -2.56673  0.392673   -1.2662 -0.505185 0.038549 0.048077 0.141315    -1.53108    0.058263 -0.00979648 -0.000348929  0.000156959  3.80261e-05 -0.0609363  0.0742154  0.0257741  0.359973 -0.292216  -9.79804 
               104.5 1.97062 3.51042 177.592 -12.0024  82.4679   -2.564  0.392673   -1.2662 -0.505185 0.038549 0.048077 0.141315   -1.51165  0.0240641 -0.0276681 -0.00034609 0.000157676 3.30624e-05 -0.0608596  0.0738217  0.0256579 0.360357  -0.2923 -9.79802 
               104.6 1.96334 3.48462 177.684 -12.1463  82.4659 -2.56926  0.392673   -1.2662 -0.505185 0.038549 0.048077 0.141315   -1.54276  0.0448879 -0.0667056 -0.000347079  0.000158167  3.38211e-05 -0.0606186  0.0733243  0.0256898  0.360901 -0.292275    -9.798 
               104.7 1.99736 3.54203 178.023 -12.2963  82.4641 -2.57882  0.392673   -1.2662 -0.505185 0.038549 0.048077 0.141315   -1.55128   0.019535 -0.0872795 -0.000344752  0.000158011  2.95448e-05 -0.060578 0.0729436 0.0257776  0.361263 -0.292385  -9.79798 
               104.8 1.92997  3.4938 178.181 -12.4435  82.4634 -2.59252  0.392673   -1.2662 -0.505185 0.038549 0.048077 0.141315   -1.4849 0.0256911 -0.140256 -0.000342918  0.000159397  3.25307e-05 -0.0604256  0.0725801  0.0258262  0.361652 -0.292388  -9.79797 
               104.9 1.93159 3.54258 178.246 -12.5889  82.4631 -2.60584  0.392673   -1.2662 -0.505185 0.038549 0.048077 0.141315   -1.52216 0.00981697   -0.15196 -0.000343714  0.000158818  3.42715e-05 -0.0603255  0.0723372   0.025776   0.36191 -0.292392  -9.79796 
                 105  1.9298 3.57888 178.067 -12.7376  82.4633  -2.6164  0.392673   -1.2662 -0.505185 0.038549 0.048077 0.141315  -1.46585 0.0599159 -0.111138 -0.000347258  0.000158939  4.36483e-05 -0.0602373  0.0721742   0.025721  0.362091 -0.292376  -9.79795 
               105.1 1.92994 3.62151 177.955  -12.885  82.4676 -2.61695  0.392673   -1.2662 -0.505185 0.038549 0.048077 0.141315   -1.5201 0.0582105 -0.108337 -0.00034493  0.00016209 4.31193e-05 -0.0602514  0.0720817  0.0255288  0.362166 -0.292426  -9.79795 
               105.2 1.91977 3.37813 177.669 -13.0347  82.4749 -2.62477  0.392673   -1.2662 -0.505185 0.038549 0.048077 0.141315  -1.54507 0.0554647 -0.123391 -0.00034522 0.000162742 4.31344e-05 -0.0599434  0.0719449  0.0254413  0.362408 -0.292201  -9.79795 
               105.3 1.96962 3.55009 177.691 -13.1859  82.4797 -2.62887  0.392673   -1.2662 -0.505185 0.038549 0.048077 0.141315  -1.58405 0.0734822 -0.116891 -0.000343946  0.000162042  3.45949e-05 -0.0598406   0.071734  0.0253089 0.362637 -0.29219 -9.79794 
               105.4 1.98531  3.6343 177.698 -13.338 82.4865 -2.6325  0.392673   -1.2662 -0.505185 0.038549 0.048077 0.141315   -1.53137   0.103495 -0.0918514 -0.000344213  0.000156612  3.03163e-05 -0.0597602  0.0714146  0.0251789  0.362956 -0.292242  -9.79793 
               105.5 2.07823 3.48042 177.557 -13.4874  82.4959 -2.64034  0.392673   -1.2662 -0.505185 0.038549 0.048077 0.141315  -1.56591 0.0663962  -0.13223 -0.000343822  0.000158944  3.12847e-05 -0.0594076  0.0712627  0.0250679  0.363229 -0.291982  -9.79792 
               105.6 2.01642 3.63412 177.539 -13.637 82.4979 -2.6498  0.392673   -1.2662 -0.505185 0.038549 0.048077 0.141315  -1.53603 0.0929526  -0.14639 -0.000339568  0.000160468  3.27102e-05 -0.0592622  0.0707775  0.0249971  0.363723 -0.292039   -9.7979 
               105.7 2.03083 3.67001 177.641 -13.7851  82.5051 -2.65919  0.392673   -1.2662 -0.505185 0.038549 0.048077 0.141315  -1.51655  0.084801 -0.131749 -0.000341771  0.000161924  3.00028e-05 -0.0591638  0.0704802  0.0248961  0.364029 -0.292066  -9.79789 
               105.8 2.04812 3.69007 177.343 -13.9336  82.5071 -2.66713  0.392673   -1.2662 -0.505185 0.038549 0.048077 0.141315   -1.58106   0.042848 -0.0943582 -0.000346665  0.000158944  3.58911e-05 -0.0590178  0.0700658  0.0248092  0.364459 -0.292094  -9.79787 
               105.9  2.1398  3.7191 177.515 -14.0805  82.5027 -2.66964  0.392673   -1.2662 -0.505185 0.038549 0.048077 0.141315   -1.54821  0.0222362 -0.0428545 -0.000348305  0.000154462  3.00318e-05 -0.0587438  0.0692897    0.02469  0.365266 -0.292148  -9.79784 
                 106 2.08207 3.79843 177.815 -14.2326  82.5006 -2.67048  0.392673   -1.2662 -0.505185 0.038549 0.048077 0.141315   -1.55558  0.0242941 -0.0712396 -0.000345934   0.00015793  2.07176e-05 -0.0587836  0.0688237  0.0245525  0.365669 -0.292366  -9.79782 
               106.1 2.13104 3.86892 177.926 -14.3811  82.4987 -2.67722  0.392673   -1.2662 -0.505185 0.038549 0.048077 0.141315    -1.49077 -0.00414993  -0.0909874 -0.000345031  0.000152463  2.32774e-05 -0.0586685  0.0685306  0.0245463  0.365979 -0.292375  -9.79781 
               106.2 2.18384 3.82411 178.093 -14.5219  82.4985 -2.68323  0.392673   -1.2662 -0.505185 0.038549 0.048077 0.141315     -1.4669 -0.00634034  -0.0610266 -0.000348288  0.000151783  2.40145e-05 -0.0582937  0.0682895   0.024528 0.366343 -0.29213  -9.7978 
               106.3 2.20467 3.74598 178.314 -14.6655  82.5014 -2.68606  0.392673   -1.2662 -0.505185 0.038549 0.048077 0.141315   -1.48286  0.0473031 -0.0526401 -0.000343665    0.0001507  2.18078e-05 -0.0580292  0.0682083  0.0244509  0.366518 -0.291923   -9.7978 
               106.4 2.17587 3.60132 178.282 -14.8119  82.5052 -2.68717  0.392673   -1.2662 -0.505185 0.038549 0.048077 0.141315   -1.47317  0.0143213 -0.0646532 -0.000338977  0.000151628   2.8725e-05 -0.0579282  0.0681023  0.0243352  0.366651 -0.291874   -9.7978 
               106.5 2.21112 3.65191 178.171 -14.9577  82.5069 -2.68932  0.392673   -1.2662 -0.505185 0.038549 0.048077 0.141315    -1.4877  0.0429161 -0.0599244 -0.000339203  0.000149583  3.25595e-05 -0.0578356   0.068052  0.0242933 0.366732 -0.29181  -9.7978 
               106.6 2.20511 3.57287  178.09 -15.1009  82.5108 -2.69463  0.392673   -1.2662 -0.505185 0.038549 0.048077 0.141315   -1.4346 0.0184277 0.0169072 -0.000339369  0.000146513   3.5375e-05 -0.0576675  0.0679352  0.0243383  0.366903 -0.291702  -9.79779 
               106.7 2.18618 3.48764 177.772 -15.2469  82.5138 -2.69084  0.392673   -1.2662 -0.505185 0.038549 0.048077 0.141315   -1.54216  0.0312942 -0.0410565 -0.000339149  0.000153594  3.86314e-05 -0.0575579  0.0678243  0.0242181  0.367044 -0.291647  -9.79779 
               106.8 2.20383 3.47058  177.75  -15.396  82.5164 -2.69559  0.392673   -1.2662 -0.505185 0.038549 0.048077 0.141315   -1.44633  0.0424804 -0.0183034   -0.000334 0.000148732  3.2087e-05 -0.0575187  0.0677414  0.0242375  0.367134 -0.291643  -9.79779 
               106.9 2.15875  3.4797 177.802 -15.5449  82.5233 -2.69696  0.392673   -1.2662 -0.505185 0.038549 0.048077 0.141315    -1.49887   0.0915519 -0.00527953 -0.000333723   0.00015354  2.51441e-05 -0.0576735  0.0678727  0.0242476  0.366956 -0.291732  -9.79779 
                 107 2.17255 3.26623 177.639  -15.692  82.5308 -2.70241  0.392673   -1.2662 -0.505185 0.038549 0.048077 0.141315   -1.51189  0.0419282 -0.0581885 -0.000331664  0.000151527  2.56462e-05 -0.0574695   0.067707  0.0243095  0.367186 -0.291611  -9.79779 
               107.1 2.22033 3.33004 177.613 -15.8392  82.5345 -2.70891  0.392673   -1.2662 -0.505185 0.038549 0.048077 0.141315   -1.49802  0.0558054 -0.0656074 -0.000330849  0.000144528  2.37447e-05 -0.057298 0.0676499 0.0243706  0.367305 -0.291478  -9.79779 
               107.2 2.06551 3.45261 177.741 -15.9897  82.5408 -2.71661  0.392673   -1.2662 -0.505185 0.038549 0.048077 0.141315   -1.51502  0.0870859 -0.0414605 -0.000328244  0.000143066  2.06373e-05 -0.0574059  0.0675418  0.0244441  0.367362 -0.291617  -9.79778 
               107.3 2.07138  3.5018 177.486 -16.1429  82.5445 -2.72148  0.392673   -1.2662 -0.505185 0.038549 0.048077 0.141315    -1.56997   0.0619388 -0.00320694 -0.000328489  0.000144807  2.73022e-05 -0.0575585  0.0673193  0.0244988 0.367504 -0.29184 -9.79777 
               107.4 2.17838 3.58022 177.519 -16.2986  82.5442 -2.72216  0.392673   -1.2662 -0.505185 0.038549 0.048077 0.141315   -1.5669 0.0362175  0.044638 -0.000329392  0.000148115  2.40629e-05 -0.0576235  0.0670134  0.0245471  0.367756 -0.292017  -9.79775 
               107.5 2.08745 3.68248 177.889 -16.4472  82.5456 -2.72212  0.392673   -1.2662 -0.505185 0.038549 0.048077 0.141315  -1.55475 0.0287585 0.0358371 -0.000324939  0.000150312  1.03827e-05 -0.0574255  0.0666389  0.0246485  0.368173 -0.291983  -9.79774 
               107.6 2.07171 3.58334 178.176  -16.594  82.5391 -2.72583  0.392673   -1.2662 -0.505185 0.038549 0.048077 0.141315   -1.52182 -0.0245171 -0.0173926 -0.000321352  0.000157088  8.68642e-06 -0.0572961  0.0660902  0.0247952  0.368721 -0.292077  -9.79771 
               107.7 2.09212 3.56587 178.608 -16.7371  82.5278 -2.73541  0.392673   -1.2662 -0.505185 0.038549 0.048077 0.141315   -1.46836 -0.0707562 -0.0320635 -0.00032258 0.000160243 3.42573e-06 -0.0572166  0.0655902  0.0249475  0.369206 -0.292198  -9.79769 
               107.8 2.08397 3.45025 179.149 -16.8798  82.5166 -2.74499  0.392673   -1.2662 -0.505185 0.038549 0.048077 0.141315    -1.4891 -0.0535045 -0.0140147 -0.000323866  0.000159717  1.13689e-06 -0.0571136   0.065288  0.0251047 0.369521 -0.29222 -9.79768 
               107.9 2.07846 3.41484  179.57 -17.0295  82.5145 -2.74822  0.392673   -1.2662 -0.505185 0.038549 0.048077 0.141315   -1.54278 0.00068784 -0.0451171 -0.000325047  0.000159458  2.24682e-06 -0.0570246  0.0652621  0.0251336 0.369579 -0.29215 -9.79768 
                 108 2.03973 3.31406  179.51 -17.1804  82.5161 -2.75421  0.392673   -1.2662 -0.505185 0.038549 0.048077 0.141315   -1.54211  0.0229704 -0.0553128 -0.000323228  0.000157092  1.11351e-05 -0.0568049  0.0652574  0.0251714  0.369669 -0.291953  -9.79768 
               108.1 2.09694 3.56115  179.47  -17.333   82.521 -2.76641  0.392673   -1.2662 -0.505185 0.038549 0.048077 0.141315   -1.50946  0.0259541 -0.0436111 -0.000326856  0.000154572  1.57987e-05 -0.0566941  0.0653771  0.0252795  0.369605 -0.291806  -9.79769 
               108.2 2.06034  3.7288 179.167  -17.473  82.5225 -2.77143  0.392673   -1.2662 -0.505185 0.038549 0.048077 0.141315   -1.44826  -0.020518 -0.0917369 -0.000325466  0.000155958  1.93988e-05 -0.056428 0.0651767 0.0253289   0.36989 -0.291641  -9.79768 
               108.3 2.13943  3.5543 179.015 -17.6188  82.5167 -2.78494  0.392673   -1.2662 -0.505185 0.038549 0.048077 0.141315    -1.4829 -0.0391156 -0.0325982 -0.000326816  0.000162064  2.31832e-05 -0.0564401   0.065032  0.0254416  0.370018 -0.291706  -9.79768 
               108.4 2.13237 3.66923 179.002 -17.7689  82.5154 -2.78977  0.392673   -1.2662 -0.505185 0.038549 0.048077 0.141315    -1.47882 -0.00897289   0.0135778 -0.000325852  0.000161544   2.2397e-05 -0.0564713  0.0650678  0.0254587 0.369974 -0.29172 -9.79768 
               108.5 2.16383 3.86798 178.919 -17.9171  82.5179 -2.78578  0.392673   -1.2662 -0.505185 0.038549 0.048077 0.141315    -1.4941  0.0218329 -0.0406256 -0.000323039  0.000166166  1.99973e-05 -0.056383 0.0651505 0.0254105  0.369932 -0.291609  -9.79768 
               108.6 2.16374 3.69692 178.773 -18.0659  82.5186 -2.79451  0.392673   -1.2662 -0.505185 0.038549 0.048077 0.141315   -1.42557  -0.033059 -0.0369657 -0.000321367  0.000167792   1.6329e-05 -0.0564487  0.0653261  0.0255384   0.36975 -0.291601  -9.79769 
               108.7 2.18195 3.69115 178.908 -18.2083  82.5206 -2.80081  0.392673   -1.2662 -0.505185 0.038549 0.048077 0.141315   -1.41585  0.0256545 -0.0517033 -0.000320095  0.000172478  9.12217e-06 -0.056338 0.0654767    0.0256  0.369656 -0.291443   -9.7977 
               108.8 2.18466 3.56926 178.758 -18.3498  82.5239 -2.80822  0.392673   -1.2662 -0.505185 0.038549 0.048077 0.141315   -1.41739  -0.020939 -0.0791871 -0.000322702  0.000171557  1.32014e-05 -0.056334 0.0655882 0.0256444  0.369558 -0.291396   -9.7977 
               108.9 2.29077 3.41749 178.622 -18.4952   82.521 -2.81838  0.392673   -1.2662 -0.505185 0.038549 0.048077 0.141315   -1.46784 -0.0274455  -0.117025 -0.000322609  0.000168093  1.75566e-05 -0.0563435  0.0656348  0.0256286  0.369512 -0.291387  -9.79771 
                 109 2.26269 3.55342 178.909 -18.6451  82.5208 -2.82773  0.392673   -1.2662 -0.505185 0.038549 0.048077 0.141315   -1.47752 0.00839358 -0.0852927 -0.000321526  0.000163451  1.06475e-05 -0.0564478  0.0658344  0.0256482  0.369292 -0.291405  -9.79771 
               109.1 2.30433 3.52825 179.201 -18.8008  82.5178 -2.83809  0.392673   -1.2662 -0.505185 0.038549 0.048077 0.141315    -1.4894 -0.0295401 -0.0812815 -0.000324897  0.000165596  9.09801e-06 -0.0568151  0.0659212  0.0256595  0.369072 -0.291705  -9.79771 
               109.2 2.32742 3.55991 179.466 -18.9475  82.5128 -2.84265  0.392673   -1.2662 -0.505185 0.038549 0.048077 0.141315   -1.49454 -0.0574066 -0.0603051 -0.000326553  0.000164738  7.68994e-06 -0.0567507  0.0658345  0.0255896 0.369174 -0.29168 -9.79771 
               109.3 2.40397 3.63011 179.916 -19.1024  82.5065 -2.84932  0.392673   -1.2662 -0.505185 0.038549 0.048077 0.141315     -1.508 -0.0545803 -0.0557794 -0.00032689  0.00016268 2.05264e-06 -0.0569932  0.0659109  0.0256003 0.369012 -0.29187 -9.79771 
               109.4  2.31371  3.62902 -179.816 -19.2495  82.5043 -2.84872  0.392673   -1.2662 -0.505185 0.038549 0.048077 0.141315    -1.47959 -0.00486581   0.0173213 -0.000323214  0.000160099 -2.90581e-07 -0.0568539  0.0658331  0.0255506  0.369135 -0.291774  -9.79771 
               109.5  2.32444  3.46583 -179.674 -19.3952  82.5004 -2.84806  0.392673   -1.2662 -0.505185 0.038549 0.048077 0.141315    -1.52344  -0.0237634 -0.00980244 -0.000324337  0.000167871  3.90476e-06 -0.0567891  0.0655911  0.0255539  0.369379 -0.291807   -9.7977 
               109.6 2.35295 3.29426 -179.51 -19.5443  82.4932  -2.8515  0.392673   -1.2662 -0.505185 0.038549 0.048077 0.141315   -1.50376 -0.0263659 -0.0361449 -0.000322355  0.000164796  5.21811e-06 -0.0567103  0.0653181  0.0255727  0.369657 -0.291839  -9.79769 
               109.7  2.19557  3.39258 -179.414 -19.6952   82.493 -2.85441  0.392673   -1.2662 -0.505185 0.038549 0.048077 0.141315   -1.53993  0.0193845 -0.0529104 -0.000321938  0.000162741  7.62311e-06 -0.0566486  0.0653022  0.0256017  0.369695 -0.291789  -9.79769 
               109.8  2.21016  3.22505 -179.532 -19.8448  82.4875 -2.86518  0.392673   -1.2662 -0.505185 0.038549 0.048077 0.141315   -1.51186 -0.0706317 -0.0727024 -0.000324478  0.000162013   1.2297e-05 -0.0565543  0.0650595  0.0256672  0.369952 -0.291794  -9.79768 
               109.9  2.15876  3.63263 -179.435 -19.9931  82.4761 -2.87577  0.392673   -1.2662 -0.505185 0.038549 0.048077 0.141315   -1.46052 -0.0590267  -0.103508 -0.000324151  0.000160931  1.06251e-05 -0.0566232    0.06482   0.025721  0.370144 -0.291946  -9.79767 
                 110  2.09281   3.6176 -179.395 -20.1343  82.4687 -2.88286  0.392673   -1.2662 -0.505185 0.038549 0.048077 0.141315   -1.46288 -0.0635102 -0.0869053 -0.000331455   0.00017032  9.51675e-06 -0.0565731  0.0646427  0.0257158  0.370323 -0.291967  -9.79766 
               110.1  2.08571  3.45538 -179.555 -20.2821  82.4598 -2.89525  0.392673   -1.2662 -0.505185 0.038549 0.048077 0.141315   -1.44832 -0.0956544  -0.109328 -0.000333847  0.000172358   1.4364e-05 -0.0566459  0.0646229  0.0257473  0.370314 -0.292041  -9.79766 
               110.2  2.10424  3.50251 -179.487 -20.4244  82.4502 -2.90163  0.392673   -1.2662 -0.505185 0.038549 0.048077 0.141315   -1.43451 -0.0529082  -0.077439 -0.000337533   0.00017111  1.50257e-05 -0.0565715  0.0645397  0.0256722  0.370417 -0.292005  -9.79765 
               110.3  2.02763  3.64149 -179.489 -20.5726  82.4491 -2.89867  0.392673   -1.2662 -0.505185 0.038549 0.048077 0.141315   -1.40924 -0.0547647 -0.0165788 -0.00033464 0.000167775 1.49808e-05 -0.0566285  0.0648532  0.0254961  0.370108 -0.291941  -9.79767 
               110.4  2.12128  3.39717 -179.707 -20.7156  82.4464 -2.89946  0.392673   -1.2662 -0.505185 0.038549 0.048077 0.141315   -1.44258  -0.110285 -0.0937209 -0.000338999  0.000169181  2.02821e-05 -0.0564595  0.0651346  0.0253898  0.369915 -0.291684  -9.79768 
               110.5  2.10042  3.47676 -179.473 -20.8603  82.4385 -2.90718  0.392673   -1.2662 -0.505185 0.038549 0.048077 0.141315   -1.38579  -0.108827 -0.0450148 -0.000337404  0.000168591  1.31274e-05 -0.0564807  0.0653557  0.0253833  0.369706 -0.291621  -9.79769 
               110.6  2.09655  3.38046 -179.251 -21.0028  82.4309 -2.91032  0.392673   -1.2662 -0.505185 0.038549 0.048077 0.141315  -1.42834 -0.114766 -0.119373 -0.000340903  0.000172681  1.00798e-05 -0.0565123  0.0655256  0.0253077  0.369539 -0.291587   -9.7977 
               110.7  2.15559  3.42134 -179.163 -21.1508  82.4175 -2.92067  0.392673   -1.2662 -0.505185 0.038549 0.048077 0.141315   -1.37976  -0.152857 -0.0663447 -0.000340752  0.000170353   1.2202e-05 -0.0567199  0.0657276  0.0253032 0.369278  -0.2917 -9.79771 
               110.8  2.22772  3.45843 -178.917 -21.2947  82.4074  -2.9231  0.392673   -1.2662 -0.505185 0.038549 0.048077 0.141315   -1.45408  -0.168218 -0.0714428 -0.000345762  0.000179077  1.14142e-05 -0.0567186  0.0661168  0.0252062  0.368924 -0.291555  -9.79772 
               110.9  2.20258  3.40551 -178.736 -21.4491  82.4013 -2.92887  0.392673   -1.2662 -0.505185 0.038549 0.048077 0.141315   -1.45819 -0.0980227  0.0263521 -0.000342403  0.000176005  1.16812e-05 -0.0568495   0.066671  0.0252366  0.368372 -0.291467  -9.79775 
                 111   2.2044  3.31203 -178.815 -21.6007  82.4011 -2.92494  0.392673   -1.2662 -0.505185 0.038549 0.048077 0.141315   -1.51217 -0.0656614  0.0136029 -0.000343968  0.000176903  1.61324e-05  -0.05671 0.0670843 0.0251527  0.368048 -0.291187  -9.79777 
               111.1  2.20712   3.5069 -178.959 -21.7571  82.4032 -2.92528  0.392673   -1.2662 -0.505185 0.038549 0.048077 0.141315   -1.48814 0.00103884 -0.0241554 -0.000341787  0.000180298    1.878e-05 -0.0567075  0.0675051  0.0251653  0.367667 -0.291028  -9.79779 
               111.2  2.16923  3.54077 -179.137 -21.9058  82.4018 -2.92994  0.392673   -1.2662 -0.505185 0.038549 0.048077 0.141315   -1.46305 -0.0613689 -0.0380687 -0.000337992  0.000179886  1.87715e-05 -0.0568071  0.0676633  0.0252642  0.367488 -0.291059  -9.79779 
               111.3  2.15808  3.30013 -179.334 -22.0616  82.4013 -2.93839  0.392673   -1.2662 -0.505185 0.038549 0.048077 0.141315   -1.54626 -0.0369722  -0.050329 -0.000341038  0.000185584  1.86538e-05 -0.0568578  0.0680505  0.0253337  0.367119 -0.290961  -9.79781 
               111.4  2.13304  3.33489 -179.322 -22.2163  82.3967 -2.93992  0.392673   -1.2662 -0.505185 0.038549 0.048077 0.141315   -1.55088 -0.0348983  0.0322279 -0.00034082 0.000182485 1.79685e-05 -0.0568908  0.0680601  0.0253478  0.367098 -0.290987  -9.79781 
               111.5  2.01396  3.35434 -179.271 -22.3699  82.3955  -2.9371  0.392673   -1.2662 -0.505185 0.038549 0.048077 0.141315  -1.53908 0.0154975 0.0773635 -0.00034199 0.000183589  1.4971e-05 -0.0568675  0.0679717  0.0254257  0.367188 -0.290998   -9.7978 
               111.6   1.9656  3.12073 -179.319 -22.5137  82.3901 -2.93501  0.392673   -1.2662 -0.505185 0.038549 0.048077 0.141315   -1.50727 -0.0803908  0.0309814 -0.000342229  0.000187399   1.3049e-05 -0.0565887  0.0675996  0.0254904  0.367631 -0.290883  -9.79779 
               111.7  1.84275  3.21589 -179.201 -22.6576   82.377 -2.94403  0.392673   -1.2662 -0.505185 0.038549 0.048077 0.141315  -1.44713 -0.039272 0.0298952 -0.000344154  0.000182891  7.98108e-06 -0.0565893   0.067179   0.025723  0.368015 -0.291038  -9.79777 
               111.8  1.72997  3.26309 -179.133 -22.8013  82.3717 -2.94678  0.392673   -1.2662 -0.505185 0.038549 0.048077 0.141315   -1.46517 -0.0529632 -0.0261616  -0.0003432 0.000183103 9.27633e-06 -0.056658 0.0671599 0.0257983  0.368007 -0.291106  -9.79777 
               111.9   1.6508  3.09338 -179.408 -22.9429  82.3594 -2.95928  0.392673   -1.2662 -0.505185 0.038549 0.048077 0.141315   -1.45471  -0.125204 -0.0910087 -0.000345481  0.000186679   1.8796e-05 -0.0566381   0.066964  0.0259629 0.368194 -0.29116 -9.79776 
                 112  1.66149  2.99578 -179.224  -23.088  82.3452 -2.97448  0.392673   -1.2662 -0.505185 0.038549 0.048077 0.141315   -1.47325  -0.128405 -0.0712987 -0.000350554   0.00017934  1.39938e-05 -0.0566302  0.0668934  0.0260776  0.368263 -0.291178  -9.79776 
               112.1  1.56261  3.23098 -178.945 -23.2397  82.3408 -2.97975  0.392673   -1.2662 -0.505185 0.038549 0.048077 0.141315   -1.43739 -0.0927653 -0.0689191 -0.000348243  0.000174764  9.91189e-06 -0.0566335  0.0671998  0.0260184  0.367983 -0.291067  -9.79777 
               112.2 1.59082 3.24317 -178.87 -23.3861   82.335 -2.98396  0.392673   -1.2662 -0.505185 0.038549 0.048077 0.141315  -1.43903 -0.169321 -0.117939 -0.000349833  0.000178842  1.10753e-05 -0.0565704   0.067534   0.025921  0.367703 -0.290887  -9.79779 
               112.3 1.56929 3.36748 -178.68  -23.529   82.321 -2.99108  0.392673   -1.2662 -0.505185 0.038549 0.048077 0.141315   -1.39566  -0.187331 -0.0659982 -0.00034744 0.000175313 1.01367e-05 -0.0565937  0.0676656  0.0258852  0.367575 -0.290859  -9.79779 
               112.4  1.56415  3.13686 -178.487 -23.6753  82.3088 -2.99169  0.392673   -1.2662 -0.505185 0.038549 0.048077 0.141315   -1.47027  -0.123167 -0.0551002 -0.000348911  0.000179851  9.02937e-06 -0.0566326  0.0679716  0.0257716  0.367282 -0.290782  -9.79781 
               112.5  1.51175  3.02862 -178.448 -23.8282  82.3069 -2.99427  0.392673   -1.2662 -0.505185 0.038549 0.048077 0.141315   -1.46464  -0.120489 -0.0579895 -0.00034553 0.000180694 1.13691e-05 -0.056511 0.0685057    0.0257  0.366842 -0.290475  -9.79783 
               112.6   1.4932  3.02075 -178.543 -23.9786     82.3 -2.99909  0.392673   -1.2662 -0.505185 0.038549 0.048077 0.141315   -1.49621 -0.0972008 -0.0455657 -0.000347778  0.000180593  1.66175e-05 -0.0564688  0.0688479  0.0256593 0.366547 -0.29031 -9.79785 
               112.7  1.36257  3.18517 -178.585 -24.1325  82.2984 -3.00144  0.392673   -1.2662 -0.505185 0.038549 0.048077 0.141315    -1.4832 -0.0764961 -0.0617561 -0.000345959  0.000174818  1.69692e-05 -0.0565054  0.0691778  0.0256198  0.366234 -0.290222  -9.79786 
               112.8  1.32508  3.16714 -178.923 -24.2796  82.2931 -3.00642  0.392673   -1.2662 -0.505185 0.038549 0.048077 0.141315   -1.45975 -0.0934992 -0.0740876 -0.000351069  0.000177841  2.48204e-05 -0.0564604  0.0693056  0.0256304  0.366135 -0.290134  -9.79787 
               112.9   1.3562  2.96183 -178.922  -24.431  82.2866 -3.01242  0.392673   -1.2662 -0.505185 0.038549 0.048077 0.141315    -1.44312   -0.107389 -0.00554864 -0.000351483  0.000180131  1.94937e-05 -0.0564451  0.0695576  0.0256178  0.365912 -0.290027  -9.79788 
                 113  1.24243  3.19714 -178.908 -24.5786  82.2812 -3.00886  0.392673   -1.2662 -0.505185 0.038549 0.048077 0.141315   -1.52952 -0.0276075 -0.0479436 -0.000352018  0.000180475  1.99276e-05 -0.0563942  0.0697046  0.0255139  0.365797 -0.289929  -9.79789 
               113.1   1.2421  3.13576 -178.985 -24.7352  82.2795 -3.01567  0.392673   -1.2662 -0.505185 0.038549 0.048077 0.141315   -1.56834 -0.0536849   -0.13392 -0.000348887  0.000185959  2.21879e-05 -0.0564124  0.0699212  0.0255005  0.365593 -0.289865   -9.7979 
               113.2   1.2849  3.44837 -179.189 -24.8903  82.2764 -3.02986  0.392673   -1.2662 -0.505185 0.038549 0.048077 0.141315    -1.5319 -0.0345511 -0.0804286 -0.000353399  0.000179151  2.50086e-05 -0.056304  0.069994 0.0255234 0.365568 -0.28974  -9.7979 
               113.3  1.43159  4.07089 -179.092 -25.0453  82.2803  -3.0437  0.392673   -1.2662 -0.505185 0.038549 0.048077 0.141315    -1.3948 -0.0367541  -0.102996 -0.000349276   0.00017296  2.06347e-05 -0.0563587  0.0703937  0.0255753 0.365185 -0.28964 -9.79792 
               113.4  1.43344  4.01105 -179.487 -25.1822  82.2794 -3.05237  0.392673   -1.2662 -0.505185 0.038549 0.048077 0.141315   -1.47361 -0.0577915  -0.235356 -0.000350334  0.000176811  2.76563e-05 -0.0561545   0.070451   0.025503  0.365209 -0.289435  -9.79792 
               113.5 1.64076 3.83021 -179.51 -25.3218  82.2737 -3.07509  0.392673   -1.2662 -0.505185 0.038549 0.048077 0.141315  -1.39729 -0.102098 -0.171662 -0.00035275 0.000166849 2.78746e-05 -0.0559103   0.070402  0.0255157  0.365345 -0.289232  -9.79793 
               113.6  1.61948   3.8898 -179.296 -25.4684  82.2657  -3.0853  0.392673   -1.2662 -0.505185 0.038549 0.048077 0.141315   -1.45291 -0.0913059  -0.192791 -0.000350349  0.000171877  2.38985e-05 -0.0560523  0.0705059  0.0253119  0.365196 -0.289326  -9.79793 
               113.7  1.71909  3.83172 -179.146 -25.6186  82.2607 -3.09403  0.392673   -1.2662 -0.505185 0.038549 0.048077 0.141315  -1.37941 -0.123407 -0.200501 -0.000349858  0.000168788  2.28482e-05 -0.0561741  0.0709136  0.0250713  0.364779 -0.289289  -9.79795 
               113.8  1.78055   3.7012 -178.993 -25.7612  82.2519 -3.09707  0.392673   -1.2662 -0.505185 0.038549 0.048077 0.141315  -1.41697 -0.128399 -0.151495 -0.000353375  0.000169066  2.65862e-05 -0.0561731  0.0712234  0.0247533  0.364495 -0.289179  -9.79796 
               113.9  1.78172  3.62992 -178.663 -25.9062  82.2434 -3.10096  0.392673   -1.2662 -0.505185 0.038549 0.048077 0.141315   -1.36828  -0.148569 -0.0986361 -0.000350663  0.000164346  2.60281e-05 -0.0562067  0.0714331  0.0245151  0.364289 -0.289136  -9.79797 
                 114  1.69656  3.56902 -178.766  -26.053  82.2361 -3.09726  0.392673   -1.2662 -0.505185 0.038549 0.048077 0.141315  -1.41778 -0.100062 -0.144951 -0.000350111  0.000170321  3.45917e-05 -0.0563495   0.071771  0.0241294  0.363924 -0.289146  -9.79798 
               114.1  1.81245  3.74355 -178.859  -26.202  82.2325 -3.09927  0.392673   -1.2662 -0.505185 0.038549 0.048077 0.141315    -1.4871 -0.0968825 -0.0767853 -0.000348657  0.000161424  3.76643e-05 -0.0564086   0.072225  0.0239735  0.363489 -0.289033    -9.798 
               114.2    1.828  3.54776 -179.017 -26.3585  82.2319 -3.09335  0.392673   -1.2662 -0.505185 0.038549 0.048077 0.141315   -1.53651 -0.0457702  0.0443298 -0.000347408  0.000167632  3.99428e-05 -0.056459 0.0725627 0.0237955  0.363161 -0.288957  -9.79802 
               114.3   1.8923   3.6357 -179.289  -26.518  82.2353 -3.08411  0.392673   -1.2662 -0.505185 0.038549 0.048077 0.141315    -1.53245 -0.00697053   0.0468497 -0.000346263  0.000167935  3.97072e-05 -0.0564771  0.0729444  0.0236912  0.362808 -0.288833  -9.79803 
               114.4  1.93009  3.51299 -179.457 -26.6712  82.2367 -3.07849  0.392673   -1.2662 -0.505185 0.038549 0.048077 0.141315   -1.56554 -0.0291887  0.0559517 -0.000343281   0.00017002  3.63728e-05 -0.0563882  0.0730259  0.0237073  0.362767 -0.288722  -9.79804 
               114.5  1.96795  3.55452 -179.453 -26.8241  82.2309 -3.08262  0.392673   -1.2662 -0.505185 0.038549 0.048077 0.141315   -1.48087 -0.0355122   0.036039 -0.000341774  0.000170711  2.78883e-05 -0.056449 0.0729012  0.023848  0.362859 -0.288821  -9.79803 
               114.6  1.91033  3.37486 -179.446 -26.9738  82.2304 -3.08643  0.392673   -1.2662 -0.505185 0.038549 0.048077 0.141315   -1.54973 -0.0432274 -0.0623757 -0.000335321  0.000178601  2.46072e-05 -0.0563152  0.0729445  0.0239186  0.362871 -0.288683  -9.79803 
               114.7  1.89124  3.35327 -179.552 -27.1237  82.2223 -3.10057  0.392673   -1.2662 -0.505185 0.038549 0.048077 0.141315   -1.47321 -0.0590568  -0.070558 -0.000333048  0.000175519  2.54276e-05 -0.0563154  0.0728023  0.0240888  0.363002 -0.288734  -9.79803 
               114.8  1.92249  3.43503 -179.462 -27.2633  82.2189 -3.11124  0.392673   -1.2662 -0.505185 0.038549 0.048077 0.141315   -1.50398 -0.0353571  -0.101495 -0.000331609  0.000175432  2.60306e-05 -0.0560924  0.0726932  0.0241706  0.363186 -0.288572  -9.79803 
               114.9  1.85561  3.33003 -179.754 -27.4138  82.2175 -3.12113  0.392673   -1.2662 -0.505185 0.038549 0.048077 0.141315   -1.51201 -0.0296817  -0.039776 -0.000327616  0.000170681   3.3055e-05 -0.056057 0.0727289 0.0242176  0.363168 -0.288526  -9.79803 
                 115  2.07455  3.25764 -179.819 -27.5638  82.2173 -3.11905  0.392673   -1.2662 -0.505185 0.038549 0.048077 0.141315     -1.5836 -0.00996726   0.0410356 -0.000333631  0.000173339  3.22095e-05 -0.055795 0.0727702  0.024168  0.363228 -0.288274  -9.79803 
               115.1  2.08302  3.31693 -179.625 -27.7173  82.2145 -3.11494  0.392673   -1.2662 -0.505185 0.038549 0.048077 0.141315  -1.51745 0.0110752 0.0482498 -0.000329139  0.000170492  2.42557e-05 -0.0557727  0.0725474  0.0241996  0.363438 -0.288337  -9.79802 
               115.2   2.1285  3.13877 -179.416 -27.8634  82.2134 -3.11335  0.392673   -1.2662 -0.505185 0.038549 0.048077 0.141315    -1.56421 -0.00127598  -0.0255508 -0.000324078  0.000179229  1.72943e-05 -0.0555984  0.0723405  0.0242329  0.363691 -0.288257  -9.79802 
               115.3   2.1197  2.93456 -179.308 -28.009 82.2128 -3.1187  0.392673   -1.2662 -0.505185 0.038549 0.048077 0.141315    -1.55607 0.000490022   0.0282687 -0.000317898  0.000169924  1.85129e-05 -0.0552779   0.072084  0.0243934  0.364046 -0.288062  -9.79801 
               115.4  2.15326  3.02186 -179.021 -28.1614  82.2083 -3.12481  0.392673   -1.2662 -0.505185 0.038549 0.048077 0.141315   -1.58536 -0.0100639 -0.0649694 -0.000316115  0.000168576  1.66608e-05 -0.0552501  0.0718858  0.0244943 0.364236 -0.28811   -9.798 
               115.5  2.02434  3.20235 -178.891  -28.311  82.2024 -3.13694  0.392673   -1.2662 -0.505185 0.038549 0.048077 0.141315  -1.50547 0.0271217 -0.101239 -0.000314563  0.000159015  1.77525e-05 -0.0552389  0.0714822   0.024587  0.364606 -0.288251  -9.79798 
               115.6  2.08534  3.27727 -178.996   -28.46  82.1983 -3.14556  0.392673   -1.2662 -0.505185 0.038549 0.048077 0.141315    -1.52204 -0.00909696  -0.0010956 -0.000316682  0.000160861  2.28896e-05 -0.0552629  0.0713261  0.0246457  0.364739 -0.288331  -9.79797 
               115.7  2.05844  3.37303 -179.082 -28.6058   82.192  -3.1455  0.392673   -1.2662 -0.505185 0.038549 0.048077 0.141315    -1.45642 -0.00917206   0.0408616 -0.000319013   0.00016302  2.63398e-05 -0.0552732  0.0709572  0.0246739  0.365068 -0.288477  -9.79796 
               115.8  2.01009  3.23852 -179.331 -28.7463  82.1863 -3.14201  0.392673   -1.2662 -0.505185 0.038549 0.048077 0.141315   -1.50726 -0.0051913 0.00898817 -0.000316543  0.000168271  2.65603e-05 -0.0552175  0.0706193  0.0247099  0.365395 -0.288553  -9.79794 
               115.9   2.0128  2.93864 -179.368 -28.8914  82.1777 -3.14894  0.392673   -1.2662 -0.505185 0.038549 0.048077 0.141315   -1.48287  -0.052753 -0.0508412 -0.000313526   0.00016992  2.25514e-05 -0.0551639  0.0702482  0.0248018  0.365751 -0.288642  -9.79793 
                 116  1.90928  3.03506 -179.392 -29.0393  82.1707 -3.15621  0.392673   -1.2662 -0.505185 0.038549 0.048077 0.141315   -1.52092  0.0198795 -0.0246769 -0.000313492  0.000165194  2.02163e-05 -0.0552291  0.0700835    0.02486  0.365876 -0.288762  -9.79792 
               116.1  1.88672  3.14532 -179.389 -29.1914  82.1704 -3.16251  0.392673   -1.2662 -0.505185 0.038549 0.048077 0.141315   -1.48559  0.0212284 -0.0507291 -0.000312543  0.000160111  1.79796e-05 -0.0553936  0.0700213  0.0249374  0.365872 -0.288933  -9.79791 
               116.2  1.90118  2.97813 -179.624 -29.3327  82.1627 -3.17353  0.392673   -1.2662 -0.505185 0.038549 0.048077 0.141315   -1.49097 -0.0496126  -0.113648 -0.000312408  0.000162721  2.06888e-05 -0.0553085  0.0696903  0.0250152  0.366203 -0.288979   -9.7979 
               116.3  1.88797  3.02948 -179.412 -29.4806  82.1546  -3.1843  0.392673   -1.2662 -0.505185 0.038549 0.048077 0.141315    -1.42864 -0.00479397  -0.0869508 -0.00031116 0.000157914 1.61806e-05 -0.0554203  0.0695312  0.0250226  0.366305 -0.289139  -9.79789 
               116.4  1.77422  2.97869 -179.482 -29.6291  82.1498 -3.18832  0.392673   -1.2662 -0.505185 0.038549 0.048077 0.141315   -1.52979 -0.0460793  -0.099525 -0.000309326    0.0001633  1.65845e-05 -0.0555659  0.0694746  0.0249077    0.3663 -0.289293  -9.79789 
               116.5  1.77889   2.9768 -179.576 -29.7799  82.1426 -3.19204  0.392673   -1.2662 -0.505185 0.038549 0.048077 0.141315   -1.56383 -0.0669258 -0.0939147 -0.000311628   0.00015885  1.99829e-05 -0.0554613   0.069298  0.0248141  0.366498 -0.289265  -9.79788 
               116.6  1.82428  3.26025 -179.344 -29.9383  82.1318 -3.19471  0.392673   -1.2662 -0.505185 0.038549 0.048077 0.141315   -1.58122 -0.0506156 -0.0708444 -0.000314893  0.000159094  1.35198e-05 -0.0556298  0.0692001  0.0247738  0.366522 -0.289455  -9.79788 
               116.7  1.75222  3.36937 -179.147 -30.0938   82.127 -3.20426  0.392673   -1.2662 -0.505185 0.038549 0.048077 0.141315   -1.53152 -0.0261321 -0.0317173 -0.000312119  0.000158035   9.5517e-06 -0.0556537  0.0690992   0.024839  0.366605 -0.289513  -9.79787 
               116.8  1.77314  3.38449 -179.096 -30.2463  82.1232 -3.20981  0.392673   -1.2662 -0.505185 0.038549 0.048077 0.141315   -1.58818 0.00364007  -0.049283 -0.000309559  0.000161511  1.12509e-05 -0.0555835   0.068964  0.0248552 0.366753  -0.2895 -9.79787 
               116.9  1.80617  3.51665 -178.884 -30.4003  82.1226 -3.21063  0.392673   -1.2662 -0.505185 0.038549 0.048077 0.141315   -1.55517 -0.0226423 -0.0322532 -0.000306449  0.000154068   1.0737e-05 -0.0554801  0.0688326  0.0248274  0.366911 -0.289456  -9.79786 
                 117  1.80928  3.48768 -178.779  -30.549  82.1198 -3.21562  0.392673   -1.2662 -0.505185 0.038549 0.048077 0.141315   -1.61957  0.0485317 -0.0208793 -0.000304555  0.000159347  9.59648e-06 -0.0553235  0.0685393    0.02489  0.367235 -0.289424  -9.79785 
               117.1  1.82162  3.38816 -178.821 -30.7025  82.1184 -3.21689  0.392673   -1.2662 -0.505185 0.038549 0.048077 0.141315    -1.56224 -0.00693284  -0.0161982 -0.000301069  0.000154472  1.41046e-05 -0.0552299   0.068206  0.0248897  0.367571 -0.289464  -9.79784 
               117.2  1.82105   3.4118 -178.963 -30.8481  82.1125 -3.22069  0.392673   -1.2662 -0.505185 0.038549 0.048077 0.141315   -1.56277  0.0529431 -0.0320066 -0.00030153 0.000154666 1.76016e-05  -0.05508 0.0677482  0.024941  0.368041 -0.289498  -9.79782 
               117.3  1.83412   3.4439 -179.139 -30.9953  82.1102 -3.22301  0.392673   -1.2662 -0.505185 0.038549 0.048077 0.141315   -1.48893 -0.0110879 -0.0180079 -0.000298595  0.000152486   2.0706e-05 -0.0550214  0.0674491   0.025004  0.368333 -0.289556   -9.7978 
               117.4 1.80074 3.19473  -179.4  -31.136  82.1039 -3.23169  0.392673   -1.2662 -0.505185 0.038549 0.048077 0.141315   -1.54011 -0.0177138 -0.0819459 -0.000296703  0.000157238  2.30514e-05 -0.0547959  0.0670455  0.0250862  0.368783 -0.289501  -9.79779 
               117.5  1.83921  3.39824 -179.329 -31.285 82.0961 -3.2369  0.392673   -1.2662 -0.505185 0.038549 0.048077 0.141315   -1.47892 -0.0355893 -0.0215652 -0.000295152  0.000151121  1.71853e-05 -0.0548633  0.0668363  0.0251098  0.368947 -0.289639  -9.79778 
               117.6   1.8019  3.33896 -179.422  -31.425  82.0902 -3.23979  0.392673   -1.2662 -0.505185 0.038549 0.048077 0.141315   -1.52186  -0.046638 -0.0784293 -0.000296173  0.000157592  1.55021e-05 -0.0547446  0.0664714  0.0251359  0.369321 -0.289668  -9.79776 
               117.7   1.8843  3.25479 -179.579 -31.5744  82.0778 -3.25513  0.392673   -1.2662 -0.505185 0.038549 0.048077 0.141315   -1.44938 -0.0966066  -0.109676 -0.000295018  0.000153559  1.65573e-05 -0.0548607  0.0663064  0.0252312  0.369427 -0.289833  -9.79775 
               117.8  1.86558  3.40065 -179.549 -31.7163  82.0685 -3.26414  0.392673   -1.2662 -0.505185 0.038549 0.048077 0.141315   -1.47526 -0.0661393  -0.116024 -0.000292957  0.000152768  1.65316e-05 -0.0547575   0.066238  0.0251963  0.369527 -0.289765  -9.79775 
               117.9  1.88142  3.49272 -179.567 -31.8598  82.0645 -3.27116  0.392673   -1.2662 -0.505185 0.038549 0.048077 0.141315   -1.44408  -0.043945 -0.0453906 -0.000295801  0.000148221  1.89776e-05 -0.0546478  0.0662614   0.025158  0.369547 -0.289658  -9.79776 
                 118   1.9871  3.36206 -179.855 -32.0107  82.0615 -3.26875  0.392673   -1.2662 -0.505185 0.038549 0.048077 0.141315   -1.53898 -0.0671671   0.018377 -0.000300023  0.000154379  2.84379e-05 -0.0546051   0.066452  0.0250563   0.36939 -0.289549  -9.79776 
               118.1 2.01472 3.45846 -179.65 -32.1646  82.0562 -3.26121  0.392673   -1.2662 -0.505185 0.038549 0.048077 0.141315   -1.49937 -0.0462999  0.0991187 -0.000297493   0.00014871  1.96445e-05 -0.0546228  0.0664826  0.0250308  0.369356 -0.289554  -9.79777 
               118.2  2.04793  3.38518 -179.415 -32.3119  82.0553 -3.25315  0.392673   -1.2662 -0.505185 0.038549 0.048077 0.141315    -1.5758 -0.0301228   0.100265 -0.000293919  0.000157453   1.2013e-05 -0.0543983  0.0664797  0.0250783  0.369444 -0.289353  -9.79777 
               118.3  2.02297  3.28126 -179.348 -32.4629  82.0528 -3.24921  0.392673   -1.2662 -0.505185 0.038549 0.048077 0.141315   -1.53319 -0.0316736   0.134762 -0.000286807  0.000155392  1.05586e-05 -0.054223 0.0664178 0.0252541  0.369568 -0.289216  -9.79777 
               118.4  2.00345  3.34164 -179.007 -32.6109  82.0507 -3.24834  0.392673   -1.2662 -0.505185 0.038549 0.048077 0.141315     -1.562 -0.0174509  0.0674894 -0.000281901   0.00015676  4.30217e-06 -0.0540567  0.0662502  0.0254982  0.369784 -0.289127  -9.79776 
               118.5  2.02563  3.27114 -178.845 -32.7625  82.0437 -3.25639  0.392673   -1.2662 -0.505185 0.038549 0.048077 0.141315  -1.52604 0.0184562 0.0427703 -0.000280389  0.000156124  3.49205e-06 -0.0541365  0.0659864  0.0257922  0.369995 -0.289295  -9.79775 
               118.6  1.99186  3.23375 -178.928 -32.9117  82.0455 -3.26679  0.392673   -1.2662 -0.505185 0.038549 0.048077 0.141315   -1.52731 0.00666758  0.0148043 -0.000276496  0.000154113  7.79369e-06 -0.0540339   0.065924  0.0260626  0.370094 -0.289223  -9.79775 
               118.7  1.97648  3.24041 -179.052 -33.0619  82.0435 -3.27537  0.392673   -1.2662 -0.505185 0.038549 0.048077 0.141315   -1.5055 0.0382042 0.0339716 -0.000276827  0.000153151  1.00482e-05 -0.0540326  0.0657671   0.026269  0.370238 -0.289279  -9.79774 
               118.8  1.98112  3.24069 -179.115 -33.2094  82.0436 -3.27352  0.392673   -1.2662 -0.505185 0.038549 0.048077 0.141315  -1.56948 0.0466869 0.0525909 -0.000272896   0.00015495  8.52449e-06 -0.0539905  0.0655569  0.0263597  0.370444 -0.289318  -9.79773 
               118.9  2.01489  3.15895 -179.423 -33.3573  82.0372 -3.28017  0.392673   -1.2662 -0.505185 0.038549 0.048077 0.141315    -1.53767 -0.00558432   0.0288849 -0.000272415  0.000153453  1.39677e-05 -0.0539526  0.0651031  0.0265664   0.37087 -0.289451  -9.79771 
                 119   1.9626  3.22275 -179.481 -33.5036   82.031 -3.28056  0.392673   -1.2662 -0.505185 0.038549 0.048077 0.141315   -1.52986 -0.0332877  0.0131056 -0.000267819  0.000155091   9.7244e-06 -0.0539246  0.0648038  0.0266758  0.371151 -0.289537   -9.7977 
               119.1  2.00306   3.2723 -179.467 -33.6516   82.022 -3.29004  0.392673   -1.2662 -0.505185 0.038549 0.048077 0.141315   -1.46518 -0.0238039  0.0276002 -0.00027135 0.000152397 3.85148e-06 -0.0539895  0.0645716  0.0269126 0.371338 -0.28968 -9.79769 
               119.2  2.05183  3.15124 -179.542 -33.7924  82.0167 -3.30107  0.392673   -1.2662 -0.505185 0.038549 0.048077 0.141315   -1.49416 -0.0574582 -0.0318216 -0.000270754   0.00015891  3.63558e-06 -0.0537938  0.0644169  0.0271123 0.371553 -0.28956 -9.79768 
               119.3  1.98698  3.19124 -179.516  -33.936  82.0075 -3.31041  0.392673   -1.2662 -0.505185 0.038549 0.048077 0.141315   -1.41657 -0.0300957  0.0169353 -0.000267442  0.000157055  2.67249e-06 -0.0537605  0.0641988  0.0272437 0.371763 -0.28961 -9.79767 
               119.4  1.94809  3.23777 -179.496 -34.0819  82.0054 -3.30949  0.392673   -1.2662 -0.505185 0.038549 0.048077 0.141315  -1.53287 0.0078023 0.0520341 -0.000270843  0.000162979  1.98273e-06 -0.0538233  0.0641294  0.0272685  0.371802 -0.289692  -9.79767 
               119.5  1.96279  3.14931 -179.827 -34.2366  82.0018 -3.30923  0.392673   -1.2662 -0.505185 0.038549 0.048077 0.141315   -1.55273 -0.0387449    0.10607 -0.000268867  0.000161877  7.14246e-06 -0.0538822  0.0640764  0.0274094  0.371829 -0.289764  -9.79767 
               119.6   2.0276  3.15308 -179.694 -34.3869   81.996 -3.30646  0.392673   -1.2662 -0.505185 0.038549 0.048077 0.141315  -1.55356 -0.015941 0.0928197 -0.000269753  0.000164238  8.60939e-07 -0.053797 0.0639147 0.0275788  0.372008 -0.289747  -9.79766 
               119.7  2.08671  3.16807 -179.464 -34.5399  81.9913 -3.31242  0.392673   -1.2662 -0.505185 0.038549 0.048077 0.141315   -1.51407 -0.0498527  0.0445884 -0.000264251  0.000165348 -7.34622e-06 -0.0538074  0.0638646  0.0278133  0.372052 -0.289773  -9.79766 
               119.8  2.05298  3.15555 -179.299 -34.6887  81.9838 -3.31854  0.392673   -1.2662 -0.505185 0.038549 0.048077 0.141315   -1.53341 -0.0746926 -0.0142687  -0.00025818  0.000171172 -1.13773e-05 -0.0537612   0.063759  0.0279761 0.372166 -0.28977 -9.79765 
               119.9  2.04299  3.13801 -179.079 -34.8354  81.9762 -3.32895  0.392673   -1.2662 -0.505185 0.038549 0.048077 0.141315   -1.51925 -0.0736506  -0.022404 -0.000255523  0.000168848 -1.18345e-05 -0.0536575  0.0636086  0.0282047  0.372342 -0.289731  -9.79765 
                 120  2.08001  3.15583 -178.831 -34.9865  81.9664 -3.34217  0.392673   -1.2662 -0.505185 0.038549 0.048077 0.141315   -1.52599 -0.0128024 -0.0525962 -0.000253345  0.000172498 -1.45385e-05 -0.0537152  0.0635424  0.0283674  0.372382 -0.289807  -9.79764 
               120.1  1.99784  3.05969 -178.768 -35.1405  81.9612 -3.34829  0.392673   -1.2662 -0.505185 0.038549 0.048077 0.141315   -1.53463 -0.0251612 0.00494713 -0.000255743  0.000175583 -1.38158e-05 -0.0538006  0.0634069  0.0284019  0.372472 -0.289934  -9.79764 
               120.2    2.108  3.15699 -178.926 -35.2891  81.9583 -3.35238  0.392673   -1.2662 -0.505185 0.038549 0.048077 0.141315   -1.54092 -0.0452048  -0.041401 -0.000258615  0.000175373 -6.73894e-06 -0.0536532  0.0633584  0.0284772  0.372571 -0.289819  -9.79764 
               120.3  2.10619   3.2007 -179.007 -35.4368  81.9524 -3.36152  0.392673   -1.2662 -0.505185 0.038549 0.048077 0.141315   -1.41438 -0.0134368  0.0153478  -0.00025883  0.000172831 -5.70048e-06 -0.0536595  0.0632192  0.0286396  0.372696 -0.289876  -9.79763 
               120.4  2.11725  3.01315 -179.289 -35.5753  81.9479 -3.37329  0.392673   -1.2662 -0.505185 0.038549 0.048077 0.141315  -1.49314 -0.096071 -0.146624 -0.000256526   0.00017685 -2.30854e-06 -0.0534926  0.0631041  0.0287161  0.372863 -0.289768  -9.79763 
               120.5  2.09758  3.07888 -179.389 -35.7208  81.9372 -3.38349  0.392673   -1.2662 -0.505185 0.038549 0.048077 0.141315   -1.41312  -0.129559 -0.0698123 -0.00025101  0.00016941 -3.8019e-06 -0.0534608  0.0630462  0.0287087  0.372927 -0.289761  -9.79762 
               120.6  2.16069  3.17788 -179.345 -35.8607  81.9272 -3.38767  0.392673   -1.2662 -0.505185 0.038549 0.048077 0.141315   -1.42682 -0.0784173 -0.0864731 -0.000254741  0.000176596 -4.23085e-06 -0.0534136  0.0630988  0.0286387  0.372896 -0.289699  -9.79763 
               120.7  2.14312  3.12864 -179.423 -36.0055  81.9195 -3.39471  0.392673   -1.2662 -0.505185 0.038549 0.048077 0.141315   -1.39998  -0.155083 -0.0766663 -0.000254897  0.000171758 -3.68775e-06 -0.0534101   0.063223  0.0285645 0.372785 -0.28965 -9.79763 
               120.8  2.17816  3.18528 -179.498  -36.149  81.9114 -3.40069  0.392673   -1.2662 -0.505185 0.038549 0.048077 0.141315 -1.41379 -0.13832 -0.10872 -0.000255866  0.000176069  1.16331e-06 -0.0533225  0.0635307  0.0284789  0.372541 -0.289457  -9.79765 
               120.9  2.12214  3.24897 -179.271 -36.3008  81.9066  -3.4037  0.392673   -1.2662 -0.505185 0.038549 0.048077 0.141315   -1.40255 -0.0582709 -0.0232729 -0.000255851  0.000174039 -3.85662e-06 -0.0535288  0.0638739  0.0283815  0.372154 -0.289515  -9.79766 
                 121  2.10662  3.07519 -179.593 -36.4525  81.9075 -3.39832  0.392673   -1.2662 -0.505185 0.038549 0.048077 0.141315   -1.55511 -0.0582593  0.0204517 -0.00025838 0.000179856 4.22173e-06 -0.0535429  0.0641748    0.02828  0.371877 -0.289416  -9.79767 
               121.1  2.18071  3.05672 -179.579 -36.6057  81.9101 -3.39794  0.392673   -1.2662 -0.505185 0.038549 0.048077 0.141315   -1.46491 -0.0875121  0.0542373  -0.00025438  0.000171615 -3.32385e-07 -0.0533655  0.0644344  0.0283231  0.371712 -0.289159  -9.79769 
               121.2  2.18915  3.19562 -179.279 -36.7579  81.9065 -3.39718  0.392673   -1.2662 -0.505185 0.038549 0.048077 0.141315    -1.5135 -0.0542305  0.0037415  -0.00025215  0.000177802 -1.31633e-05 -0.0534109  0.0646018  0.0283519  0.371545 -0.289137   -9.7977 
               121.3  2.23138  3.13692 -179.131 -36.9079  81.9001 -3.40236  0.392673   -1.2662 -0.505185 0.038549 0.048077 0.141315   -1.49853 -0.0574453 -0.0281355  -0.00024798  0.000177662 -1.55127e-05 -0.0534007   0.064615  0.0284517  0.371538 -0.289122   -9.7977 
               121.4  2.26008  3.17129 -178.949 -37.0556  81.8963 -3.40985  0.392673   -1.2662 -0.505185 0.038549 0.048077 0.141315    -1.5019 -0.0516937 -0.0414674 -0.000243467  0.000180666  -1.5433e-05 -0.0532857  0.0647006  0.0285585  0.371506 -0.288986   -9.7977 
               121.5  2.25141  3.11466 -178.647 -37.2084  81.8892 -3.42083  0.392673   -1.2662 -0.505185 0.038549 0.048077 0.141315    -1.4688 -0.0726773 -0.0112082 -0.000241537  0.000184149 -1.76254e-05 -0.0533908  0.0646921  0.0286626  0.371475 -0.289083   -9.7977 
               121.6  2.26616  3.18717 -178.603 -37.3616  81.8845 -3.41917  0.392673   -1.2662 -0.505185 0.038549 0.048077 0.141315   -1.56716 -0.0111814 -0.0459828 -0.000239769  0.000189661 -1.42279e-05 -0.0534925  0.0646756  0.0286168  0.371451 -0.289181   -9.7977 
               121.7  2.29195  3.14752 -178.733 -37.5142  81.8833 -3.42429  0.392673   -1.2662 -0.505185 0.038549 0.048077 0.141315   -1.50554 -0.0280957 -0.0232009 -0.000237958  0.000185416 -1.14598e-05 -0.053467 0.0646629 0.0286422  0.371472 -0.289162   -9.7977 
               121.8  2.28126  3.13992 -178.818 -37.6622  81.8811 -3.42875  0.392673   -1.2662 -0.505185 0.038549 0.048077 0.141315   -1.48892 -0.0154746 -0.0203061 -0.000236319  0.000186373 -1.07944e-05 -0.0534367    0.06462  0.0286607  0.371522 -0.289151   -9.7977 
               121.9  2.25072  3.12835 -179.071 -37.8155   81.873 -3.43494  0.392673   -1.2662 -0.505185 0.038549 0.048077 0.141315   -1.48791 -0.0468371  -0.107418 -0.000234798   0.00018545 -8.30563e-06 -0.0536799  0.0645329  0.0286756   0.37151 -0.289402  -9.79769 
                 122  2.26981  3.00676 -179.173 -37.9597  81.8691 -3.44435  0.392673   -1.2662 -0.505185 0.038549 0.048077 0.141315   -1.49546 -0.0658969 -0.0946844 -0.000232665  0.000184308 -7.41757e-06 -0.0535217   0.064561  0.0286811  0.371543 -0.289249  -9.79769 
               122.1  2.25977  3.11078 -179.078 -38.1067  81.8578 -3.45484  0.392673   -1.2662 -0.505185 0.038549 0.048077 0.141315   -1.39971 -0.0713562  -0.093037 -0.000236679    0.0001798 -1.38087e-05 -0.0536318  0.0644547  0.0286788  0.371598 -0.289388  -9.79769 
               122.2 2.23763 3.05257  -179.2 -38.2464  81.8516 -3.46218  0.392673   -1.2662 -0.505185 0.038549 0.048077 0.141315   -1.45462 -0.0637006  -0.178857 -0.000236739   0.00018642 -1.21569e-05 -0.0535262  0.0644267  0.0285658  0.371661 -0.289304  -9.79769 
               122.3  2.23904  3.04951 -179.332 -38.3942  81.8472 -3.47338  0.392673   -1.2662 -0.505185 0.038549 0.048077 0.141315  -1.41073 -0.123068 -0.122896 -0.000235212  0.000183917 -8.94469e-06 -0.0535148  0.0646486  0.0284843  0.371465 -0.289211   -9.7977 
               122.4  2.27123  3.12462 -179.157 -38.5359  81.8414 -3.47661  0.392673   -1.2662 -0.505185 0.038549 0.048077 0.141315   -1.45406 -0.0447817   -0.09792 -0.000240857  0.000185819 -1.32154e-05 -0.0534832   0.064676   0.028313  0.371451 -0.289173   -9.7977 
               122.5  2.26617  3.11749 -179.321 -38.6971  81.8341 -3.47648  0.392673   -1.2662 -0.505185 0.038549 0.048077 0.141315    -1.51317  -0.0482501 -0.00600806  -0.00024261  0.000183711 -1.27209e-05 -0.0539098  0.0648269  0.0281762  0.371154 -0.289501   -9.7977 
               122.6  2.31472  3.09726 -179.376 -38.8447   81.833 -3.47019  0.392673   -1.2662 -0.505185 0.038549 0.048077 0.141315   -1.50837 -0.0598512 -0.0148226 -0.000242329  0.000185203 -1.18237e-05 -0.0536813  0.0649128  0.0280451  0.371161 -0.289264  -9.79771 
               122.7 2.29821 3.15927 -179.07 -38.9937  81.8227 -3.47111  0.392673   -1.2662 -0.505185 0.038549 0.048077 0.141315   -1.48699 -0.0619052   0.011111 -0.000240084  0.000182419 -2.10599e-05 -0.0537124  0.0647683  0.0280612  0.371279 -0.289346   -9.7977 
               122.8 2.26319 3.19877 -178.88 -39.1428  81.8133 -3.47031  0.392673   -1.2662 -0.505185 0.038549 0.048077 0.141315    -1.51768  -0.0784603 -0.00923504 -0.000241367  0.000188862 -2.24022e-05 -0.0537613  0.0646468  0.0280599  0.371369 -0.289436  -9.79769 
               122.9  2.27539  3.17143 -178.767 -39.2925  81.8053 -3.47452  0.392673   -1.2662 -0.505185 0.038549 0.048077 0.141315   -1.49107 -0.0756599  0.0319178  -0.00024059  0.000189371 -2.09405e-05 -0.0537599  0.0646074  0.0281463  0.371406 -0.289449  -9.79769 
                 123  2.40211  3.39108 -178.465 -39.4424  81.7981 -3.47285  0.392673   -1.2662 -0.505185 0.038549 0.048077 0.141315   -1.56624 -0.0169261  0.0661198 -0.000247042  0.000188318  -2.4986e-05 -0.0537269   0.064559  0.0282133  0.371463 -0.289437  -9.79769 
               123.1   2.3327  3.29616 -178.415 -39.5978  81.7985 -3.47024  0.392673   -1.2662 -0.505185 0.038549 0.048077 0.141315  -1.53865 0.0199317  0.107872 -0.000240207  0.000197592 -2.21773e-05 -0.0537101  0.0645215  0.0283644  0.371505 -0.289435  -9.79769 
               123.2  2.39213  3.25572 -178.521 -39.7516  81.7976 -3.46972  0.392673   -1.2662 -0.505185 0.038549 0.048077 0.141315  -1.53516 0.0225016 0.0701844 -0.000235497  0.000196432 -2.00928e-05 -0.0537394  0.0644754  0.0285498  0.371537 -0.289477  -9.79769 
               123.3 2.37325 3.27192 -178.59 -39.9019  81.7931  -3.4766  0.392673   -1.2662 -0.505185 0.038549 0.048077 0.141315   -1.46706 0.00117708  0.0478044 -0.000234791  0.000192587 -1.79073e-05 -0.0538537  0.0642358  0.0287939  0.371713 -0.289668  -9.79767 
               123.4  2.38834  3.29428 -178.951 -40.0461  81.7906 -3.48153  0.392673   -1.2662 -0.505185 0.038549 0.048077 0.141315   -1.54357  -0.010089 -0.0202872  -0.00023198  0.000191392 -1.12972e-05 -0.0538109   0.064106  0.0289629  0.371848 -0.289676  -9.79767 
               123.5  2.39435  3.19658 -179.081 -40.1956   81.786 -3.49261  0.392673   -1.2662 -0.505185 0.038549 0.048077 0.141315    -1.47826  -0.0258336 -0.00966882 -0.000226555  0.000184475 -1.21059e-05 -0.0537688  0.0639488   0.029172  0.372008 -0.289696  -9.79766 
               123.6  2.38912  3.35371 -179.064 -40.3383  81.7804 -3.50461  0.392673   -1.2662 -0.505185 0.038549 0.048077 0.141315   -1.46385 -0.0252232 -0.0733842 -0.000230156  0.000186277 -1.32074e-05 -0.0537262  0.0638325  0.0293217  0.37213  -0.2897 -9.79766 
               123.7   2.4212  3.42113 -179.089 -40.4862    81.77 -3.51642  0.392673   -1.2662 -0.505185 0.038549 0.048077 0.141315   -1.44737 -0.0564344  -0.113861 -0.000232585   0.00018431 -1.36601e-05 -0.0539303  0.0636485  0.0293941   0.37222 -0.289951  -9.79765 
               123.8  2.37744  3.28373 -179.251 -40.6288  81.7649 -3.52935  0.392673   -1.2662 -0.505185 0.038549 0.048077 0.141315   -1.48658 -0.0704779  -0.130465 -0.000229934  0.000190932 -9.37012e-06 -0.0538231   0.063645  0.0294315  0.372264 -0.289856  -9.79765 
               123.9  2.43955   3.3108 -179.133  -40.779  81.7634 -3.53933  0.392673   -1.2662 -0.505185 0.038549 0.048077 0.141315   -1.43108  0.0335381 -0.0783209 -0.000232623  0.000184367 -1.24066e-05 -0.0538401  0.0637907   0.029418  0.372127 -0.289817  -9.79765 
                 124  2.41441  3.25077 -179.275 -40.9339   81.762 -3.54142  0.392673   -1.2662 -0.505185 0.038549 0.048077 0.141315   -1.53998 -0.0119203 -0.0530364 -0.000235167  0.000191377 -1.00121e-05 -0.0541152   0.063794  0.0293046  0.372019 -0.290063  -9.79765 
               124.1  2.51905  3.18736 -179.485 -41.0807  81.7621 -3.53924  0.392673   -1.2662 -0.505185 0.038549 0.048077 0.141315    -1.5246 -0.0333265  0.0101629  -0.00023469  0.000184407 -9.75107e-06 -0.0538737  0.0637387  0.0292277  0.372158 -0.289867  -9.79765 
               124.2  2.53437   3.2182 -179.217 -41.2304  81.7575 -3.53227  0.392673   -1.2662 -0.505185 0.038549 0.048077 0.141315   -1.53105 -0.0257179  0.0278622 -0.000230364  0.000188497 -2.05311e-05 -0.0538416  0.0636247  0.0291805  0.372271 -0.289881  -9.79765 
               124.3 2.50424 3.09076 -179.05 -41.3759  81.7478 -3.53253  0.392673   -1.2662 -0.505185 0.038549 0.048077 0.141315   -1.47899 -0.0727185   0.035934 -0.000223381  0.000187586 -2.29928e-05 -0.0538127  0.0633068  0.0292639  0.372567 -0.289974  -9.79763 
               124.4  2.51257  3.13769 -178.972 -41.5216  81.7385 -3.53149  0.392673   -1.2662 -0.505185 0.038549 0.048077 0.141315   -1.47654 -0.0580576  0.0312205 -0.000219209  0.000189393 -2.36697e-05 -0.0537653  0.0632048  0.0293148 0.372677 -0.28997 -9.79763 
               124.5  2.60791  3.21542 -178.718 -41.6642  81.7305 -3.53161  0.392673   -1.2662 -0.505185 0.038549 0.048077 0.141315   -1.46591 -0.0946289  0.0581661 -0.000216971  0.000190845 -2.50955e-05 -0.0536372  0.0631712  0.0294239  0.372757 -0.289868  -9.79763 
               124.6  2.58044  3.28298 -178.591  -41.813  81.7223 -3.53062  0.392673   -1.2662 -0.505185 0.038549 0.048077 0.141315   -1.53376 -0.0560312  0.0710519 -0.000213112  0.000193378 -2.48552e-05 -0.0537015  0.0631465  0.0295705  0.372757 -0.289934  -9.79763 
               124.7  2.66678   3.1225 -178.741 -41.9683  81.7186 -3.53303  0.392673   -1.2662 -0.505185 0.038549 0.048077 0.141315    -1.5113 -0.0779494    0.06278 -0.000212022  0.000197887 -1.98226e-05 -0.0537155  0.0632586  0.0297405  0.372654 -0.289904  -9.79763 
               124.8   2.6275  3.18586 -178.875 -42.1169  81.7169 -3.53653  0.392673   -1.2662 -0.505185 0.038549 0.048077 0.141315    -1.5246 0.00995961  0.0282964 -0.000207954  0.000202584  -1.9638e-05 -0.0535822  0.0632728  0.0299069 0.372694 -0.28978 -9.79763 
               124.9 2.66287 3.23098 -179.01 -42.2736  81.7153 -3.54222  0.392673   -1.2662 -0.505185 0.038549 0.048077 0.141315     -1.51581 -0.000861857    0.0336248 -0.000208733  0.000202493 -2.18131e-05 -0.0537476  0.0633572  0.0301107  0.372559 -0.289896  -9.79763 
                 125 2.64388 3.13298 -179.21 -42.4213  81.7217 -3.54931  0.392673   -1.2662 -0.505185 0.038549 0.048077 0.141315    -1.59637   0.0315054 -0.00282447 -0.000200747  0.000202192 -1.80084e-05 -0.0534121   0.063424  0.0303305 0.372628 -0.28957 -9.79764 
               125.1   2.6233   3.2737 -179.228 -42.5731  81.7197 -3.55819  0.392673   -1.2662 -0.505185 0.038549 0.048077 0.141315   -1.48363  0.0423942 0.00268169 -0.000200302  0.000198463 -2.13925e-05 -0.0534322   0.063248  0.0305201  0.372781 -0.289654  -9.79763 
               125.2  2.60309  3.26021 -179.269 -42.7192  81.7196 -3.56428  0.392673   -1.2662 -0.505185 0.038549 0.048077 0.141315    -1.5736 0.00827121 -0.0323356 -0.000198691  0.000205728 -2.26073e-05 -0.053422 0.0630516 0.0306509  0.372963 -0.289718  -9.79762 
               125.3  2.62676  3.13479 -179.455 -42.8707  81.7164 -3.57526  0.392673   -1.2662 -0.505185 0.038549 0.048077 0.141315   -1.53088 -0.0112084 -0.0305153 -0.000198918  0.000200649 -2.01726e-05 -0.0533951  0.0628519  0.0307987  0.373154 -0.289768  -9.79762 
               125.4  2.63609  3.27658 -179.359 -43.0147  81.7085 -3.58397  0.392673   -1.2662 -0.505185 0.038549 0.048077 0.141315    -1.51341 -0.00860323  -0.0483443 -0.000200946  0.000203194 -2.59167e-05 -0.0533246  0.0624963   0.030886  0.373499 -0.289838   -9.7976 
               125.5  2.55247  3.33324 -179.309 -43.1689  81.6993 -3.59068  0.392673   -1.2662 -0.505185 0.038549 0.048077 0.141315    -1.48931 -0.00545772   -0.021458  -0.00019968  0.000206417 -2.67362e-05 -0.0536117  0.0622897  0.0309531  0.373577 -0.290172  -9.79759 
               125.6  2.64581  3.16415 -179.495 -43.3147   81.694 -3.59236  0.392673   -1.2662 -0.505185 0.038549 0.048077 0.141315   -1.53417 -0.0674257 -0.0170429 -0.000203289  0.000209885 -2.35769e-05 -0.0534698  0.0621964  0.0309673 0.373714 -0.29008 -9.79759 
               125.7  2.57168  3.07039 -179.272 -43.4601  81.6864 -3.59535  0.392673   -1.2662 -0.505185 0.038549 0.048077 0.141315   -1.49085 -0.0417465  0.0456402 -0.000201327  0.000206266 -3.07212e-05 -0.0533439  0.0619773  0.0310532 0.373958 -0.29005 -9.79758 
               125.8 2.55411 3.06544 -179.01 -43.6023  81.6768 -3.59621  0.392673   -1.2662 -0.505185 0.038549 0.048077 0.141315   -1.52032 -0.0459664 0.00484946 -0.000201721  0.000208481 -3.49111e-05 -0.0532387  0.0616594  0.0311225  0.374283 -0.290075  -9.79756 
               125.9  2.49893  2.98605 -178.909 -43.7492  81.6658 -3.59787  0.392673   -1.2662 -0.505185 0.038549 0.048077 0.141315   -1.50791 -0.0680867 0.00876589 -0.000200379  0.000211206 -3.51847e-05 -0.0532221  0.0614583  0.0311855  0.374469 -0.290136  -9.79755 
                 126   2.5119  3.07816 -178.597 -43.9002  81.6545 -3.60066  0.392673   -1.2662 -0.505185 0.038549 0.048077 0.141315  -1.51738 -0.090283  0.013869 -0.000201281  0.000213323 -3.76098e-05 -0.0533114  0.0613723  0.0312726  0.374514 -0.290248  -9.79755 
               126.1  2.46137  3.05352 -178.363 -44.0503  81.6431 -3.60099  0.392673   -1.2662 -0.505185 0.038549 0.048077 0.141315   -1.50537 -0.0481248  0.0386509 -0.000204792  0.000214427 -3.71304e-05 -0.0533837  0.0611938  0.0313658  0.374647 -0.290379  -9.79754 
               126.2  2.44862   2.9409 -178.397 -44.2039  81.6342  -3.6042  0.392673   -1.2662 -0.505185 0.038549 0.048077 0.141315   -1.53723 -0.0455608  0.0555885 -0.000207013  0.000217829 -3.20187e-05 -0.0534852  0.0610958  0.0315108  0.374698 -0.290507  -9.79753 
               126.3  2.46006  2.96677 -178.526 -44.3506  81.6256 -3.60852  0.392673   -1.2662 -0.505185 0.038549 0.048077 0.141315  -1.48261 0.0141384 0.0138315 -0.000208254  0.000216208 -3.24841e-05 -0.0534241  0.0608819  0.0316629  0.374914 -0.290532  -9.79753 
               126.4  2.42614  2.96295 -178.603 -44.4959  81.6227 -3.60761  0.392673   -1.2662 -0.505185 0.038549 0.048077 0.141315   -1.54023 -0.0174492  0.0276539 -0.000206977  0.000219805 -3.62488e-05 -0.0533967  0.0607293  0.0317356  0.375062 -0.290563  -9.79752 
               126.5 2.47755 2.75927  -178.9 -44.6415  81.6225 -3.61593  0.392673   -1.2662 -0.505185 0.038549 0.048077 0.141315    -1.52868 -0.00650212 -0.00246829 -0.000206797   0.00021942 -3.25573e-05 -0.0531645   0.060609  0.0319352 0.375258  -0.2904 -9.79752 
               126.6  2.42282  2.87325 -178.921 -44.7882  81.6193 -3.62165  0.392673   -1.2662 -0.505185 0.038549 0.048077 0.141315   -1.50846 -0.0355591 -0.0602044 -0.000204045  0.000218052 -3.84485e-05 -0.0531487  0.0604492  0.0320409  0.375408 -0.290445  -9.79751 
               126.7  2.45621  2.75913 -178.875 -44.9344  81.6102 -3.63597  0.392673   -1.2662 -0.505185 0.038549 0.048077 0.141315  -1.43178 -0.038712 -0.121895 -0.000203782  0.000216271 -4.25185e-05 -0.0532345  0.0602796  0.0321859  0.375529 -0.290584   -9.7975 
               126.8  2.35451  2.63259 -178.871 -45.0758  81.5984   -3.656  0.392673   -1.2662 -0.505185 0.038549 0.048077 0.141315  -1.42743 -0.102827 -0.231523 -0.000203083   0.00021725  -4.2582e-05 -0.0532447  0.0600979  0.0322164  0.375688 -0.290661  -9.79749 
               126.9  2.31942  2.84981 -178.813 -45.2162  81.5848 -3.67809  0.392673   -1.2662 -0.505185 0.038549 0.048077 0.141315   -1.37878 -0.0838562  -0.259907 -0.000212904  0.000206025 -3.90829e-05 -0.0532861  0.0600208  0.0321459  0.375741 -0.290726  -9.79749 
                 127  2.27198  3.07404 -178.743  -45.362  81.5711 -3.69389  0.392673   -1.2662 -0.505185 0.038549 0.048077 0.141315  -1.38224 -0.094943 -0.220562 -0.000220679  0.000211123 -3.41015e-05 -0.0536279  0.0600156   0.031946  0.375616 -0.291034  -9.79748 
               127.1  2.2573 3.05994 -179.08 -45.5058  81.5582 -3.70102  0.392673   -1.2662 -0.505185 0.038549 0.048077 0.141315  -1.37422 -0.170676 -0.146483  -0.00022717  0.000214294 -2.57121e-05 -0.0538121  0.0600511  0.0316468  0.375514 -0.291186  -9.79748 
               127.2  2.44147  3.06603 -179.085 -45.6518  81.5531 -3.69855  0.392673   -1.2662 -0.505185 0.038549 0.048077 0.141315   -1.41208   -0.16434 -0.0579333 -0.000226233  0.000210913 -2.33604e-05 -0.0537563  0.0605226  0.0313298  0.375111 -0.290961  -9.79751 
               127.3  2.41343  3.00057 -178.809  -45.802  81.5421 -3.69294  0.392673   -1.2662 -0.505185 0.038549 0.048077 0.141315   -1.42174  -0.126331 -0.0458388 -0.000224061  0.000213973 -3.03941e-05 -0.0538838   0.060721  0.0310883  0.374884 -0.291002  -9.79751 
               127.4  2.47441  2.87017 -178.631 -45.9506  81.5335 -3.68678  0.392673   -1.2662 -0.505185 0.038549 0.048077 0.141315   -1.38774  -0.180756 -0.0574835  -0.00021983  0.000215395 -3.43145e-05 -0.0539185  0.0610158  0.0308493  0.374606 -0.290924  -9.79753 
               127.5   2.4054  2.88624 -178.364  -46.097  81.5252 -3.68352  0.392673   -1.2662 -0.505185 0.038549 0.048077 0.141315   -1.45962  -0.131193 -0.0162108 -0.000218068  0.000214219  -3.6483e-05 -0.0539171   0.061268  0.0307089   0.37438 -0.290829  -9.79754 
               127.6   2.4375   3.0195 -178.161 -46.2523  81.5197 -3.67811  0.392673   -1.2662 -0.505185 0.038549 0.048077 0.141315   -1.48534 -0.0639058   0.039655 -0.000219012   0.00021102 -3.65327e-05 -0.0540322  0.0615571  0.0306307  0.374078 -0.290824  -9.79755 
               127.7  2.46178   2.9773 -178.197 -46.4078  81.5159 -3.67509  0.392673   -1.2662 -0.505185 0.038549 0.048077 0.141315   -1.47704 -0.0768477  0.0815413 -0.000221255  0.000213944 -3.47596e-05 -0.0541406  0.0617764  0.0306278 0.373842 -0.29084 -9.79756 
               127.8  2.50472  3.03314 -178.323 -46.5585  81.5123 -3.66982  0.392673   -1.2662 -0.505185 0.038549 0.048077 0.141315   -1.51055 -0.0377845  0.0847002 -0.000216705  0.000216625 -3.10245e-05 -0.0541114  0.0619029  0.0307051  0.373741 -0.290767  -9.79756 
               127.9   2.4594  3.01837 -178.428 -46.7112  81.5131 -3.66768  0.392673   -1.2662 -0.505185 0.038549 0.048077 0.141315  -1.45079 -0.014914  0.159947 -0.000212854  0.000214404  -3.0727e-05 -0.0541313  0.0620611  0.0308642  0.373594 -0.290726  -9.79757 
                 128  2.45573  2.97756 -178.654 -46.8605  81.5168 -3.66066  0.392673   -1.2662 -0.505185 0.038549 0.048077 0.141315  -1.59001 0.0165972  0.130398  -0.00021062  0.000217212 -2.80427e-05 -0.054013 0.0621544 0.0310139  0.373556 -0.290585  -9.79758 
               128.1  2.46486  2.99387 -178.723 -47.0123  81.5151 -3.66188  0.392673   -1.2662 -0.505185 0.038549 0.048077 0.141315  -1.47961 0.0368843  0.122771 -0.000207275  0.000217924 -3.19333e-05 -0.0539765  0.0620469  0.0312921  0.373668 -0.290592  -9.79757 
               128.2  2.39674  3.10036 -178.683 -47.1601  81.5172 -3.66406  0.392673   -1.2662 -0.505185 0.038549 0.048077 0.141315  -1.55213 0.0691043  0.084423 -0.000206554  0.000225128 -3.50461e-05 -0.0540041  0.0619485  0.0315363  0.373749 -0.290653  -9.79757 
               128.3  2.48996  3.05148 -178.853 -47.3153  81.5141 -3.67089  0.392673   -1.2662 -0.505185 0.038549 0.048077 0.141315  -1.54742 0.0280925 0.0679003 -0.000205735  0.000222885 -3.51828e-05 -0.0541333  0.0617257  0.0318141 0.373903 -0.29085 -9.79756 
               128.4  2.46852  3.22825 -178.995 -47.4648   81.514 -3.67815  0.392673   -1.2662 -0.505185 0.038549 0.048077 0.141315  -1.52019 0.0192356 0.0416615 -0.000203817  0.000224093 -3.56418e-05 -0.0541024  0.0615856  0.0320586  0.374042 -0.290874  -9.79755 
               128.5  2.53105  3.33738 -178.902 -47.6123  81.5121 -3.68524  0.392673   -1.2662 -0.505185 0.038549 0.048077 0.141315  -1.47884 0.0520458 0.0283185 -0.000202776  0.000223744 -4.00904e-05 -0.0542021  0.0614122  0.0323069  0.374162 -0.291026  -9.79754 
               128.6  2.49014  3.09361 -179.168  -47.751  81.5055 -3.69438  0.392673   -1.2662 -0.505185 0.038549 0.048077 0.141315  -1.39178 0.0254228  0.112749 -0.000198982  0.000226295  -3.6257e-05 -0.0542125   0.061008   0.032598  0.374522 -0.291185  -9.79752 
               128.7   2.5274  3.17498 -179.061  -47.881  81.4991 -3.69546  0.392673   -1.2662 -0.505185 0.038549 0.048077 0.141315  -1.37026 0.0193367 0.0381148 -0.000198059  0.000228173  -4.3882e-05 -0.0541707  0.0606839  0.0327786  0.374829 -0.291268  -9.79751 
               128.8  2.48248  3.10484 -178.766 -48.0114  81.4894 -3.69939  0.392673   -1.2662 -0.505185 0.038549 0.048077 0.141315  -1.26598 0.0336012 0.0588168 -0.000197884   0.00022822 -5.08689e-05 -0.0543299  0.0603394   0.032981  0.375079 -0.291538  -9.79749 
               128.9 2.46101 3.24579  -178.6 -48.1242  81.4801 -3.70245  0.392673   -1.2662 -0.505185 0.038549 0.048077 0.141315  -1.06721 0.0648267 0.0715522 -0.000197085  0.000232971 -5.16873e-05 -0.0544456  0.0599141  0.0331712 0.375416  -0.2918 -9.79747 
                 129  2.47701  3.04312 -178.591 -48.2272  81.4692 -3.69952  0.392673   -1.2662 -0.505185 0.038549 0.048077 0.141315     -1.1481 -0.00749487   0.0895136 -0.000200923  0.000242535 -4.96223e-05 -0.0545858  0.0594841  0.0333149  0.375748 -0.292085  -9.79745 
               129.1  2.46167  2.45725 -178.332  -48.347  81.4643 -3.70415  0.392673   -1.2662 -0.505185 0.038549 0.048077 0.141315    -1.39682 -0.00125971  -0.0018506 -0.000190239  0.000242383 -5.14145e-05 -0.0545197  0.0592456  0.0335363  0.375988 -0.292114  -9.79744 
               129.2 2.43539  2.6212 -178.26 -48.4849   81.453 -3.71409  0.392673   -1.2662 -0.505185 0.038549 0.048077 0.141315   -1.38536 -0.0192111 -0.0523667 -0.000185744  0.000236521  -4.4868e-05 -0.054613 0.0589558 0.0336952  0.376213 -0.292305  -9.79742 
               129.3  2.37074   3.3166 -178.258 -48.6046  81.4465  -3.7248  0.392673   -1.2662 -0.505185 0.038549 0.048077 0.141315  -1.13452 0.0684568 0.0270489 -0.000193393   0.00023202 -4.02391e-05 -0.0546284  0.0586576  0.0339016  0.376476 -0.292429  -9.79741 
               129.4   2.5158  3.48185 -178.397 -48.7074  81.4413 -3.72843  0.392673   -1.2662 -0.505185 0.038549 0.048077 0.141315   -1.15843 0.00864532  0.0449509 -0.000195846  0.000236824 -3.96315e-05 -0.0545728  0.0582985  0.0340827  0.376818 -0.292512  -9.79739 
               129.5   2.4594  2.88918 -178.787 -48.8219  81.4352 -3.73671  0.392673   -1.2662 -0.505185 0.038549 0.048077 0.141315   -1.33065 -0.0242457  -0.107714 -0.000192995  0.000247339 -3.25755e-05 -0.0544092   0.057964  0.0342195  0.377179 -0.292489  -9.79738 
               129.6  2.56248  2.93388 -178.868 -48.9501  81.4314 -3.74883  0.392673   -1.2662 -0.505185 0.038549 0.048077 0.141315    -1.26642  -0.0550104 -0.00964758 -0.000184975  0.000239706 -3.40028e-05 -0.0543498  0.0579627  0.0343123  0.377203 -0.292436  -9.79738 
               129.7  2.49941  3.09896 -178.978 -49.0768  81.4244 -3.75439  0.392673   -1.2662 -0.505185 0.038549 0.048077 0.141315   -1.26988 -0.0583166 -0.0820758 -0.000187563  0.000240442 -3.33557e-05 -0.0544058   0.057954  0.0343517  0.377191 -0.292489  -9.79738 
               129.8  2.45582  2.77983 -179.016 -49.1989   81.417 -3.76047  0.392673   -1.2662 -0.505185 0.038549 0.048077 0.141315   -1.08432 -0.0649371 -0.0190604 -0.000184691  0.000240571 -3.54766e-05 -0.0544743  0.0578907   0.034324  0.377221 -0.292574  -9.79738 
               129.9  2.47064  2.92041 -179.284 -49.3038  81.4185 -3.76346  0.392673   -1.2662 -0.505185 0.038549 0.048077 0.141315   -1.09318  0.0191888 -0.0272124 -0.00018779 0.000236291 -3.2362e-05 -0.0543211  0.0579577  0.0343151  0.377219 -0.292413  -9.79738 
                 130  2.40246  2.82181 -179.905 -49.4257  81.4204 -3.76625  0.392673   -1.2662 -0.505185 0.038549 0.048077 0.141315  -1.31436 0.0826347 -0.171594 -0.000190086  0.000238508 -2.62053e-05 -0.0544221  0.0579427  0.0342152  0.377193 -0.292508  -9.79738 
               130.1 2.38846 3.02246 179.226 -49.5635  81.4286 -3.78422  0.392673   -1.2662 -0.505185 0.038549 0.048077 0.141315  -1.36517 0.0397973 -0.162721 -0.000189188  0.000232372 -1.89178e-05 -0.0543898  0.0580584  0.0342259  0.377103 -0.292436  -9.79739 
               130.2 2.43515 3.84421  178.67  -49.696  81.4391 -3.79401  0.392673   -1.2662 -0.505185 0.038549 0.048077 0.141315   -1.23678   0.106033 -0.0608553 -0.000195392  0.000227456 -2.19944e-05 -0.0543255  0.0582517  0.0341783  0.376955 -0.292306  -9.79739 
               130.3 2.44176 3.95119 178.376 -49.8201  81.4559 -3.79295  0.392673   -1.2662 -0.505185 0.038549 0.048077 0.141315  -1.13836  0.185213 -0.033696 -0.000192354  0.000233369 -2.66571e-05 -0.054376 0.0583676 0.0340782  0.376832 -0.292307   -9.7974 
               130.4 2.45315 3.53327 177.404 -49.9397  81.4679  -3.7954  0.392673   -1.2662 -0.505185 0.038549 0.048077 0.141315   -1.20534   0.128489 -0.0606831 -0.000192188  0.000241049 -1.65732e-05 -0.0545407   0.058258  0.0340436  0.376865 -0.292495  -9.79739 
               130.5 2.49972 3.23244 176.518 -50.0631  81.4802 -3.79846  0.392673   -1.2662 -0.505185 0.038549 0.048077 0.141315   -1.24475  0.0692722 -0.0723557 -0.000187051     0.000242 -1.46777e-05 -0.0544953  0.0583474  0.0339906  0.376803 -0.292421   -9.7974 
               130.6 2.42672 3.18741 176.397 -50.1921  81.4894 -3.80557  0.392673   -1.2662 -0.505185 0.038549 0.048077 0.141315   -1.16324   0.115005 -0.0560428 -0.000179577  0.000240105  -2.8309e-05 -0.0546694  0.0584419  0.0339632   0.37665 -0.292537   -9.7974 
               130.7 2.45086 3.28739 176.112 -50.3224  81.4948 -3.80871  0.392673   -1.2662 -0.505185 0.038549 0.048077 0.141315  -1.27792   0.12505 -0.123429 -0.000178736  0.000237995 -3.09709e-05 -0.055002 0.0584483 0.0339039  0.376509 -0.292827   -9.7974 
               130.8 2.43354 3.00279 175.634 -50.4527  81.5066 -3.81311  0.392673   -1.2662 -0.505185 0.038549 0.048077 0.141315  -1.19725 0.0876908 -0.043202 -0.000175849  0.000241611 -2.52937e-05 -0.0550441   0.058539  0.0337824  0.376411 -0.292827   -9.7974 
               130.9 2.40763  3.5626  175.41 -50.5724  81.5203 -3.81747  0.392673   -1.2662 -0.505185 0.038549 0.048077 0.141315   -1.13703    0.14198 -0.0539832 -0.000176125  0.000233854 -2.53236e-05 -0.055093 0.0587137 0.0337774  0.376239 -0.292797  -9.79741 
                 131 2.33005 3.47544 175.117 -50.6877  81.5341 -3.81515  0.392673   -1.2662 -0.505185 0.038549 0.048077 0.141315    -1.2069    0.18609 -0.0235557 -0.000177441  0.000236937 -2.56405e-05 -0.055165 0.0586269 0.0337102  0.376283 -0.292896   -9.7974 
               131.1 2.29023  3.0028 174.278 -50.8203  81.5488 -3.81873  0.392673   -1.2662 -0.505185 0.038549 0.048077 0.141315  -1.40277  0.193358 -0.138502 -0.000180454  0.000242584 -1.58768e-05 -0.0553094    0.05852  0.0336458  0.376313 -0.293066   -9.7974 
               131.2 2.26672 3.26254 173.471 -50.9613  81.5665 -3.83154  0.392673   -1.2662 -0.505185 0.038549 0.048077 0.141315  -1.31231  0.151176 -0.117154 -0.000180855  0.000235802  -1.2686e-05 -0.0553582  0.0586001  0.0336044  0.376223 -0.293074   -9.7974 
               131.3 2.18388 3.65678     173 -51.0949  81.5844 -3.84169  0.392673   -1.2662 -0.505185 0.038549 0.048077 0.141315   -1.22746    0.18502 -0.0774496 -0.000186613  0.000233347 -1.74511e-05 -0.055488 0.0586953 0.0335915  0.376085 -0.293144   -9.7974 
               131.4 2.18471 3.58062 172.322 -51.2174  81.6064 -3.84332  0.392673   -1.2662 -0.505185 0.038549 0.048077 0.141315   -1.18342   0.219871 -0.0410966 -0.000188703  0.000234855 -1.57783e-05 -0.0555546  0.0587423  0.0335168  0.376014 -0.293181   -9.7974 
               131.5 2.16319 3.31713 171.244 -51.3427  81.6287 -3.84595  0.392673   -1.2662 -0.505185 0.038549 0.048077 0.141315   -1.28096   0.221248 -0.0960021 -0.000190001  0.000239249 -9.28711e-06 -0.0556269  0.0587496  0.0334491  0.375975 -0.293239   -9.7974 
               131.6 2.17632 3.17264 170.344 -51.4721  81.6567 -3.84923  0.392673   -1.2662 -0.505185 0.038549 0.048077 0.141315   -1.3328  0.229139 -0.096221 -0.000189843  0.000237826 -9.43061e-06 -0.0555148  0.0589093  0.0333453  0.375889 -0.293072  -9.79741 
               131.7 2.07465 3.26696 169.804 -51.6104  81.6832 -3.85329  0.392673   -1.2662 -0.505185 0.038549 0.048077 0.141315   -1.38044   0.248619 -0.0649483 -0.000185654  0.000228194 -1.64403e-05 -0.0555764  0.0589754  0.0332801  0.375804 -0.293093  -9.79742 
               131.8 2.03584 3.22044 169.259 -51.7574  81.7147 -3.85631  0.392673   -1.2662 -0.505185 0.038549 0.048077 0.141315  -1.37462  0.253706 -0.104158  -0.00018674   0.00022783 -1.75096e-05 -0.0556441  0.0591834   0.033161  0.375596 -0.293053  -9.79742 
               131.9 2.04006 3.55065 168.912  -51.893  81.7398 -3.86095  0.392673   -1.2662 -0.505185 0.038549 0.048077 0.141315   -1.19857   0.256174 -0.0194913 -0.000187794  0.000225329 -2.32621e-05 -0.0558067  0.0592892  0.0331325  0.375431 -0.293139  -9.79743 
                 132 1.97996 3.66907 168.578 -52.0109  81.7664 -3.86317  0.392673   -1.2662 -0.505185 0.038549 0.048077 0.141315  -1.15258  0.294054 0.0155629 -0.000182338  0.000224321 -2.37662e-05 -0.0558649  0.0593312  0.0331986  0.375368 -0.293167  -9.79743 
               132.1 1.94719 3.22662 167.935 -52.1331  81.7978 -3.86238  0.392673   -1.2662 -0.505185 0.038549 0.048077 0.141315   -1.32181   0.319282 -0.0743003 -0.000185405  0.000233763 -1.86429e-05 -0.0558822  0.0593191  0.0331526   0.37537 -0.293188  -9.79743 
               132.2 1.99095 3.14104 167.157 -52.2699  81.8295 -3.86599  0.392673   -1.2662 -0.505185 0.038549 0.048077 0.141315   -1.35333   0.276219 -0.0217752 -0.000183234  0.000230661 -1.49418e-05 -0.0558729  0.0594143  0.0331049  0.375296 -0.293133  -9.79743 
               132.3 1.93755 3.58989 167.057 -52.4036  81.8658 -3.87248  0.392673   -1.2662 -0.505185 0.038549 0.048077 0.141315  -1.26795  0.355437 0.0109061 -0.000182743   0.00022676 -2.57595e-05 -0.055853 0.0595891 0.0332125  0.375164 -0.293029  -9.79744 
               132.4 1.89466 3.52134  166.78 -52.5338  81.8961 -3.86916  0.392673   -1.2662 -0.505185 0.038549 0.048077 0.141315 -1.27834 0.317058  0.04123 -0.000181935  0.000230571 -2.61885e-05 -0.0559632  0.0595197  0.0332165  0.375165 -0.293155  -9.79744 
               132.5 1.88261 3.35141  166.38 -52.6617  81.9298 -3.86594  0.392673   -1.2662 -0.505185 0.038549 0.048077 0.141315   -1.3003  0.345187 0.0867726  -0.00018409  0.000233572 -2.29478e-05 -0.0559636  0.0595415  0.0332991  0.375148 -0.293144  -9.79744 
               132.6 1.86588 3.18351 166.169 -52.7967  81.9587 -3.86701  0.392673   -1.2662 -0.505185 0.038549 0.048077 0.141315  -1.41893  0.349793 0.0125047 -0.000183228  0.000232005 -2.75881e-05 -0.0560343  0.0594044  0.0334623  0.375224 -0.293273  -9.79743 
               132.7 1.79928 3.02532 165.846 -52.9399  81.9933  -3.8709  0.392673   -1.2662 -0.505185 0.038549 0.048077 0.141315  -1.44243  0.376166 0.0546467 -0.000182854  0.000230554 -2.67656e-05 -0.0560225  0.0593597   0.033542  0.375267 -0.293287  -9.79743 
               132.8 1.75075 3.28229 165.528 -53.0901  82.0293 -3.87371  0.392673   -1.2662 -0.505185 0.038549 0.048077 0.141315  -1.47145  0.407536 0.0502793 -0.000187375  0.000227764 -2.60386e-05 -0.0561534  0.0593838  0.0337132  0.375181 -0.293379  -9.79743 
               132.9 1.71361 3.35097 165.294 -53.2381  82.0662 -3.87873  0.392673   -1.2662 -0.505185 0.038549 0.048077 0.141315  -1.46662  0.434367 0.0892557 -0.000191266  0.000226622 -2.88743e-05 -0.0562496   0.059252  0.0339366  0.375237 -0.293527  -9.79742 
                 133 1.69347 3.42997 164.942 -53.3826  82.1107 -3.88134  0.392673   -1.2662 -0.505185 0.038549 0.048077 0.141315   -1.42579   0.463062 -0.0114213 -0.000187401  0.000230124 -2.85039e-05 -0.056245 0.0592199 0.0341111  0.375266 -0.293541  -9.79742 
               133.1 1.65112 3.48159 164.427 -53.5224  82.1528 -3.90047  0.392673   -1.2662 -0.505185 0.038549 0.048077 0.141315   -1.35837    0.39935 -0.0682724 -0.000183588  0.000232141 -2.74458e-05 -0.0562821  0.0591958  0.0343734  0.375268 -0.293584  -9.79742 
               133.2 1.48842 3.68471  163.64 -53.6518  82.1883 -3.91426  0.392673   -1.2662 -0.505185 0.038549 0.048077 0.141315  -1.37848  0.404537 -0.119188 -0.000184463  0.000229419 -1.91188e-05 -0.0561882  0.0590393  0.0344983  0.375443 -0.293595  -9.79741 
               133.3 1.62714  3.4214 163.429 -53.7897  82.2292  -3.9239  0.392673   -1.2662 -0.505185 0.038549 0.048077 0.141315   -1.40469   0.425231 -0.0640361 -0.000190813   0.00023394   -2.653e-05 -0.0561379  0.0590459  0.0345161  0.375466 -0.293552  -9.79741 
               133.4 1.45888 3.74748  163.14 -53.9278  82.2673 -3.93504  0.392673   -1.2662 -0.505185 0.038549 0.048077 0.141315   -1.30807   0.352181 -0.0434915 -0.000190195  0.000227569 -2.79271e-05 -0.0561764  0.0589536  0.0345702  0.375517 -0.293633  -9.79741 
               133.5 1.38993 3.90027 162.825 -54.0609  82.3047 -3.93978  0.392673   -1.2662 -0.505185 0.038549 0.048077 0.141315   -1.2614   0.46306 -0.114809 -0.000191482  0.000234496 -2.68637e-05  -0.05629 0.0589868 0.0345339  0.375428 -0.293703  -9.79741 
               133.6 1.19288 3.75828 162.116 -54.1907  82.3518 -3.94925  0.392673   -1.2662 -0.505185 0.038549 0.048077 0.141315 -1.29929 0.479217 -0.09758 -0.000190295  0.000237494 -1.82462e-05 -0.0563105  0.0590739  0.0345329 0.375349 -0.29367 -9.79742 
               133.7 1.25862 3.81899 161.575 -54.3213  82.4067  -3.9595  0.392673   -1.2662 -0.505185 0.038549 0.048077 0.141315  -1.26329  0.489028 0.0134897 -0.000195009  0.000233506 -1.70628e-05 -0.0562667  0.0592853  0.0345554  0.375212 -0.293517  -9.79743 
               133.8  1.1968 4.11876  161.04 -54.4569  82.4581 -3.95131  0.392673   -1.2662 -0.505185 0.038549 0.048077 0.141315   -1.3073   0.57443 0.0662876 -0.000193895  0.000229858 -1.47915e-05 -0.0564632  0.0593476  0.0344967  0.375052 -0.293632  -9.79743 
               133.9   1.209 3.59569 160.444 -54.5924  82.5148 -3.94536  0.392673   -1.2662 -0.505185 0.038549 0.048077 0.141315  -1.32806   0.55381 0.0151284 -0.000191241   0.00023953 -1.76987e-05 -0.0565113  0.0593754   0.034454  0.375002 -0.293653  -9.79743 
                 134  1.2426 3.61423 160.097 -54.7244  82.5687 -3.95506  0.392673   -1.2662 -0.505185 0.038549 0.048077 0.141315   -1.22204   0.501702 -0.0458606 -0.000191075  0.000236695 -2.11415e-05 -0.0565637  0.0593814  0.0345699  0.374969 -0.293689  -9.79743 
               134.1 1.22811 3.92632 159.745  -54.844  82.6151 -3.96322  0.392673   -1.2662 -0.505185 0.038549 0.048077 0.141315   -1.07108   0.494695 -0.0066051 -0.000191359  0.000231587 -2.18209e-05 -0.0567491  0.0593575  0.0346964   0.37488 -0.293842  -9.79743 
               134.2 1.20515 3.42453 159.139 -54.9643  82.6623 -3.97178  0.392673   -1.2662 -0.505185 0.038549 0.048077 0.141315   -1.1825  0.568544 -0.074513 -0.000188577  0.000235442 -1.45659e-05 -0.0569846  0.0592354  0.0348216 0.374832 -0.29409 -9.79742 
               134.3 1.20616 2.99397 158.033 -55.0925  82.7146 -3.97994  0.392673   -1.2662 -0.505185 0.038549 0.048077 0.141315   -1.30113   0.585113 -0.0997582 -0.000191017  0.000237189 -4.82286e-06 -0.0570876  0.0591382  0.0347887  0.374841 -0.294225  -9.79742 
               134.4 1.31247 3.34941   157.5  -55.222  82.7712 -3.99013  0.392673   -1.2662 -0.505185 0.038549 0.048077 0.141315    -1.2885   0.593287 -0.0714746 -0.000193926  0.000226056  -1.2316e-05 -0.0571399  0.0591351  0.0348483  0.374812 -0.294264  -9.79742 
               134.5 1.25625 3.20192  156.95 -55.3546   82.834 -3.99532  0.392673   -1.2662 -0.505185 0.038549 0.048077 0.141315   -1.23604   0.595682 -0.0223531 -0.000189167  0.000226812 -1.35115e-05 -0.0572569  0.0591882  0.0348284  0.374702 -0.294317  -9.79742 
               134.6 1.24287 3.12277 156.171  -55.484  82.8936 -3.99776  0.392673   -1.2662 -0.505185 0.038549 0.048077 0.141315  -1.24714  0.605362 -0.105441  -0.00018539  0.000226981 -1.16104e-05 -0.0573769  0.0592173  0.0347604  0.374605 -0.294385  -9.79742 
               134.7 1.16568 3.09891 155.449 -55.6117  82.9521 -4.00574  0.392673   -1.2662 -0.505185 0.038549 0.048077 0.141315   -1.19685   0.605903 -0.0790453 -0.000181097  0.000222884 -1.03551e-05 -0.0574642  0.0592131  0.0346958  0.374552 -0.294449  -9.79742 
               134.8 1.10701 3.14465 154.654 -55.7384  83.0139 -4.00648  0.392673   -1.2662 -0.505185 0.038549 0.048077 0.141315   -1.26111   0.613384 -0.0668355  -0.00018508  0.000220728 -7.01532e-06 -0.0575371  0.0592667  0.0345804  0.374468 -0.294465  -9.79743 
               134.9 1.09816 3.09798 154.114 -55.8672  83.0804 -4.00791  0.392673   -1.2662 -0.505185 0.038549 0.048077 0.141315   -1.25002   0.676103 -0.0223004 -0.000187099  0.000217786 -1.03869e-05 -0.0575831  0.0593609   0.034517  0.374373 -0.294435  -9.79743 
                 135 1.06344 3.19977 153.589 -55.9945  83.1472 -4.00584  0.392673   -1.2662 -0.505185 0.038549 0.048077 0.141315  -1.19127  0.674913 -0.012958 -0.000187913  0.000218484 -1.23607e-05 -0.0576519   0.059408  0.0344605  0.374295 -0.294451  -9.79743 
               135.1 0.936604   3.2275  152.981 -56.1122  83.2214 -4.00712  0.392673   -1.2662 -0.505185 0.038549 0.048077 0.141315  -1.06031  0.693548 0.0213915 -0.000185937  0.000220743 -8.54091e-06 -0.0576761  0.0594839  0.0344651  0.374228 -0.294417  -9.79744 
               135.2 1.02388 3.34765 151.909 -56.2199  83.2915 -4.00279  0.392673   -1.2662 -0.505185 0.038549 0.048077 0.141315   -1.05513   0.745667 0.00834117 -0.000189295  0.000221525  2.89442e-07 -0.0577683   0.059495  0.0344751 0.374159 -0.29447 -9.79744 
               135.3 0.965559  2.93077  150.592 -56.3275  83.3653  -4.0087  0.392673   -1.2662 -0.505185 0.038549 0.048077 0.141315   -1.13384   0.748325 0.00107713 -0.000184235  0.000227997  5.06899e-06 -0.0577401  0.0594687  0.0345672  0.374195 -0.294471  -9.79744 
               135.4 0.990543  2.96983  149.728 -56.4438  83.4436 -4.00908  0.392673   -1.2662 -0.505185 0.038549 0.048077 0.141315 -1.14809 0.784508 0.030072 -0.000182526  0.000227965 -2.33537e-06 -0.0577666  0.0595024   0.034602  0.374155 -0.294465  -9.79744 
               135.5  1.0519 3.08516 149.061 -56.5619  83.5228 -4.01292  0.392673   -1.2662 -0.505185 0.038549 0.048077 0.141315   -1.17819   0.757514 -0.0303194 -0.000178644  0.000226831 -8.62574e-06 -0.0578253  0.0595222  0.0346996  0.374101 -0.294489  -9.79744 
               135.6 1.13639 3.13507 148.436 -56.6814  83.5993 -4.02642  0.392673   -1.2662 -0.505185 0.038549 0.048077 0.141315  -1.12494  0.792275 -0.109418 -0.000176028  0.000229852 -1.12613e-05 -0.0578692  0.0595032  0.0348072  0.37408 -0.29453 -9.79744 
               135.7 1.16565 3.62481  147.85 -56.7945  83.6743 -4.03587  0.392673   -1.2662 -0.505185 0.038549 0.048077 0.141315   -1.04939    0.72693 -0.0543924 -0.000173845  0.000227735 -1.29232e-05 -0.0579835  0.0594965  0.0348585  0.374001 -0.294604  -9.79744 
               135.8 1.11146 3.60958 146.942 -56.9027  83.7526  -4.0444  0.392673   -1.2662 -0.505185 0.038549 0.048077 0.141315  -1.03478  0.774358 -0.080794 -0.000171653  0.000229618 -8.42452e-06 -0.0580603   0.059587  0.0349421  0.373892 -0.294583  -9.79744 
               135.9 1.12914 3.51792 146.218 -57.0093   83.828 -4.05227  0.392673   -1.2662 -0.505185 0.038549 0.048077 0.141315   -1.03387   0.717988 -0.0629308 -0.000169967  0.000234714 -8.41827e-06 -0.0580882  0.0596047  0.0349179   0.37386 -0.294586  -9.79745 
                 136 1.04183 3.79834 145.733 -57.1176   83.905 -4.06134  0.392673   -1.2662 -0.505185 0.038549 0.048077 0.141315   -1.00863   0.759682 -0.0697118 -0.000164909  0.000232412 -1.22767e-05 -0.0582051  0.0597004  0.0349635  0.373719 -0.294578  -9.79745 
               136.1 0.98429 3.61983 145.282  -57.226  83.9808 -4.06569  0.392673   -1.2662 -0.505185 0.038549 0.048077 0.141315  -1.08886  0.713169 -0.089438   -0.0001636  0.000237988 -1.43064e-05 -0.0582678   0.059712  0.0349079  0.373664 -0.294603  -9.79745 
               136.2 0.924523  3.67336  145.087 -57.3326  84.0509 -4.07263  0.392673   -1.2662 -0.505185 0.038549 0.048077 0.141315   -1.05986   0.695568 -0.0825278  -0.00016205  0.000236629 -2.19273e-05 -0.0582707  0.0596659   0.034885 0.373685 -0.29464 -9.79745 
               136.3 0.904493  3.75175  144.957 -57.4396  84.1219  -4.0808  0.392673   -1.2662 -0.505185 0.038549 0.048077 0.141315  -1.05155  0.731331 -0.060328 -0.000165713  0.000235459 -2.27453e-05 -0.0583248  0.0596787  0.0348888  0.373637 -0.294657  -9.79745 
               136.4 0.890433  3.82826  144.828 -57.5501  84.1936 -4.08323  0.392673   -1.2662 -0.505185 0.038549 0.048077 0.141315   -1.01638   0.716992 -0.0513626 -0.000163682  0.000237439 -2.46938e-05 -0.0584315  0.0596719  0.0348678  0.373555 -0.294716  -9.79745 
               136.5 0.915688  3.80485  144.732 -57.6554  84.2679 -4.08477  0.392673   -1.2662 -0.505185 0.038549 0.048077 0.141315   -1.09271   0.728107 -0.0896816 -0.000163579  0.000241296  -2.5622e-05 -0.0585001  0.0597571  0.0348426  0.373458 -0.294682  -9.79746 
               136.6 0.914312  3.49339  144.629 -57.7733  84.3461 -4.10421  0.392673   -1.2662 -0.505185 0.038549 0.048077 0.141315  -1.19673   0.80556 -0.139136 -0.000160674  0.000246227 -2.62234e-05 -0.058535 0.0597936 0.0349432  0.373414 -0.294671  -9.79746 
               136.7 0.828583  4.13263  144.742 -57.9017  84.4331 -4.10748  0.392673   -1.2662 -0.505185 0.038549 0.048077 0.141315   -1.19086   0.859442 -0.0291566 -0.000163254  0.000239141 -3.06963e-05 -0.0586947  0.0598768  0.0348601  0.373245 -0.294679  -9.79747 
               136.8 0.757765  4.36817  144.721 -58.0197  84.5191 -4.11229  0.392673   -1.2662 -0.505185 0.038549 0.048077 0.141315    -1.12261    0.825179 -0.00374051 -0.000161407  0.000243774 -3.00361e-05 -0.0587667  0.0599295  0.0349638  0.373163 -0.294673  -9.79747 
               136.9 0.667708  3.72783  144.362 -58.1418  84.5962 -4.12061  0.392673   -1.2662 -0.505185 0.038549 0.048077 0.141315  -1.24788  0.781105 -0.126368 -0.000158339  0.000254394 -2.38651e-05 -0.0587723  0.0598568  0.0349127  0.373192 -0.294733  -9.79747 
                 137 0.645462  3.81088  144.762 -58.2598  84.6698 -4.11897  0.392673   -1.2662 -0.505185 0.038549 0.048077 0.141315    -1.1327   0.699327 -0.0139796 -0.000162381  0.000248026 -3.56967e-05 -0.0587342  0.0598417  0.0347717  0.373228 -0.294725  -9.79746 
               137.1 0.475391  3.57699  145.214 -58.3718  84.7412 -4.12093  0.392673   -1.2662 -0.505185 0.038549 0.048077 0.141315  -1.10561   0.82678 -0.111536 -0.000169269  0.000244855 -3.86795e-05 -0.0587854  0.0598058  0.0347522  0.373203 -0.294778  -9.79746 
               137.2 0.56267 3.14571 145.121 -58.4917  84.8231 -4.13355  0.392673   -1.2662 -0.505185 0.038549 0.048077 0.141315  -1.19607  0.757229 -0.150016 -0.000173496  0.000242691 -2.89505e-05 -0.058814 0.0597811 0.0346496 0.373189 -0.29481 -9.79746 
               137.3 0.417598  4.30102  144.885 -58.6046  84.8999 -4.14232  0.392673   -1.2662 -0.505185 0.038549 0.048077 0.141315 -0.933588  0.713082  0.037718 -0.000174205  0.000228498 -2.65289e-05 -0.0589364  0.0597942  0.0346662  0.373084 -0.294858  -9.79747 
               137.4 0.659672  4.24217   144.79 -58.6937  84.9717 -4.13235  0.392673   -1.2662 -0.505185 0.038549 0.048077 0.141315 -0.997024  0.711246 0.0226444 -0.000179329  0.000239838 -3.09622e-05 -0.0588989  0.0598376  0.0346069  0.373093 -0.294805  -9.79747 
               137.5 0.617966  3.15052   144.61 -58.8007  85.0536  -4.1427  0.392673   -1.2662 -0.505185 0.038549 0.048077 0.141315  -1.09257  0.922341 -0.108285 -0.000172726  0.000250165 -2.86335e-05 -0.0589218  0.0598429  0.0346769  0.373073 -0.294812  -9.79747 
               137.6 0.612641  3.24851   144.15 -58.9169  85.1437 -4.14152  0.392673   -1.2662 -0.505185 0.038549 0.048077 0.141315   -1.12639   0.823199 -0.0363436 -0.000173154  0.000243777 -2.19851e-05 -0.059039 0.0598291 0.0345624  0.372984 -0.294878  -9.79747 
               137.7 0.759907  3.23737  143.889 -59.0341  85.2254 -4.15528  0.392673   -1.2662 -0.505185 0.038549 0.048077 0.141315 -1.08119 0.847603 -0.11889 -0.000171588  0.000239507 -2.51387e-05 -0.059118 0.0598198  0.034678  0.372926 -0.294923  -9.79747 
               137.8 0.465924  3.66851  143.507 -59.1442  85.3038 -4.16193  0.392673   -1.2662 -0.505185 0.038549 0.048077 0.141315   -1.0145  0.839414 -0.131544 -0.000169358  0.000230278 -2.16527e-05 -0.0592638  0.0597377  0.0346612  0.372846 -0.295057  -9.79747 
               137.9 0.63774 3.59625 142.861 -59.2471    85.39 -4.17903  0.392673   -1.2662 -0.505185 0.038549 0.048077 0.141315 -1.02866 0.877725 -0.10944 -0.000170202  0.000230765 -1.65208e-05 -0.0592648  0.0597267   0.034711  0.372851 -0.295067  -9.79747 
                 138 0.968126   3.7636  142.388 -59.3541  85.4782  -4.1879  0.392673   -1.2662 -0.505185 0.038549 0.048077 0.141315  -1.07513  0.845954 -0.171792  -0.00016998   0.00022877 -2.01008e-05 -0.059271 0.0597829 0.0346035   0.37282 -0.295023  -9.79747 
               138.1 0.845049  4.10135  142.151 -59.4552  85.5636 -4.19563  0.392673   -1.2662 -0.505185 0.038549 0.048077 0.141315  -0.989664   0.837102 -0.0260684 -0.000161491  0.000224864 -2.50732e-05 -0.0592664  0.0598415   0.034583  0.372797 -0.294973  -9.79747 
               138.2 0.85593 3.77717 142.033 -59.5625  85.6443 -4.20233  0.392673   -1.2662 -0.505185 0.038549 0.048077 0.141315 -1.13795 0.800976 -0.16899 -0.000160934   0.00023148 -2.98981e-05 -0.0592812  0.0597774   0.034532  0.372812 -0.295032  -9.79747 
               138.3 0.863571  3.83494  142.361 -59.6781  85.7253 -4.20803  0.392673   -1.2662 -0.505185 0.038549 0.048077 0.141315   -1.01059    0.75914 0.00236228 -0.000157835  0.000226416 -3.74938e-05 -0.0593723  0.0598029  0.0344379  0.372725 -0.295048  -9.79747 
               138.4 0.776271  3.87856  142.573 -59.7883  85.8094 -4.20297  0.392673   -1.2662 -0.505185 0.038549 0.048077 0.141315     -1.053   0.810621 -0.0530056 -0.000162338  0.000228513 -3.71708e-05 -0.0595148  0.0598439  0.0342912  0.372588 -0.295072  -9.79748 
               138.5 0.79536 3.45849 142.316 -59.9067  85.8858 -4.20826  0.392673   -1.2662 -0.505185 0.038549 0.048077 0.141315  -1.20155  0.824587 -0.133793 -0.000160478  0.000234848 -2.89423e-05 -0.059622 0.0597853 0.0342217  0.372523 -0.295164  -9.79748 
               138.6 0.633568   3.2306  142.202 -60.0307  85.9676 -4.21207  0.392673   -1.2662 -0.505185 0.038549 0.048077 0.141315   -1.17777   0.893082 -0.0358223 -0.000164341  0.000233004 -2.82523e-05 -0.059646 0.0596868 0.0340729  0.372541 -0.295254  -9.79748 
               138.7 0.81388 3.72649 142.394 -60.1527  86.0658 -4.21388  0.392673   -1.2662 -0.505185 0.038549 0.048077 0.141315   -1.13255   0.833047 -0.0335676 -0.000165889  0.000224933 -3.37924e-05  -0.05977  0.059826 0.0340105  0.372381 -0.295188  -9.79748 
               138.8 0.772156  3.81845  142.036 -60.2664  86.1487 -4.22054  0.392673   -1.2662 -0.505185 0.038549 0.048077 0.141315  -1.08774  0.835711 -0.132481 -0.000163115   0.00022764 -2.81548e-05 -0.0598452  0.0598078  0.0340052  0.372325 -0.295233  -9.79748 
               138.9 1.07639 3.42538 141.913 -60.3779  86.2353 -4.23124  0.392673   -1.2662 -0.505185 0.038549 0.048077 0.141315   -1.1314  0.888529 -0.154097 -0.000169861  0.000235158  -2.9302e-05 -0.0598331   0.059845  0.0339698   0.37232 -0.295197  -9.79749 
                 139 1.23027 3.52487 142.033  -60.495   86.337 -4.25065  0.392673   -1.2662 -0.505185 0.038549 0.048077 0.141315  -1.14331  0.974417 -0.154031 -0.000171042  0.000231266 -3.33761e-05 -0.0599134  0.0599956  0.0339702  0.372192 -0.295104  -9.79749 
               139.1 1.75675 3.88165 142.066 -60.6194  86.4353 -4.25585  0.392673   -1.2662 -0.505185 0.038549 0.048077 0.141315   -1.14193    0.77842 -0.0511786 -0.000180776  0.000221311 -3.12222e-05 -0.0600949  0.0601166   0.033819   0.37199 -0.295074   -9.7975 
               139.2 1.59179 3.66517 142.068  -60.735   86.509 -4.25558  0.392673   -1.2662 -0.505185 0.038549 0.048077 0.141315 -1.12657 0.781792  -0.1609 -0.000177984  0.000223542 -3.23369e-05 -0.0601448  0.0600149  0.0336728  0.371988 -0.295175   -9.7975 
               139.3 1.65312  2.7597 142.611 -60.8479   86.593 -4.26915  0.392673   -1.2662 -0.505185 0.038549 0.048077 0.141315  -1.11045  0.823293 -0.313464 -0.000173829  0.000232902 -3.89191e-05 -0.0601521  0.0601489  0.0334796  0.371927 -0.295062   -9.7975 
               139.4 1.32209 2.52706 142.811 -60.9792  86.6804 -4.28856  0.392673   -1.2662 -0.505185 0.038549 0.048077 0.141315   -1.2321  0.836961 -0.281187 -0.000171008   0.00022981 -2.73337e-05 -0.0603931  0.0602007  0.0332699  0.371703 -0.295109  -9.79751 
               139.5 1.02233 3.00267 142.769 -61.1082  86.7692 -4.30338  0.392673   -1.2662 -0.505185 0.038549 0.048077 0.141315  -1.15385  0.788827 -0.229392 -0.000167229  0.000216665 -2.26558e-05 -0.0605143  0.0602875  0.0330113  0.371567 -0.295078  -9.79752 
               139.6 0.855893  3.62124  142.853 -61.2275  86.8533 -4.30323  0.392673   -1.2662 -0.505185 0.038549 0.048077 0.141315  -1.08742  0.826198 -0.242312 -0.000174072  0.000212645 -2.44589e-05 -0.0606458   0.060359  0.0325869   0.37143 -0.295059  -9.79752 
               139.7 0.830845  3.53004  142.646 -61.3372  86.9354  -4.3067  0.392673   -1.2662 -0.505185 0.038549 0.048077 0.141315 -1.02576 0.692418 -0.24535 -0.000173964  0.000213774 -1.76662e-05 -0.0607527  0.0604338  0.0322717  0.371312 -0.295032  -9.79753 
               139.8 0.842575  3.50234  142.326 -61.4393  87.0063 -4.31878  0.392673   -1.2662 -0.505185 0.038549 0.048077 0.141315 -0.929927  0.584622 -0.120695 -0.000173905  0.000214278 -1.30831e-05 -0.0607808  0.0605582  0.0320503  0.371238 -0.294935  -9.79753 
               139.9 0.697125  3.88395  142.613 -61.5288  87.0724 -4.30977  0.392673   -1.2662 -0.505185 0.038549 0.048077 0.141315 -0.855289  0.579569 -0.116935 -0.000181721  0.000210527 -2.38453e-05 -0.0608085  0.0606465  0.0316459  0.371179 -0.294865  -9.79754 
                 140 0.702659  3.53797   142.48 -61.6301  87.1432 -4.31161  0.392673   -1.2662 -0.505185 0.038549 0.048077 0.141315 -0.987305   0.62091 -0.155185 -0.000182279  0.000212225 -1.60411e-05 -0.0610152  0.0608348  0.0313745 0.370929 -0.29479 -9.79755 
               140.1 0.338522  3.74109  142.188  -61.728  87.2117 -4.31284  0.392673   -1.2662 -0.505185 0.038549 0.048077 0.141315 -0.982734  0.645289 -0.112289 -0.000179254  0.000209563 -1.24703e-05 -0.0610126  0.0609072   0.031143  0.370901 -0.294724  -9.79755 
               140.2 0.444564  4.18042  142.439 -61.8308   87.289 -4.31345  0.392673   -1.2662 -0.505185 0.038549 0.048077 0.141315  -0.886052   0.593488 -0.0146207 -0.000187548  0.000202635 -1.91289e-05 -0.0611864   0.061247  0.0310338  0.370615 -0.294514  -9.79757 
               140.3 0.139206  3.52568  142.409 -61.9189  87.3567 -4.30349  0.392673   -1.2662 -0.505185 0.038549 0.048077 0.141315 -0.822086   0.67517  0.109271 -0.000188784  0.000215747 -1.67759e-05 -0.0612343   0.061258  0.0308392  0.370569 -0.294522  -9.79757 
               140.4 0.603411  3.01685   142.22 -62.0208  87.4423 -4.29028  0.392673   -1.2662 -0.505185 0.038549 0.048077 0.141315   -1.03927   0.762261 -0.0637522 -0.000194428  0.000214681 -1.32012e-05 -0.0614601  0.0615403  0.0307132  0.370265 -0.294381  -9.79759 
               140.5 0.471588  2.27328  141.568   -62.13  87.5342 -4.30017  0.392673   -1.2662 -0.505185 0.038549 0.048077 0.141315    -1.1073   0.908816 -0.0283136 -0.000187911  0.000217768 -5.60053e-06 -0.0614599  0.0616285  0.0306177  0.370228 -0.294307  -9.79759 
               140.6 1.00372 3.94515 141.694 -62.2423  87.6382 -4.29764  0.392673   -1.2662 -0.505185 0.038549 0.048077 0.141315    -1.089  0.831245 0.0505592 -0.000192504  0.000193043  -2.0129e-05 -0.0615923  0.0618542  0.0305727  0.370026 -0.294173   -9.7976 
               140.7 1.45781 4.74723 141.886 -62.3477   87.722 -4.29684  0.392673   -1.2662 -0.505185 0.038549 0.048077 0.141315 -0.99167 0.834146  0.08324 -0.000189793  0.000192507 -2.62995e-05 -0.0616467  0.0619666  0.0307989  0.369936 -0.294104  -9.79761 
               140.8 1.13011 3.83148 142.011 -62.4543  87.8052 -4.30083  0.392673   -1.2662 -0.505185 0.038549 0.048077 0.141315     -1.15532     0.875876 -0.000618905 -0.000181497  0.000213242 -2.54418e-05 -0.0616441  0.0618196  0.0309169  0.369997 -0.294227   -9.7976 
               140.9 1.26745 4.06248 141.971 -62.5694  87.8859 -4.30863  0.392673   -1.2662 -0.505185 0.038549 0.048077 0.141315     -1.1468    0.893008 -0.00973828 -0.000181955  0.000209693 -2.27439e-05 -0.0616188  0.0617192  0.0310995   0.37006 -0.294303   -9.7976 
                 141 1.01116 3.96515 142.049 -62.6861  87.9703 -4.31402  0.392673   -1.2662 -0.505185 0.038549 0.048077 0.141315   -1.13479   0.849791 -0.0107983 -0.000177931  0.000212502 -2.36313e-05 -0.061663 0.0616332 0.0312188  0.370058 -0.294394   -9.7976 
               141.1 0.973538  3.78235  142.027 -62.8061  88.0512 -4.32757  0.392673   -1.2662 -0.505185 0.038549 0.048077 0.141315   -1.18032   0.807585 -0.0788535 -0.000172123  0.000218257 -2.07572e-05 -0.0617105  0.0615706  0.0313883  0.370045 -0.294469  -9.79759 
               141.2 0.868921  3.76838  142.248 -62.9248  88.1255 -4.34199  0.392673   -1.2662 -0.505185 0.038549 0.048077 0.141315   -1.12654   0.718619 -0.0672812 -0.000175045  0.000217139 -2.54178e-05 -0.0617539    0.06151  0.0315228 0.370034 -0.29454 -9.79759 
               141.3 0.878176  3.69614  142.822 -63.0415  88.1993 -4.34915  0.392673   -1.2662 -0.505185 0.038549 0.048077 0.141315   -1.15676   0.752582 -0.0807195 -0.000174819  0.000218988 -3.17221e-05 -0.0617966    0.06154   0.031554  0.369987 -0.294533  -9.79759 
               141.4 0.884074  3.52357  143.405 -63.1632  88.2758 -4.35769  0.392673   -1.2662 -0.505185 0.038549 0.048077 0.141315   -1.21738   0.695647 -0.0686262 -0.000176314   0.00021611 -3.32358e-05 -0.0618879  0.0615996   0.031582  0.369887 -0.294521   -9.7976 
               141.5 0.872596  3.54333  144.037 -63.2859  88.3478 -4.36184  0.392673   -1.2662 -0.505185 0.038549 0.048077 0.141315  -1.21636  0.714002 0.0100441 -0.000172472   0.00021807 -3.67749e-05 -0.0618995  0.0616281  0.0315858  0.369866 -0.294502   -9.7976 
               141.6 0.861715  3.52959  144.999 -63.4093  88.4196  -4.3599  0.392673   -1.2662 -0.505185 0.038549 0.048077 0.141315   -1.19402   0.657187 -0.0401705 -0.000174403  0.000219879 -4.50857e-05 -0.0619428  0.0616689  0.0315735  0.369813 -0.294486   -9.7976 
               141.7 0.918009  3.55878  146.051 -63.5305  88.4798 -4.36688  0.392673   -1.2662 -0.505185 0.038549 0.048077 0.141315   -1.14339   0.531949 -0.0234125 -0.000173363  0.000221011 -4.90065e-05 -0.0619995  0.0616925  0.0316099  0.369757 -0.294492   -9.7976 
               141.8 1.03234 3.53838 147.774 -63.6453  88.5392 -4.36932  0.392673   -1.2662 -0.505185 0.038549 0.048077 0.141315   -1.13801   0.555538 -0.0256474 -0.000176934  0.000221807 -6.04818e-05 -0.062025 0.0618168 0.0315937  0.369681 -0.294402  -9.79761 
               141.9 1.09206 3.29846 149.332 -63.7692  88.5949 -4.37823  0.392673   -1.2662 -0.505185 0.038549 0.048077 0.141315   -1.18349    0.54454 -0.0686997 -0.000175529   0.00022261 -5.90613e-05 -0.0621463   0.061806  0.0316382  0.369588 -0.294467  -9.79761 
                 142 1.16631 3.40738 150.628 -63.8948  88.6435 -4.38391  0.392673   -1.2662 -0.505185 0.038549 0.048077 0.141315    -1.16858    0.490719 -0.00664301 -0.000175009  0.000221025 -5.50699e-05 -0.0622725  0.0617562  0.0316492  0.369512 -0.294568  -9.79761 
               142.1 1.24286 3.28222 152.405 -64.0187  88.6872 -4.38538  0.392673   -1.2662 -0.505185 0.038549 0.048077 0.141315   -1.27422   0.407286 -0.0388448 -0.000176369  0.000226152 -6.43352e-05 -0.0623299  0.0617161  0.0316189  0.369488 -0.294627  -9.79761 
               142.2 1.28636 3.28454  154.43 -64.1498  88.7264 -4.38908  0.392673   -1.2662 -0.505185 0.038549 0.048077 0.141315 -1.24124 0.426687 0.035165 -0.000173258  0.000225591 -7.12205e-05 -0.0624221  0.0616805  0.0316652  0.369437 -0.294704  -9.79761 
               142.3 1.41251 3.40828 156.309  -64.283  88.7645 -4.38633  0.392673   -1.2662 -0.505185 0.038549 0.048077 0.141315  -1.25317  0.395505 0.0759532 -0.000174705  0.000230484 -7.00448e-05 -0.0625416  0.0616549  0.0316725 0.369363 -0.29479 -9.79761 
               142.4 1.48758 3.31834 158.009 -64.4091  88.8011 -4.38133  0.392673   -1.2662 -0.505185 0.038549 0.048077 0.141315  -1.28516  0.420809 0.0659675 -0.000178033   0.00023601 -6.67286e-05 -0.062533 0.0616012 0.0317092  0.369402 -0.294822  -9.79761 
               142.5 1.54949 3.10147 159.295 -64.5418  88.8364 -4.38432  0.392673   -1.2662 -0.505185 0.038549 0.048077 0.141315   -1.2982  0.401939 0.0483576 -0.000174697  0.000236917 -5.59343e-05 -0.0625878  0.0614752  0.0318643  0.369446 -0.294943   -9.7976 
               142.6 1.54677 3.09235 160.159 -64.6767  88.8676 -4.38621  0.392673   -1.2662 -0.505185 0.038549 0.048077 0.141315 -1.34395 0.393265  0.04094 -0.000175489  0.000238493 -4.47306e-05 -0.0626667  0.0613403  0.0319873  0.369484 -0.295084   -9.7976 
               142.7 1.55196 3.10575 161.005 -64.8126  88.9016 -4.39244  0.392673   -1.2662 -0.505185 0.038549 0.048077 0.141315 -1.32637 0.347905 0.025364 -0.000174125  0.000236447 -4.17121e-05 -0.0627138  0.0612796   0.032149  0.369497 -0.295155  -9.79759 
               142.8 1.58181 3.23917 161.995 -64.9508  88.9392 -4.39464  0.392673   -1.2662 -0.505185 0.038549 0.048077 0.141315   -1.3312  0.374676 0.0708273 -0.000174091  0.000237127 -4.37454e-05 -0.0628678  0.0613227  0.0322715  0.369371 -0.295239   -9.7976 
               142.9 1.62027  3.2095 162.383 -65.0864  88.9651 -4.39326  0.392673   -1.2662 -0.505185 0.038549 0.048077 0.141315 -1.37012  0.33666 0.088583 -0.000175213   0.00024025 -3.31517e-05 -0.0629262  0.0611406  0.0324116  0.369469 -0.295389  -9.79759 
                 143 1.62946 3.11482 163.251 -65.2208  88.9951 -4.39786  0.392673   -1.2662 -0.505185 0.038549 0.048077 0.141315  -1.41225  0.276862 0.0167552 -0.000172988   0.00024252 -4.20407e-05 -0.0628312  0.0610871  0.0325814 0.369566 -0.29535 -9.79758 
               143.1   1.566  3.2943 164.298 -65.3649  89.0207 -4.40303  0.392673   -1.2662 -0.505185 0.038549 0.048077 0.141315  -1.43488  0.377756 0.0274008 -0.000173478  0.000239458 -4.59915e-05 -0.0629169  0.0610059   0.032742  0.369579 -0.295461  -9.79758 
               143.2 1.55782 3.38286 165.113 -65.5125  89.0508 -4.41264  0.392673   -1.2662 -0.505185 0.038549 0.048077 0.141315   -1.48009   0.319225 -0.0179669  -0.00017493  0.000242038 -4.47217e-05 -0.0629714  0.0608825  0.0329306 0.369644 -0.29557 -9.79758 
               143.3 1.46353  3.7198 165.467 -65.6578  89.0724 -4.42541  0.392673   -1.2662 -0.505185 0.038549 0.048077 0.141315   -1.39588   0.225571 -0.0383248 -0.000174109   0.00024343  -3.7449e-05 -0.0630323  0.0607544   0.033087   0.36971 -0.295686  -9.79757 
               143.4 1.45364 3.85755 166.266 -65.7952  89.0954  -4.4424  0.392673   -1.2662 -0.505185 0.038549 0.048077 0.141315   -1.32367   0.210411 -0.0918113 -0.000176164  0.000245054  -4.1525e-05 -0.0630781  0.0607576  0.0332727 0.369684 -0.29572 -9.79757 
               143.5 1.61503 3.61021 166.799 -65.9284   89.114 -4.45269  0.392673   -1.2662 -0.505185 0.038549 0.048077 0.141315   -1.36645   0.307633 -0.0835042 -0.000180088  0.000249029  -3.7112e-05 -0.0630703  0.0606458  0.0333064  0.369776 -0.295772  -9.79756 
               143.6  1.6904 3.46002 167.002 -66.0682  89.1407 -4.46184  0.392673   -1.2662 -0.505185 0.038549 0.048077 0.141315   -1.32023   0.223509 -0.0633182  -0.00018228  0.000247236 -2.99641e-05 -0.0631813  0.0606588  0.0333198  0.369709 -0.295853  -9.79756 
               143.7 1.74839 3.45829 166.997 -66.2063  89.1687 -4.46439  0.392673   -1.2662 -0.505185 0.038549 0.048077 0.141315  -1.41737  0.263488 -0.105963 -0.000180634  0.000245734 -2.54398e-05 -0.063178 0.0607753 0.0332279  0.369617 -0.295792  -9.79757 
               143.8 1.84839 3.30598 167.273 -66.3526  89.1952 -4.47556  0.392673   -1.2662 -0.505185 0.038549 0.048077 0.141315  -1.39844  0.197342 -0.150506 -0.000179456  0.000244624 -2.79979e-05 -0.0632522  0.0608855   0.033199  0.369491 -0.295797  -9.79757 
               143.9 1.90218 3.48757 167.393 -66.4939  89.2191 -4.48692  0.392673   -1.2662 -0.505185 0.038549 0.048077 0.141315  -1.32373  0.200984 -0.106822 -0.000179342  0.000243448 -2.63839e-05 -0.0633039  0.0610529  0.0331558   0.36933 -0.295756  -9.79758 
                 144 1.91048 3.38261 167.745 -66.6361  89.2431 -4.49208  0.392673   -1.2662 -0.505185 0.038549 0.048077 0.141315  -1.36866  0.194395 -0.140347  -0.00017851  0.000246635 -3.00834e-05 -0.0634253  0.0612496  0.0330219   0.36911 -0.295758  -9.79759 
               144.1 1.85471 3.23178 167.902 -66.7889  89.2748  -4.4997  0.392673   -1.2662 -0.505185 0.038549 0.048077 0.141315  -1.36301  0.261954 -0.101458 -0.000175445  0.000245689 -2.59217e-05 -0.0636247  0.0615609  0.0328552  0.368759 -0.295769   -9.7976 
               144.2 1.90692 3.77961 167.813 -66.9242  89.3088 -4.49621  0.392673   -1.2662 -0.505185 0.038549 0.048077 0.141315     -1.2419    0.278813 -0.00143269 -0.000179813  0.000239213 -2.06168e-05 -0.0636904  0.0618347  0.0327196 0.368504 -0.29569 -9.79761 
               144.3  1.9127 3.41199 167.845 -67.0495  89.3401 -4.49404  0.392673   -1.2662 -0.505185 0.038549 0.048077 0.141315     -1.3114    0.232763 -0.00654553 -0.000176034  0.000247719 -2.21632e-05 -0.0635912  0.0619183  0.0326221 0.368483 -0.29557 -9.79762 
               144.4 1.97139  3.3033 168.237 -67.1827  89.3682  -4.4906  0.392673   -1.2662 -0.505185 0.038549 0.048077 0.141315    -1.38646    0.261605 -0.00214131 -0.000175007     0.000244 -2.86836e-05 -0.0635392  0.0620209  0.0325674  0.368424 -0.295478  -9.79762 
               144.5 2.01583  3.2585 168.994 -67.3276  89.3909 -4.49131  0.392673   -1.2662 -0.505185 0.038549 0.048077 0.141315  -1.44408  0.218412 0.0120731   -0.0001739  0.000244655 -3.72918e-05 -0.0636548  0.0620236  0.0325764  0.368366 -0.295571  -9.79762 
               144.6 1.99901 3.37368 169.624 -67.4782  89.4077 -4.49472  0.392673   -1.2662 -0.505185 0.038549 0.048077 0.141315   -1.44136   0.180909 -0.0204494  -0.00017053  0.000241926 -3.61521e-05 -0.0638296  0.0619891  0.0326433 0.368312 -0.29573 -9.79762 
               144.7 2.06548 3.36898 170.458 -67.6177   89.417 -4.49805  0.392673   -1.2662 -0.505185 0.038549 0.048077 0.141315  -1.33189  0.129232 0.0201127 -0.000172978  0.000242778 -4.08363e-05 -0.0638828  0.0618729  0.0327099  0.368382 -0.295828  -9.79762 
               144.8 2.09415  3.2745 171.563 -67.7502  89.4225 -4.50436  0.392673   -1.2662 -0.505185 0.038549 0.048077 0.141315   -1.44549   0.115443 -0.0582488 -0.000171492  0.000245797 -4.59963e-05 -0.0638423  0.0616448  0.0327995  0.368589 -0.295901  -9.79761 
               144.9 2.14111 3.27232 172.294 -67.8956  89.4254 -4.51179  0.392673   -1.2662 -0.505185 0.038549 0.048077 0.141315   -1.44289   0.118014 -0.0335016 -0.000169469  0.000242325 -4.07016e-05 -0.0639353  0.0614467  0.0328673  0.368711 -0.296069   -9.7976 
                 145 2.13993 3.44046 172.877 -68.0391  89.4327 -4.51722  0.392673   -1.2662 -0.505185 0.038549 0.048077 0.141315   -1.47677   0.122133 -0.0612295 -0.000168383  0.000243993 -3.81011e-05 -0.0639505  0.0613306  0.0329174  0.368801 -0.296133  -9.79759 
               145.1 2.25623 3.38204 173.415  -68.183  89.4426 -4.52476  0.392673   -1.2662 -0.505185 0.038549 0.048077 0.141315   -1.42006  0.0896824 -0.0392259 -0.000169987  0.000244079 -3.82836e-05 -0.0639188  0.0613033  0.0329711  0.368838 -0.296119  -9.79759 
               145.2 2.20205 3.42394 173.816 -68.3198  89.4466 -4.53182  0.392673   -1.2662 -0.505185 0.038549 0.048077 0.141315  -1.37341 -0.039824 -0.113655 -0.000168359  0.000245495 -3.67455e-05 -0.0638539  0.0612467  0.0329584  0.368914 -0.296088  -9.79759 
               145.3 2.26463 3.46587 174.784 -68.4502  89.4403 -4.54263  0.392673   -1.2662 -0.505185 0.038549 0.048077 0.141315    -1.2805 -0.0809678 -0.0591613 -0.000169627  0.000244966 -4.61989e-05 -0.0637716  0.0612712  0.0330023  0.368929 -0.296009  -9.79759 
               145.4 2.35165 3.28949 176.538 -68.5826  89.4323 -4.54451  0.392673   -1.2662 -0.505185 0.038549 0.048077 0.141315   -1.35694 -0.0539345  -0.060621 -0.000175242    0.0002462 -6.38612e-05 -0.0638154  0.0612878  0.0329462 0.368895 -0.29604 -9.79759 
               145.5   2.427 3.09553 177.643 -68.7309  89.4218 -4.55265  0.392673   -1.2662 -0.505185 0.038549 0.048077 0.141315   -1.38936  -0.128416 -0.0866439 -0.000173689  0.000242167 -5.39969e-05 -0.0640445  0.0612885  0.0329078  0.368801 -0.296235  -9.79759 
               145.6 2.46997 3.42301 178.405 -68.8689  89.4142 -4.55466  0.392673   -1.2662 -0.505185 0.038549 0.048077 0.141315   -1.39798  -0.117098 -0.0712031 -0.000174031  0.000238146 -4.59151e-05 -0.0639929  0.0613482  0.0327968  0.368768 -0.296168  -9.79759 
               145.7 2.53633  3.3115 179.257 -69.0091  89.4002 -4.56078  0.392673   -1.2662 -0.505185 0.038549 0.048077 0.141315  -1.37679 -0.133527 -0.067082 -0.000177489  0.000240179 -4.44949e-05 -0.0640221  0.0613603  0.0328013  0.368746 -0.296189  -9.79759 
               145.8  2.52273  3.29207 -179.812  -69.152  89.3838 -4.56402  0.392673   -1.2662 -0.505185 0.038549 0.048077 0.141315   -1.37451  -0.192656 -0.0452365 -0.000174852  0.000241632 -4.67995e-05 -0.0641118  0.0613966  0.0327248   0.36868 -0.296253  -9.79759 
               145.9  2.63237  3.45378 -178.802 -69.2854  89.3702  -4.5583  0.392673   -1.2662 -0.505185 0.038549 0.048077 0.141315  -1.31553 -0.159004  0.037946 -0.000178723  0.000242263 -4.87627e-05 -0.0640556  0.0615199  0.0326612 0.368591 -0.29616  -9.7976 
                 146    2.778  3.09265 -177.544  -69.423  89.3533 -4.56131  0.392673   -1.2662 -0.505185 0.038549 0.048077 0.141315   -1.33958  -0.189645 -0.0301104 -0.000177458  0.000249012 -5.53649e-05 -0.0640875  0.0615935  0.0326755  0.368515 -0.296162   -9.7976 
               146.1  2.76211  3.03113 -176.732 -69.5624  89.3352 -4.56298  0.392673   -1.2662 -0.505185 0.038549 0.048077 0.141315   -1.42899   -0.15334 -0.0492461 -0.000177241  0.000246202 -4.68909e-05 -0.0641602  0.0616387   0.032667   0.36845 -0.296212   -9.7976 
               146.2 2.76541 3.01691 -176.26 -69.7118  89.3217 -4.56955  0.392673   -1.2662 -0.505185 0.038549 0.048077 0.141315   -1.43641  -0.133903 -0.0203233 -0.000174515  0.000242374 -3.87952e-05 -0.0642302  0.0617617  0.0327209  0.368319 -0.296234  -9.79761 
               146.3  2.80565  3.00754 -175.922 -69.8629  89.3105 -4.57436  0.392673   -1.2662 -0.505185 0.038549 0.048077 0.141315   -1.52322  -0.151712 -0.0584458 -0.000176169  0.000242558 -3.53563e-05 -0.0642713  0.0618973  0.0327488  0.368185 -0.296229  -9.79761 
               146.4  2.79184  3.15143 -175.744 -70.0151  89.2988 -4.57975  0.392673   -1.2662 -0.505185 0.038549 0.048077 0.141315  -1.48088 -0.121537 0.0183009 -0.000174404  0.000239377 -3.06089e-05 -0.0642869    0.06195  0.0327845  0.368134 -0.296227  -9.79761 
               146.5  2.78993  3.09068 -175.724 -70.1655  89.2905 -4.58085  0.392673   -1.2662 -0.505185 0.038549 0.048077 0.141315  -1.49697 -0.111705 0.0207687 -0.000174784  0.000243119 -2.73974e-05 -0.0642832  0.0620399  0.0328242  0.368054 -0.296197  -9.79762 
               146.6  2.78759  3.21406 -175.671  -70.312  89.2786 -4.58232  0.392673   -1.2662 -0.505185 0.038549 0.048077 0.141315   -1.50056 -0.0874343  0.0351407 -0.000173629  0.000241982 -2.91629e-05 -0.0642413  0.0619719  0.0328762  0.368129 -0.296178  -9.79761 
               146.7   2.7659  3.18202 -175.548 -70.4656  89.2673 -4.58024  0.392673   -1.2662 -0.505185 0.038549 0.048077 0.141315   -1.56649 -0.0786089  0.0901421 -0.000175685   0.00024541  -2.9866e-05 -0.0643591  0.0619339  0.0329768  0.368131 -0.296295  -9.79761 
               146.8  2.74057  3.18684 -175.705  -70.615  89.2552 -4.57816  0.392673   -1.2662 -0.505185 0.038549 0.048077 0.141315  -1.50592 -0.158607 0.0646477 -0.000171876  0.000247674 -2.74541e-05 -0.0642678  0.0618344  0.0330762 0.368249 -0.29624 -9.79761 
               146.9  2.81238  3.17198 -175.332 -70.7569  89.2352 -4.58284  0.392673   -1.2662 -0.505185 0.038549 0.048077 0.141315  -1.46592 -0.213996 0.0245954 -0.000173101  0.000250096 -3.70134e-05 -0.0641846  0.0617172   0.033233  0.368381 -0.296198   -9.7976 
                 147  2.82928  3.18037 -174.801  -70.894  89.2034 -4.59015  0.392673   -1.2662 -0.505185 0.038549 0.048077 0.141315  -1.35085 -0.307133  0.039359 -0.000174172  0.000250382 -4.18977e-05 -0.0641705   0.061472  0.0334103  0.368609 -0.296253  -9.79759 
               147.1  2.85526  3.16649 -173.837 -71.0187  89.1654 -4.59207  0.392673   -1.2662 -0.505185 0.038549 0.048077 0.141315   -1.31319      -0.36 -0.0238782 -0.000175274  0.000253336 -5.20446e-05 -0.0640644  0.0612491  0.0334817  0.368842 -0.296219  -9.79759 
               147.2  2.92948   3.0854 -172.151 -71.1409   89.126 -4.60174  0.392673   -1.2662 -0.505185 0.038549 0.048077 0.141315    -1.2105  -0.442359 -0.0129389 -0.000178332   0.00025437 -6.79857e-05 -0.0640059  0.0612178  0.0336529   0.36889 -0.296174  -9.79759 
               147.3  3.01611  3.00225 -170.011 -71.2655  89.0746 -4.60906  0.392673   -1.2662 -0.505185 0.038549 0.048077 0.141315   -1.22024   -0.49396 -0.0149927 -0.000177582  0.000256205 -7.99274e-05 -0.0641465  0.0611952  0.0337434  0.368873 -0.296308  -9.79758 
               147.4  2.9951 2.88008 -168.01 -71.3927  89.0215 -4.61268  0.392673   -1.2662 -0.505185 0.038549 0.048077 0.141315   -1.24262   -0.50232 -0.0862732 -0.000177906  0.000255934 -7.85619e-05 -0.0643288  0.0611836  0.0337573  0.368835 -0.296477  -9.79758 
               147.5  3.09129  2.71151 -166.552 -71.5242  88.9692 -4.62651  0.392673   -1.2662 -0.505185 0.038549 0.048077 0.141315  -1.26091 -0.547754 -0.165209 -0.000177684  0.000255325 -6.80004e-05 -0.0644497  0.0612861  0.0337886  0.368711 -0.296561  -9.79758 
               147.6  3.07624  2.78535 -165.537 -71.6493  88.9174 -4.64231  0.392673   -1.2662 -0.505185 0.038549 0.048077 0.141315  -1.25344 -0.590271  -0.14703 -0.000179982  0.000252199 -5.62797e-05 -0.0644006  0.0614037   0.033789  0.368615 -0.296488  -9.79759 
               147.7  3.15285  2.75742 -164.356 -71.7724  88.8624 -4.64803  0.392673   -1.2662 -0.505185 0.038549 0.048077 0.141315  -1.19667 -0.589352    -0.112 -0.000183298  0.000255349 -5.57305e-05 -0.0643208  0.0614994  0.0336548  0.368542 -0.296394  -9.79759 
               147.8  3.23621  2.61254 -162.838 -71.8947  88.8083 -4.65054  0.392673   -1.2662 -0.505185 0.038549 0.048077 0.141315  -1.20203 -0.628089 -0.120602 -0.000187957  0.000256213 -6.03398e-05 -0.0642146  0.0616576  0.0334819  0.368415 -0.296265   -9.7976 
               147.9 3.29938 2.61831  -161.5 -72.0171  88.7491 -4.65489  0.392673   -1.2662 -0.505185 0.038549 0.048077 0.141315  -1.13078 -0.657951 -0.164595 -0.000190554  0.000252572 -5.82492e-05 -0.0642108  0.0618343  0.0332969  0.368248 -0.296229  -9.79761 
                 148   3.3372  2.57581 -160.207 -72.1324  88.6861 -4.66212  0.392673   -1.2662 -0.505185 0.038549 0.048077 0.141315  -1.05581 -0.708126 -0.174649 -0.000194702  0.000253036 -5.71132e-05 -0.0641794  0.0620173  0.0331224   0.36808 -0.296168  -9.79762 
               148.1  3.22185  2.58097 -158.546  -72.233  88.6221 -4.66513  0.392673   -1.2662 -0.505185 0.038549 0.048077 0.141315  -0.970983  -0.667099 -0.0970402 -0.000192146  0.000248374 -6.21196e-05 -0.0640774  0.0621175  0.0329269  0.368001 -0.296057  -9.79762 
               148.2   3.3499  2.28818 -156.556 -72.3475  88.5601 -4.66129  0.392673   -1.2662 -0.505185 0.038549 0.048077 0.141315  -1.07228 -0.708667  -0.11988 -0.000199821  0.000248489 -6.85215e-05 -0.064144 0.0624834 0.0326477  0.367642 -0.296066  -9.79764 
               148.3  3.31983  2.19722 -155.136 -72.4629  88.4898 -4.65731  0.392673   -1.2662 -0.505185 0.038549 0.048077 0.141315   -1.06381  -0.703925 -0.0275743 -0.000197768  0.000241638  -5.9928e-05 -0.0642682  0.0626251  0.0324386  0.367488 -0.296164  -9.79764 
               148.4 3.33483 2.16387  -153.7 -72.5706  88.4259 -4.65114  0.392673   -1.2662 -0.505185 0.038549 0.048077 0.141315   -1.08869  -0.614888 -0.0225706 -0.000201405  0.000238949 -6.04432e-05 -0.0641923     0.0627  0.0322737  0.367425 -0.296085  -9.79764 
               148.5  3.27508   2.0663 -152.752 -72.6977  88.3604 -4.64434  0.392673   -1.2662 -0.505185 0.038549 0.048077 0.141315   -1.17386  -0.605614 -0.0160496 -0.000199281  0.000237689 -4.84608e-05 -0.0646104  0.0629328  0.0321318  0.367154 -0.296454  -9.79764 
               148.6   3.3149  1.73355 -152.836 -72.8201  88.2957 -4.65061  0.392673   -1.2662 -0.505185 0.038549 0.048077 0.141315   -1.20599  -0.686801 -0.0959013 -0.000199786  0.000239304 -3.03964e-05 -0.0646032   0.062966  0.0320688  0.367122 -0.296444  -9.79764 
               148.7  3.33746  2.20532 -152.661  -72.934  88.2301 -4.64648  0.392673   -1.2662 -0.505185 0.038549 0.048077 0.141315  -1.11927 -0.628442 0.0204709 -0.000199124  0.000231307 -2.95731e-05 -0.0646181  0.0629793   0.031972  0.367108 -0.296458  -9.79764 
               148.8   3.3906  1.77308 -152.343 -73.0502  88.1642 -4.64652  0.392673   -1.2662 -0.505185 0.038549 0.048077 0.141315   -1.22754  -0.717394 -0.0788136  -0.00020059  0.000238604 -3.28523e-05 -0.0646449  0.0629936  0.0319313  0.367091 -0.296482  -9.79764 
               148.9 3.42358 1.45872  -152.3  -73.186  88.0878 -4.65939  0.392673   -1.2662 -0.505185 0.038549 0.048077 0.141315  -1.35107 -0.789354 -0.141625 -0.000197577  0.000234658 -2.78995e-05 -0.0647263  0.0631304  0.0319125  0.366955 -0.296549  -9.79765 
                 149  3.41204  1.94345 -152.092 -73.3226   88.015 -4.66004  0.392673   -1.2662 -0.505185 0.038549 0.048077 0.141315   -1.33818  -0.757224 -0.0708076 -0.000198744  0.000224922 -2.87903e-05 -0.0647031  0.0632865  0.0317709  0.366807 -0.296517  -9.79765 
               149.1  3.43089  2.09199 -151.845 -73.4596  87.9383 -4.66404  0.392673   -1.2662 -0.505185 0.038549 0.048077 0.141315   -1.30174  -0.731026 -0.0546974 -0.000197478  0.000224409 -2.85976e-05 -0.0648008  0.0633479  0.0317108  0.366741 -0.296606  -9.79765 
               149.2  3.44584  2.04262 -151.449 -73.5829  87.8674 -4.66419  0.392673   -1.2662 -0.505185 0.038549 0.048077 0.141315   -1.23308  -0.724904 0.00793107 -0.000197145  0.000229991 -3.24683e-05 -0.064701 0.0632259 0.0316197  0.366863 -0.296519  -9.79765 
               149.3  3.44917  2.37411 -151.034 -73.7023   87.797 -4.65856  0.392673   -1.2662 -0.505185 0.038549 0.048077 0.141315  -1.17216 -0.734352 0.0105266 -0.000193477  0.000227615 -3.31015e-05 -0.0646918  0.0632024  0.0315562  0.366885 -0.296513  -9.79765 
               149.4  3.58753  2.08857 -150.229 -73.8113   87.725 -4.65501  0.392673   -1.2662 -0.505185 0.038549 0.048077 0.141315  -1.17469 -0.743353 0.0468603 -0.000198445   0.00022783 -4.37337e-05 -0.0644402  0.0630675  0.0315104  0.367029 -0.296282  -9.79765 
               149.5  3.60517  2.23454 -149.219 -73.9236  87.6451 -4.64863  0.392673   -1.2662 -0.505185 0.038549 0.048077 0.141315  -1.15974 -0.765868 0.0643293 -0.000198632  0.000224882 -4.87751e-05 -0.0644829  0.0628631  0.0315035  0.367221 -0.296336  -9.79764 
               149.6  3.60627  2.29587 -148.354   -74.03  87.5611 -4.64295  0.392673   -1.2662 -0.505185 0.038549 0.048077 0.141315  -1.12844 -0.837532 0.0845187 -0.000195086  0.000225278 -4.81975e-05 -0.0644628  0.0625753  0.0315631  0.367496 -0.296333  -9.79763 
               149.7  3.60267  2.26754 -147.124 -74.1296  87.4747  -4.6406  0.392673   -1.2662 -0.505185 0.038549 0.048077 0.141315  -1.10495 -0.904702 0.0714893 -0.000192695  0.000229254 -5.77085e-05 -0.064298 0.0622938 0.0316782 0.367774 -0.29619 -9.79763 
               149.8   3.6064  2.20041 -145.627 -74.2297  87.3803  -4.6407  0.392673   -1.2662 -0.505185 0.038549 0.048077 0.141315  -1.04568 -0.897874  0.134026 -0.000192458  0.000225989 -6.26914e-05 -0.0642699  0.0620552  0.0318508  0.368005 -0.296174  -9.79762 
               149.9  3.55729  2.23448 -144.052 -74.3248  87.2867 -4.63548  0.392673   -1.2662 -0.505185 0.038549 0.048077 0.141315  -1.01643 -0.954903 0.0990582 -0.000191286  0.000228562 -6.73642e-05 -0.0642052  0.0617954   0.031989  0.368258 -0.296122  -9.79761 
                 150 3.59632 2.00548  -142.6 -74.4132  87.1892 -4.63463  0.392673   -1.2662 -0.505185 0.038549 0.048077 0.141315 -0.988356   -0.9908 0.0474066 -0.000193617  0.000232443  -6.9311e-05 -0.0640107   0.061548  0.0321571  0.368503 -0.295943  -9.79761 
               150.1 3.52906  1.9579 -140.84 -74.4978  87.0871 -4.64162  0.392673   -1.2662 -0.505185 0.038549 0.048077 0.141315 -0.915901  -1.01005 0.0200739 -0.000193193  0.000233627 -7.53727e-05 -0.0639291  0.0612951   0.032359 0.368749 -0.29587  -9.7976 
               150.2  3.51242  1.96451 -139.231 -74.5927  86.9859 -4.64945  0.392673   -1.2662 -0.505185 0.038549 0.048077 0.141315  -0.971662  -0.951039 0.00746179 -0.000196954  0.000233219 -7.18712e-05 -0.0640189  0.0612414  0.0324975  0.368801 -0.295955   -9.7976 
               150.3  3.54362  1.95601 -138.777 -74.6897  86.8887 -4.65139  0.392673   -1.2662 -0.505185 0.038549 0.048077 0.141315  -0.994012  -0.965466 -0.0164938 -0.000201581  0.000232438 -4.87407e-05 -0.0640886  0.0612024   0.032554  0.368839 -0.296021  -9.79759 
               150.4 3.59238 1.81034 -138.77 -74.7841  86.7995 -4.66302  0.392673   -1.2662 -0.505185 0.038549 0.048077 0.141315  -0.996843  -0.981309 -0.0492419 -0.000203838   0.00023384 -4.07657e-05 -0.0637395  0.0612332  0.0326816   0.36881 -0.295688   -9.7976 
               150.5  3.57197  2.04337 -138.471 -74.8826  86.7087 -4.66928  0.392673   -1.2662 -0.505185 0.038549 0.048077 0.141315 -0.953965 -0.936708 -0.050819 -0.000203793  0.000229248 -4.26561e-05 -0.0635615  0.0613109  0.0327042  0.368734 -0.295519  -9.79761 
               150.6  3.55169  2.12485 -138.238  -74.983  86.6194 -4.66902  0.392673   -1.2662 -0.505185 0.038549 0.048077 0.141315 -0.989925 -0.931857 -0.020964 -0.000202249  0.000229532  -4.0028e-05 -0.063532 0.0614611 0.0326578  0.368589 -0.295495  -9.79762 
               150.7  3.57434  2.01267 -138.118 -75.0775  86.5298 -4.67152  0.392673   -1.2662 -0.505185 0.038549 0.048077 0.141315   -1.00267  -0.938379 -0.0111703  -0.00020386   0.00022985 -4.09286e-05 -0.0633917   0.061437  0.0327153 0.368609 -0.29536 -9.79762 
               150.8  3.61272  1.83845 -137.772 -75.1769   86.436 -4.67851  0.392673   -1.2662 -0.505185 0.038549 0.048077 0.141315   -1.00264  -0.913772 -0.0622481 -0.000203343  0.000233324 -4.52615e-05 -0.0632619  0.0613966  0.0326924  0.368643 -0.295235  -9.79762 
               150.9  3.51109  2.45725 -137.694 -75.2726  86.3458 -4.67253  0.392673   -1.2662 -0.505185 0.038549 0.048077 0.141315 -0.951892 -0.841991 0.0223809 -0.000203571  0.000227297 -3.76958e-05 -0.0634107  0.0613328  0.0326233  0.368708 -0.295376  -9.79762 
                 151  3.54118  1.84585 -137.713 -75.3661  86.2546 -4.67579  0.392673   -1.2662 -0.505185 0.038549 0.048077 0.141315  -0.983892  -0.985536 -0.0972197 -0.000204507  0.000235928 -3.89521e-05 -0.0633338  0.0612724  0.0326151  0.368763 -0.295301  -9.79762 
               151.1  3.49144  1.84812 -137.317 -75.464 86.1517 -4.6846  0.392673   -1.2662 -0.505185 0.038549 0.048077 0.141315  -0.986004  -0.992463 -0.0944657   -0.0002015  0.000232878 -4.39359e-05 -0.0633884  0.0612009  0.0325978 0.368833 -0.29535 -9.79761 
               151.2  3.43374  2.02781 -137.223 -75.5613  86.0492 -4.69226  0.392673   -1.2662 -0.505185 0.038549 0.048077 0.141315  -1.00499  -1.00838 -0.106817 -0.000202445  0.000230049  -3.5741e-05 -0.063492 0.0611127  0.032524   0.36892 -0.295447  -9.79761 
               151.3  3.48062  1.95602 -137.346 -75.6684  85.9454 -4.69718  0.392673   -1.2662 -0.505185 0.038549 0.048077 0.141315  -1.05479  -1.07931 -0.167806 -0.000205729  0.000229614 -3.04448e-05 -0.063541 0.0612369 0.0323976  0.368802 -0.295501  -9.79761 
               151.4  3.49182  2.01149 -137.446 -75.7717  85.8403 -4.70756  0.392673   -1.2662 -0.505185 0.038549 0.048077 0.141315 -0.974418  -1.04271 -0.156908 -0.000205585  0.000224107 -2.97304e-05 -0.0634955   0.061288  0.0322675  0.368751 -0.295462  -9.79761 
               151.5  3.46998   2.2838 -137.408 -75.8779  85.7396 -4.71413  0.392673   -1.2662 -0.505185 0.038549 0.048077 0.141315 -0.973872  -1.02626 -0.128351 -0.000205968  0.000223362 -2.91161e-05 -0.0635555  0.0615413  0.0321066   0.36851 -0.295533  -9.79762 
               151.6  3.48889  2.07295 -137.624 -75.9794  85.6362 -4.71904  0.392673   -1.2662 -0.505185 0.038549 0.048077 0.141315 -0.95173 -1.12605 -0.18185 -0.000208911  0.000225914 -2.56408e-05 -0.0635029  0.0616782  0.0318725  0.368375 -0.295492  -9.79763 
               151.7  3.52924  2.20838 -137.589 -76.0833  85.5271 -4.72035  0.392673   -1.2662 -0.505185 0.038549 0.048077 0.141315 -0.993615  -1.10499 -0.149533 -0.000210972  0.000222457 -2.58409e-05 -0.0634981  0.0619354  0.0315972  0.368127 -0.295504  -9.79763 
               151.8  3.51641  2.27608 -137.281 -76.1922  85.4229 -4.72356  0.392673   -1.2662 -0.505185 0.038549 0.048077 0.141315 -0.946179  -1.04099 -0.121428 -0.000215274  0.000221245   -3.139e-05 -0.0635152  0.0622452  0.0313873  0.367831 -0.295537  -9.79764 
               151.9 3.49443 2.20998 -137.23 -76.2997  85.3183 -4.71914  0.392673   -1.2662 -0.505185 0.038549 0.048077 0.141315  -1.01893  -1.08996 -0.123618 -0.000216084  0.000223551 -2.58393e-05 -0.0635859   0.062518  0.0310885  0.367571 -0.295621  -9.79765 
                 152  3.51193  2.14003 -137.076 -76.4062  85.2183 -4.71815  0.392673   -1.2662 -0.505185 0.038549 0.048077 0.141315  -0.990845   -1.03413 -0.0706184 -0.000219286   0.00021945 -2.65944e-05 -0.063429 0.0627696 0.0309041  0.367323 -0.295485  -9.79767 
               152.1  3.47841  2.21435 -136.777 -76.5136  85.1181 -4.71605  0.392673   -1.2662 -0.505185 0.038549 0.048077 0.141315   -1.01211   -1.02661 -0.0892942 -0.000219135  0.000218647  -2.9105e-05 -0.0634366  0.0630024  0.0307194    0.3671 -0.295506  -9.79767 
               152.2  3.45843  2.13689 -136.694 -76.6205  85.0161 -4.71906  0.392673   -1.2662 -0.505185 0.038549 0.048077 0.141315 -0.953741  -1.01958 -0.147409 -0.000219801  0.000216726  -2.5009e-05 -0.0634915  0.0632122  0.0305577 0.366901 -0.29557 -9.79768 
               152.3  3.46129  2.12721 -136.645 -76.7199  84.9128 -4.72245  0.392673   -1.2662 -0.505185 0.038549 0.048077 0.141315 -0.972086  -1.02267 -0.143302 -0.000222096  0.000214312  -2.1206e-05 -0.0635816  0.0633118  0.0303838  0.366808 -0.295663  -9.79768 
               152.4  3.46971  2.10802 -136.452  -76.825  84.8118 -4.72858  0.392673   -1.2662 -0.505185 0.038549 0.048077 0.141315 -0.948351  -1.00534 -0.107536 -0.000223217  0.000211705  -2.0044e-05 -0.0636666  0.0635636  0.0302509   0.36657 -0.295757  -9.79769 
               152.5 3.43057 1.99989 -136.57 -76.9262  84.7059 -4.72818  0.392673   -1.2662 -0.505185 0.038549 0.048077 0.141315  -1.00141  -1.07965 -0.137371 -0.000225545  0.000213703 -1.45997e-05 -0.0638115  0.0636073  0.0300184  0.366532 -0.295902  -9.79768 
               152.6  3.47165  2.01252 -136.643  -77.036  84.5993 -4.72988  0.392673   -1.2662 -0.505185 0.038549 0.048077 0.141315  -1.03057  -1.04719 -0.060519 -0.000224952  0.000211039 -1.18034e-05 -0.063894 0.0638575 0.0298389  0.366296 -0.295995  -9.79769 
               152.7   3.4126  1.98454 -136.708 -77.1467  84.4952 -4.72621  0.392673   -1.2662 -0.505185 0.038549 0.048077 0.141315  -1.03719  -1.00466 -0.061603 -0.000227571  0.000210931 -1.27701e-05 -0.0640005  0.0640382  0.0296668  0.366127 -0.296108  -9.79769 
               152.8  3.34702  2.10442 -136.862 -77.2521  84.3987 -4.71672  0.392673   -1.2662 -0.505185 0.038549 0.048077 0.141315  -1.00466 -0.934341 0.0427771 -0.000225973  0.000208506 -1.10904e-05 -0.0640364  0.0641225   0.029487  0.366046 -0.296149  -9.79769 
               152.9 3.32151 1.99245 -136.96 -77.3584  84.3065 -4.70162  0.392673   -1.2662 -0.505185 0.038549 0.048077 0.141315  -1.08723  -1.00273 0.0110239  -0.00022853   0.00021065 -1.36085e-05 -0.0639805   0.064228  0.0293143  0.365942 -0.296104   -9.7977 
                 153  3.32572  1.70595 -137.035 -77.4622  84.2074 -4.70317  0.392673   -1.2662 -0.505185 0.038549 0.048077 0.141315 -0.990124  -0.97293 0.0428402 -0.000226185  0.000209918 -1.55419e-05 -0.0638432  0.0641889  0.0293105  0.365973 -0.295972   -9.7977 
               153.1  3.20169  2.32913 -136.995 -77.5519  84.1105 -4.69106  0.392673   -1.2662 -0.505185 0.038549 0.048077 0.141315 -0.905894 -0.991287 0.0948593 -0.000229498  0.000206615 -1.67836e-05 -0.0638916  0.0640338  0.0292918  0.366122 -0.296012  -9.79769 
               153.2   3.2531  1.82366 -136.396 -77.6336  84.0145 -4.68821  0.392673   -1.2662 -0.505185 0.038549 0.048077 0.141315 -0.863551  -1.05933 0.0553372 -0.000226979  0.000213049 -3.05799e-05 -0.0635233  0.0639307   0.029346  0.366205 -0.295656   -9.7977 
               153.3   3.1585  1.91058 -135.187 -77.7199  83.9117 -4.68944  0.392673   -1.2662 -0.505185 0.038549 0.048077 0.141315 -0.879449  -1.05744 0.0368403 -0.000224985  0.000210802 -4.09269e-05 -0.0634039  0.0639734  0.0294733   0.36616 -0.295542  -9.79771 
               153.4  3.13033  1.84528 -134.047 -77.8116  83.8035 -4.69042  0.392673   -1.2662 -0.505185 0.038549 0.048077 0.141315 -0.904504  -1.09189 0.0397005 -0.000226794  0.000211025 -4.09662e-05 -0.063482  0.064032 0.0295613  0.366109 -0.295617  -9.79771 
               153.5  3.10446  1.77737 -133.304 -77.9005  83.6868 -4.69467  0.392673   -1.2662 -0.505185 0.038549 0.048077 0.141315   -0.84155   -1.11717 -0.0360395 -0.000224885  0.000209545 -3.25309e-05 -0.0636004  0.0639841  0.0296175   0.36616 -0.295726   -9.7977 
               153.6  3.10984   1.9558 -132.337 -77.9726  83.5734 -4.70278  0.392673   -1.2662 -0.505185 0.038549 0.048077 0.141315 -0.697833  -1.02343 0.0464045 -0.000230657   0.00020963 -3.56383e-05 -0.0636961  0.0638011   0.029712  0.366339 -0.295806  -9.79769 
               153.7  3.13323  1.97485 -130.977 -78.0381  83.4724 -4.69845  0.392673   -1.2662 -0.505185 0.038549 0.048077 0.141315   -0.650951    -1.05225 -0.00367523 -0.000232102  0.000213893 -4.20784e-05 -0.0636194  0.0637679   0.029698  0.366366 -0.295732  -9.79769 
               153.8  3.23989  1.42652 -129.682 -78.1132  83.3648 -4.70378  0.392673   -1.2662 -0.505185 0.038549 0.048077 0.141315  -0.797782   -1.09921 -0.0545699 -0.000230239  0.000216734 -3.98563e-05 -0.063641 0.0638878 0.0297156  0.366254 -0.295759   -9.7977 
               153.9  3.23087  1.38537 -129.091 -78.2049  83.2481 -4.70973  0.392673   -1.2662 -0.505185 0.038549 0.048077 0.141315 -0.837903  -1.17492 -0.020568  -0.00022853  0.000210841 -2.61965e-05 -0.0637792  0.0641055  0.0297346  0.366057 -0.295905   -9.7977 
                 154  3.26896  1.70357 -128.806 -78.2946  83.1296 -4.70769  0.392673   -1.2662 -0.505185 0.038549 0.048077 0.141315 -0.816468  -1.16376  -0.04326 -0.000227353  0.000209862 -1.90629e-05 -0.0639002  0.0642297  0.0296741 0.365949 -0.29603  -9.7977 
               154.1 3.33186 1.51681 -128.65  -78.376  83.0155 -4.71279  0.392673   -1.2662 -0.505185 0.038549 0.048077 0.141315  -0.777161   -1.10505 -0.0625814 -0.000230043  0.000212234 -1.77128e-05 -0.0639044  0.0643114  0.0296493  0.365871 -0.296041   -9.7977 
               154.2  3.27597  1.80793 -128.483 -78.4555  82.9108 -4.71654  0.392673   -1.2662 -0.505185 0.038549 0.048077 0.141315   -0.680067   -0.947204 -0.00743764 -0.000229893  0.000211004 -1.65393e-05 -0.0640268  0.0644631  0.0296283  0.365738 -0.296171   -9.7977 
               154.3  3.31726  1.47615 -128.653 -78.5293  82.8075 -4.71713  0.392673   -1.2662 -0.505185 0.038549 0.048077 0.141315 -0.673772  -1.08627 -0.108642 -0.000234902   0.00021888 -1.12394e-05 -0.0641625  0.0645967  0.0295113  0.365623 -0.296314   -9.7977 
               154.4  3.30793    1.305 -128.587 -78.5997  82.6985 -4.72303  0.392673   -1.2662 -0.505185 0.038549 0.048077 0.141315 -0.668378  -1.15217 -0.164809 -0.000235244  0.000215176 -1.45402e-05 -0.0640961  0.0647351  0.0293942  0.365485 -0.296267  -9.79771 
               154.5  3.2962 1.40726 -128.05 -78.6764  82.5832 -4.73152  0.392673   -1.2662 -0.505185 0.038549 0.048077 0.141315  -0.66051  -1.19155 -0.129014 -0.000233552  0.000209067 -1.85328e-05 -0.0641527   0.065078  0.0293012  0.365166 -0.296356  -9.79772 
               154.6  3.29019  1.36056 -127.259 -78.7514  82.4688   -4.734  0.392673   -1.2662 -0.505185 0.038549 0.048077 0.141315 -0.621822  -1.12774 -0.101699 -0.000237597  0.000209729 -2.59306e-05 -0.064114 0.0653594 0.0291088  0.364895 -0.296352  -9.79773 
               154.7  3.25482  1.48799 -126.337 -78.8214  82.3573 -4.72913  0.392673   -1.2662 -0.505185 0.038549 0.048077 0.141315   -0.550964    -1.08735 0.000543652 -0.000239067  0.000208373  -2.8261e-05 -0.0642198  0.0656499  0.0288885   0.36463 -0.296487  -9.79774 
               154.8  3.26911  1.43783 -125.155 -78.8789  82.2481 -4.71586  0.392673   -1.2662 -0.505185 0.038549 0.048077 0.141315  -0.579872   -1.15741 0.00346374 -0.000239793  0.000208641 -3.75573e-05 -0.0642315  0.0656767  0.0286817  0.364604 -0.296505  -9.79774 
               154.9   3.3231  0.87274 -123.873 -78.9483  82.1286 -4.70906  0.392673   -1.2662 -0.505185 0.038549 0.048077 0.141315 -0.643479  -1.24874 -0.032625 -0.000238107  0.000210574 -3.76754e-05 -0.0642345  0.0658508  0.0285301  0.364439 -0.296529  -9.79774 
                 155  3.25977  1.02723 -122.978 -79.0164  82.0006 -4.70505  0.392673   -1.2662 -0.505185 0.038549 0.048077 0.141315 -0.573354   -1.2494  0.037922 -0.000236139   0.00020804 -3.18065e-05 -0.0643332  0.0659779   0.028444   0.36433 -0.296638  -9.79774 
               155.1   3.1432  1.19364 -121.845 -79.0718  81.8779 -4.69379  0.392673   -1.2662 -0.505185 0.038549 0.048077 0.141315 -0.557732  -1.26105 0.0342882 -0.000239973  0.000208248 -3.72812e-05 -0.0643577  0.0659478    0.02836 0.364361 -0.29666 -9.79774 
               155.2  3.15469 0.742374 -120.354 -79.131 81.7523 -4.6919  0.392673   -1.2662 -0.505185 0.038549 0.048077 0.141315 -0.562426    -1.271 0.0139972 -0.000240164  0.000210707 -4.42936e-05 -0.0642444  0.0660519  0.0283333  0.364248 -0.296566  -9.79775 
               155.3  3.09986  1.00853 -119.209 -79.1842  81.6297 -4.68685  0.392673   -1.2662 -0.505185 0.038549 0.048077 0.141315 -0.498013   -1.2094 0.0361851 -0.000241444   0.00020947 -3.86721e-05 -0.0642253  0.0661142  0.0283252  0.364187 -0.296557  -9.79775 
               155.4  3.10756 0.890255 -117.743 -79.2273  81.5103 -4.68668  0.392673   -1.2662 -0.505185 0.038549 0.048077 0.141315 -0.447106  -1.29461 0.0255058 -0.000241556  0.000212245  -4.5161e-05 -0.0640567  0.0660958  0.0283824  0.364181 -0.296395  -9.79776 
               155.5  3.07688 0.782346  -116.24 -79.2688  81.3806 -4.68824  0.392673   -1.2662 -0.505185 0.038549 0.048077 0.141315  -0.397583   -1.29748 -0.0118689 -0.000240042  0.000214467 -4.41153e-05 -0.0640117  0.0660319  0.0284009  0.364235 -0.296343  -9.79775 
               155.6  3.07254 0.821762 -114.804 -79.3119  81.2484 -4.68993  0.392673   -1.2662 -0.505185 0.038549 0.048077 0.141315  -0.399593   -1.36963 -0.0518417 -0.000241964   0.00021414 -4.06546e-05 -0.0640396  0.0660628  0.0283976   0.36421 -0.296374  -9.79775 
               155.7  3.08004 0.907661 -113.664 -79.3437  81.1155 -4.69283  0.392673   -1.2662 -0.505185 0.038549 0.048077 0.141315  -0.296987   -1.28391 -0.0412103 -0.000244412  0.000212567 -3.62375e-05 -0.064013 0.0660138 0.0283685  0.364252 -0.296342  -9.79775 
               155.8  3.06884 0.976578 -112.006 -79.3693  80.9908 -4.69319  0.392673   -1.2662 -0.505185 0.038549 0.048077 0.141315 -0.188663  -1.18731  0.052477 -0.000248198  0.000215593  -4.3302e-05 -0.063993 0.0660533 0.0283205  0.364211 -0.296332  -9.79776 
               155.9  3.00627 0.838659 -110.356  -79.387  80.8766 -4.68102  0.392673   -1.2662 -0.505185 0.038549 0.048077 0.141315 -0.179267  -1.32762 0.0184573 -0.000248707  0.000214212 -4.50507e-05 -0.0637753  0.0660681  0.0281961  0.364157 -0.296134  -9.79776 
                 156  2.99103 0.220597  -108.64 -79.4143  80.7425  -4.6814  0.392673   -1.2662 -0.505185 0.038549 0.048077 0.141315 -0.255746  -1.44448 -0.018353 -0.000242776  0.000219541 -4.42633e-05 -0.0636483  0.0662415  0.0281701  0.363971 -0.296049  -9.79777 
               156.1  2.85997 0.679381 -107.414 -79.4428  80.6004 -4.67981  0.392673   -1.2662 -0.505185 0.038549 0.048077 0.141315 -0.234758  -1.41401   0.01219 -0.000246001  0.000207579  -3.4331e-05 -0.0636717   0.066332  0.0281267 0.363893 -0.29609 -9.79777 
               156.2  2.83867 0.803987 -106.237  -79.464  80.4668 -4.67663  0.392673   -1.2662 -0.505185 0.038549 0.048077 0.141315   -0.202809    -1.37959 -0.00359041 -0.000248922  0.000209938 -3.61174e-05 -0.0634681  0.0664422   0.028079  0.363747 -0.295926  -9.79779 
               156.3  2.79944 0.643848 -104.729 -79.4873  80.3312 -4.67665  0.392673   -1.2662 -0.505185 0.038549 0.048077 0.141315  -0.187544   -1.39608 -0.0467389 -0.000252529  0.000213424 -4.06919e-05 -0.0633548  0.0665796   0.028033  0.363595 -0.295852  -9.79779 
               156.4  2.78278 0.597463 -103.636 -79.5076  80.1954 -4.67865  0.392673   -1.2662 -0.505185 0.038549 0.048077 0.141315  -0.204007   -1.35395 -0.0338555 -0.000252643  0.000211351 -3.09734e-05 -0.0632758  0.0666858  0.0280107  0.363479 -0.295804   -9.7978 
               156.5 2.67193 0.61688 -102.68 -79.5339  80.0638 -4.67459  0.392673   -1.2662 -0.505185 0.038549 0.048077 0.141315 -0.241711  -1.35958 0.0274375 -0.000256028  0.000209351 -2.63081e-05 -0.0631772  0.0668165  0.0279411  0.363336 -0.295746  -9.79781 
               156.6  2.73191 0.339216 -102.169 -79.5571  79.9283 -4.66837  0.392673   -1.2662 -0.505185 0.038549 0.048077 0.141315 -0.273151  -1.42294 0.0386888 -0.000259113   0.00021095 -2.02138e-05 -0.0630468  0.0668034  0.0278595  0.363317 -0.295626  -9.79781 
               156.7  2.65399  0.13011 -101.842 -79.5823  79.7813 -4.66187  0.392673   -1.2662 -0.505185 0.038549 0.048077 0.141315  -0.273087   -1.56601 -0.0328124 -0.000259815  0.000211682 -1.47797e-05 -0.062979 0.0666912 0.0277668  0.363403 -0.295538  -9.79781 
               156.8  2.66115 0.138502  -101.69 -79.6002  79.6329 -4.65894  0.392673   -1.2662 -0.505185 0.038549 0.048077 0.141315 -0.175329  -1.49425 0.0130749 -0.000259731   0.00020847 -1.23836e-05 -0.0627915  0.0665782  0.0277046  0.363459 -0.295339  -9.79781 
               156.9  2.55222 0.544505 -100.889 -79.6175  79.4952 -4.65433  0.392673   -1.2662 -0.505185 0.038549 0.048077 0.141315 -0.185919   -1.3106 0.0809974 -0.000258781    0.0002059 -2.33465e-05 -0.0626641  0.0665804  0.0277063  0.363424 -0.295223  -9.79782 
                 157  2.54977 0.496775 -99.9948 -79.6321  79.3706 -4.64556  0.392673   -1.2662 -0.505185 0.038549 0.048077 0.141315 -0.155283  -1.31864  0.033075 -0.000259934  0.000208793 -2.75344e-05 -0.062504  0.066543  0.027699  0.363416 -0.295068  -9.79782 
               157.1     2.63602 0.000863115    -99.3111 -79.6432  79.2404 -4.64674  0.392673   -1.2662 -0.505185 0.038549 0.048077 0.141315  -0.141697    -1.3659 -0.0204854 -0.000259115   0.00021587 -2.50234e-05 -0.0623063  0.0664808  0.0277049  0.363419 -0.294871  -9.79783 
               157.2   2.6105  0.22544 -98.4551 -79.6564  79.1109 -4.64722  0.392673   -1.2662 -0.505185 0.038549 0.048077 0.141315 -0.0896513   -1.22354  0.0811185 -0.000258302  0.000209805 -2.45671e-05 -0.0622375  0.0665123  0.0277123  0.363372 -0.294817  -9.79783 
               157.3  2.55246 0.363204 -97.6674 -79.6527  78.9923 -4.63712  0.392673   -1.2662 -0.505185 0.038549 0.048077 0.141315 0.0179265  -1.25962 0.0542434 -0.000258747  0.000210609 -2.70043e-05 -0.0621602  0.0662489  0.0276668  0.363591 -0.294675  -9.79783 
               157.4   2.59525 -0.214465  -96.2217 -79.6434  78.8678 -4.63648  0.392673   -1.2662 -0.505185 0.038549 0.048077 0.141315  0.0661297   -1.38966 -0.0776435  -0.00025628  0.000217405 -3.59458e-05 -0.0619001   0.066083   0.027629  0.363669 -0.294394  -9.79783 
               157.5  2.46501 0.137981 -94.7299 -79.6385  78.7317 -4.63752  0.392673   -1.2662 -0.505185 0.038549 0.048077 0.141315 0.0115685  -1.32891 0.0283685 -0.000253006  0.000203141 -3.36282e-05 -0.0619731  0.0660523  0.0276333  0.363718 -0.294451  -9.79783 
               157.6  2.53773 0.164502 -93.6399 -79.6353  78.5965 -4.63315  0.392673   -1.2662 -0.505185 0.038549 0.048077 0.141315 0.0503287  -1.35878 0.0799564 -0.000260108  0.000205699 -2.78404e-05 -0.0618979  0.0660889  0.0276048  0.363663 -0.294394  -9.79783 
               157.7  2.54828 0.182478 -92.6211 -79.6341  78.4654 -4.62237  0.392673   -1.2662 -0.505185 0.038549 0.048077 0.141315 -0.0449432   -1.33621  0.0977204 -0.000260891  0.000205935 -2.63954e-05 -0.0617956  0.0660721  0.0275557  0.363649 -0.294298  -9.79784 
               157.8    2.55504 -0.0859916   -92.1611 -79.6408  78.3207 -4.61417  0.392673   -1.2662 -0.505185 0.038549 0.048077 0.141315 -0.0521724   -1.46634  0.0790684 -0.000261431  0.000210173 -1.44537e-05 -0.0619498  0.0660829  0.0275337  0.363685 -0.294441  -9.79783 
               157.9   2.56419 -0.120162  -92.4843 -79.6454  78.1686 -4.61093  0.392673   -1.2662 -0.505185 0.038549 0.048077 0.141315 -0.0293653   -1.55831  0.0221816 -0.00025886 0.000208024 1.34031e-06 -0.0619972  0.0660898  0.0275834  0.363694 -0.294485  -9.79783 
                 158  2.58023 0.168847 -92.5762 -79.6432  78.0314 -4.61078  0.392673   -1.2662 -0.505185 0.038549 0.048077 0.141315 -0.00643657    -1.32853   0.0756603 -0.000256683   0.00020531 -6.75518e-07 -0.0617251  0.0659189   0.027654  0.363763 -0.294186  -9.79784 
               158.1  2.62302 0.260049 -92.5205 -79.6447  77.9043 -4.60962  0.392673   -1.2662 -0.505185 0.038549 0.048077 0.141315   0.0110372    -1.37494 -0.00398898 -0.000259923  0.000208913 -2.22462e-06 -0.0615289  0.0658863  0.0277049   0.36373 -0.293999  -9.79784 
               158.2   2.59181 -0.423543   -92.681 -79.6504  77.7652 -4.61412  0.392673   -1.2662 -0.505185 0.038549 0.048077 0.141315 -0.0136854   -1.58553 -0.0778198 -0.000252985  0.000214183  2.92244e-06 -0.0612443  0.0660531  0.0276864  0.363491 -0.293797  -9.79786 
               158.3   2.58447 -0.278456  -92.5895 -79.6512  77.6064 -4.61107  0.392673   -1.2662 -0.505185 0.038549 0.048077 0.141315 -0.0300352   -1.54473  0.0608068 -0.00025182 0.000207207 2.37193e-06 -0.0612684  0.0660524  0.0276237 0.363499 -0.29382 -9.79786 
               158.4   2.55164 0.0276551  -92.3967 -79.6577  77.4505 -4.60114  0.392673   -1.2662 -0.505185 0.038549 0.048077 0.141315 -0.0558966   -1.53445  0.0759727 -0.000254656  0.000208106 -9.98513e-07 -0.061296 0.0660998 0.0275466  0.363466 -0.293862  -9.79786 
               158.5   2.58404 -0.101851  -92.4377 -79.6625  77.3024  -4.5932  0.392673   -1.2662 -0.505185 0.038549 0.048077 0.141315 -0.00235281     -1.4686    0.056291 -0.000256761  0.000210801  2.50788e-07 -0.061159 0.0661328 0.0274787  0.363393 -0.293751  -9.79786 
               158.6  2.50512 0.152449 -92.2897 -79.6615  77.1599 -4.58322  0.392673   -1.2662 -0.505185 0.038549 0.048077 0.141315 -0.054535   -1.5132 0.0870562 -0.000253479  0.000208276 -1.61824e-06 -0.0610785  0.0659656  0.0274976  0.363517 -0.293625  -9.79786 
               158.7   2.58119 -0.313737   -92.309 -79.6651  77.0095  -4.5794  0.392673   -1.2662 -0.505185 0.038549 0.048077 0.141315  -0.01198  -1.59061 0.0912202 -0.000255724  0.000212719   3.0693e-08 -0.0608474  0.0659252  0.0275371  0.363479 -0.293405  -9.79787 
               158.8   2.50476 0.0553579  -92.3275 -79.6711  76.8542 -4.56908  0.392673   -1.2662 -0.505185 0.038549 0.048077 0.141315 -0.0625171     -1.574   0.202557 -0.000251471  0.000210769 -1.05574e-06 -0.0607166  0.0659525   0.027577  0.363412 -0.293296  -9.79788 
               158.9  2.51374  0.25782 -92.2674 -79.6706  76.7079 -4.55471  0.392673   -1.2662 -0.505185 0.038549 0.048077 0.141315 -0.0587021   -1.53739   0.179504 -0.000252007  0.000210965 -4.53292e-06 -0.0604915  0.0657311  0.0276566  0.363538 -0.293023  -9.79788 
                 159   2.47175 0.0413066  -91.9488 -79.6748  76.5616  -4.5462  0.392673   -1.2662 -0.505185 0.038549 0.048077 0.141315 -0.0406615   -1.59837   0.111687 -0.000249468  0.000218212 -1.09255e-05 -0.0601595  0.0656334  0.0278011  0.363519 -0.292692  -9.79789 
               159.1   2.44467 0.0411946  -91.6195 -79.6657  76.4092 -4.54849  0.392673   -1.2662 -0.505185 0.038549 0.048077 0.141315 0.0189722  -1.50392   0.10579 -0.000246065  0.000216372 -1.21542e-05 -0.0600501  0.0653303  0.0280547  0.363754 -0.292492  -9.79789 
               159.2  2.36891 0.303682  -90.803 -79.6547  76.2748 -4.55075  0.392673   -1.2662 -0.505185 0.038549 0.048077 0.141315 0.0825014  -1.41372  0.083927 -0.000245299   0.00021663 -2.26798e-05 -0.0596593  0.0651632  0.0282805  0.363778 -0.292085   -9.7979 
               159.3  2.38518 0.275437 -89.4051 -79.6414  76.1444 -4.54868  0.392673   -1.2662 -0.505185 0.038549 0.048077 0.141315 0.0761459  -1.46033 0.0690521 -0.000245035  0.000218272 -3.45705e-05 -0.0592945   0.064996  0.0284247  0.363809 -0.291702  -9.79791 
               159.4  2.42177 0.157394 -88.2753 -79.6333  75.9992 -4.55033  0.392673   -1.2662 -0.505185 0.038549 0.048077 0.141315 0.0280617  -1.49353 0.0640275 -0.000243098  0.000218202 -3.11628e-05 -0.0591774  0.0649229  0.0285598  0.363836 -0.291571  -9.79791 
               159.5  2.39025 0.397255 -87.8687 -79.6216  75.8538 -4.55102  0.392673   -1.2662 -0.505185 0.038549 0.048077 0.141315 0.0795644  -1.46848 0.0927754  -0.00024236  0.000218091 -1.94343e-05 -0.0590645  0.0647682  0.0286864  0.363937 -0.291417  -9.79791 
               159.6  2.43573 0.394644 -87.1934 -79.6056  75.7193  -4.5474  0.392673   -1.2662 -0.505185 0.038549 0.048077 0.141315  0.0837097   -1.46605 -0.0154366 -0.000243434  0.000221602 -2.31868e-05 -0.0587789  0.0644982   0.028787  0.364082 -0.291072  -9.79792 
               159.7   2.80315 -0.135238  -86.5352 -79.5829  75.5862 -4.54602  0.392673   -1.2662 -0.505185 0.038549 0.048077 0.141315   0.224367   -1.37213 -0.0157653 -0.000245168  0.000225005 -2.17003e-05 -0.0585488  0.0643094  0.0288189  0.364173 -0.290805  -9.79792 
               159.8    2.6828 -0.431587  -85.7728 -79.5528  75.4625  -4.5475  0.392673   -1.2662 -0.505185 0.038549 0.048077 0.141315  0.342081  -1.23106 0.0168301 -0.000244675  0.000222317 -2.53982e-05 -0.0582996  0.0640972  0.0288273  0.364277 -0.290513  -9.79793 
               159.9   2.88437 -0.674724  -84.2663 -79.5089  75.3533 -4.54126  0.392673   -1.2662 -0.505185 0.038549 0.048077 0.141315  0.460639  -1.21949 0.0110893 -0.000247476  0.000222086 -3.91922e-05 -0.0579141   0.063904  0.0287483  0.364316 -0.290108  -9.79794 
                 160   2.65526 -0.912917  -82.1444 -79.4658  75.2257  -4.5358  0.392673   -1.2662 -0.505185 0.038549 0.048077 0.141315    0.42568   -1.33845 0.00911382 -0.000243926  0.000218357 -5.29484e-05 -0.0579198   0.063842  0.0286783  0.364373 -0.290093  -9.79794 
               160.1   2.64864 -0.790693  -80.5812 -79.4202  75.0815 -4.53767  0.392673   -1.2662 -0.505185 0.038549 0.048077 0.141315   0.494683   -1.36737 -0.0545068 -0.000246061   0.00021336 -4.46146e-05 -0.0581896  0.0638535  0.0286837  0.364459 -0.290334  -9.79793 
               160.2   2.54011 -0.432598  -79.2096 -79.3676  74.9522 -4.53709  0.392673   -1.2662 -0.505185 0.038549 0.048077 0.141315 0.546656 -1.20322   0.0216 -0.000247417  0.000209757 -4.26308e-05 -0.0581382  0.0638816  0.0286471 0.364416  -0.2903 -9.79793 
               160.3    2.26109 -0.0503264   -77.2494 -79.3161   74.852 -4.52133  0.392673   -1.2662 -0.505185 0.038549 0.048077 0.141315  0.597404   -1.0378 0.0728323 -0.000247417  0.000209674 -5.45716e-05 -0.0578467  0.0638774  0.0285127  0.364312 -0.290047  -9.79794 
               160.4   2.41387 -0.954049  -74.6654 -79.2607  74.7431 -4.51423  0.392673   -1.2662 -0.505185 0.038549 0.048077 0.141315    0.568225    -1.20988 -0.00871276  -0.00025439  0.000219556 -6.28995e-05 -0.0577629  0.0640345  0.0284288  0.364143 -0.290035  -9.79795 
               160.5  2.26665 -1.26592 -73.0286 -79.2069  74.6065 -4.51465  0.392673   -1.2662 -0.505185 0.038549 0.048077 0.141315  0.541752  -1.32541 -0.014452 -0.000255301  0.000216423 -4.56546e-05 -0.0580064  0.0642595  0.0283694  0.364042 -0.290333  -9.79794 
               160.6   2.20998 -0.818387  -71.7558 -79.1518  74.4791 -4.50775  0.392673   -1.2662 -0.505185 0.038549 0.048077 0.141315  0.618006  -1.23708 0.0754671 -0.000259718  0.000210246 -3.97562e-05 -0.057968 0.0643779 0.0283084  0.363926 -0.290348  -9.79795 
               160.7   2.21158 -0.801115  -69.8751 -79.0918  74.3698 -4.49586  0.392673   -1.2662 -0.505185 0.038549 0.048077 0.141315  0.703243  -1.14309 0.0718865 -0.000260087  0.000214685 -5.17129e-05 -0.0575666  0.0644344  0.0282197  0.363714 -0.290029  -9.79796 
               160.8   2.08109 -0.838873  -67.5524 -79.0226   74.267 -4.48906  0.392673   -1.2662 -0.505185 0.038549 0.048077 0.141315  0.730253  -1.11106 0.0726422 -0.000259423  0.000216502 -6.22407e-05 -0.0571929   0.064326  0.0282239  0.363652 -0.289666  -9.79798 
               160.9   1.86466 -0.564535  -65.3522 -78.9387  74.1687 -4.48471  0.392673   -1.2662 -0.505185 0.038549 0.048077 0.141315  0.769627  -1.07171 0.0648101 -0.000259807  0.000211347 -6.27998e-05 -0.0570215  0.0640018  0.0282804  0.363855 -0.289383  -9.79798 
                 161   1.98326 -0.459817  -62.6416 -78.8605  74.0673 -4.48067  0.392673   -1.2662 -0.505185 0.038549 0.048077 0.141315  0.822157  -1.09821 0.0518655 -0.000266047  0.000212609 -6.79987e-05 -0.0568141  0.0639952  0.0283278  0.363771 -0.289206  -9.79799 
               161.1  1.87932 -0.27836 -60.5948 -78.7754  73.9547 -4.47481  0.392673   -1.2662 -0.505185 0.038549 0.048077 0.141315  0.786832  -1.13642 0.0756497  -0.00026593  0.000210491 -5.82095e-05 -0.0569168  0.0638499   0.028356  0.363939 -0.289227  -9.79798 
               161.2   1.87968 -0.385796  -59.4408 -78.6912  73.8515 -4.47407  0.392673   -1.2662 -0.505185 0.038549 0.048077 0.141315  0.832686  -1.09086 0.0104332 -0.000269342  0.000215523 -4.38168e-05 -0.0567007  0.0636822  0.0284404   0.36398 -0.288971  -9.79798 
               161.3   1.89551 -0.478479  -58.1903 -78.6109  73.7504 -4.47259  0.392673   -1.2662 -0.505185 0.038549 0.048077 0.141315   0.883349  -0.978144 -0.0237224 -0.000267321  0.000214888 -4.16397e-05 -0.0565566  0.0637291  0.0284487  0.363874 -0.288874  -9.79799 
               161.4  1.82051  -0.8181 -56.9183 -78.5255   73.669 -4.47513  0.392673   -1.2662 -0.505185 0.038549 0.048077 0.141315  0.879969 -0.841252    -0.023 -0.000265439  0.000217714 -3.99856e-05 -0.0561892  0.0637121  0.0284376  0.363712 -0.288566  -9.79801 
               161.5   1.71018 -0.945685  -54.9282 -78.4469  73.5913 -4.46978  0.392673   -1.2662 -0.505185 0.038549 0.048077 0.141315   0.854236  -0.865519 -0.0443744 -0.000267357  0.000219386 -5.02323e-05 -0.0559918   0.063802  0.0283509  0.363543 -0.288451  -9.79802 
               161.6  1.71056 -1.48029 -53.3978 -78.3529  73.4869 -4.47032  0.392673   -1.2662 -0.505185 0.038549 0.048077 0.141315    0.94373   -1.00633 -0.0446176 -0.000266464  0.000216513 -4.05028e-05 -0.0564387  0.0638489  0.0282575  0.363727 -0.288837    -9.798 
               161.7   1.6897 -1.51131 -52.6589  -78.262  73.3781 -4.46577  0.392673   -1.2662 -0.505185 0.038549 0.048077 0.141315   0.964848   -1.09052 -0.0360436 -0.000268833   0.00021349 -2.83585e-05 -0.0564446  0.0640398  0.0280865  0.363579 -0.288941    -9.798 
               161.8  1.63248 -1.19188 -51.9407 -78.1727  73.2677 -4.45689  0.392673   -1.2662 -0.505185 0.038549 0.048077 0.141315    0.956565     -1.1314 -0.00480478  -0.00026922  0.000208349 -2.54823e-05 -0.0563155  0.0641843  0.0279093  0.363399 -0.288916  -9.79801 
               161.9   1.71984 -0.967723  -51.3466 -78.0801   73.153  -4.4514  0.392673   -1.2662 -0.505185 0.038549 0.048077 0.141315     1.0124    -1.2427 -0.0308829 -0.000272228  0.000206583 -2.21883e-05 -0.0562355   0.064276  0.0277873  0.363286 -0.288903  -9.79801 
                 162   1.68798 -0.762229  -50.9957 -77.9822  73.0299 -4.44582  0.392673   -1.2662 -0.505185 0.038549 0.048077 0.141315 0.940871 -1.15266 0.121232 -0.000272444  0.000205766 -1.56328e-05   -0.0562 0.0642702 0.0277247  0.363272 -0.288873  -9.79801 
               162.1   1.71889 -0.337191  -51.0217 -77.8902  72.9304 -4.43024  0.392673   -1.2662 -0.505185 0.038549 0.048077 0.141315  0.998989  -1.14009 0.0662748 -0.000277247  0.000206659 -1.25776e-05 -0.0557497  0.0640883  0.0275889  0.363179 -0.288428  -9.79803 
               162.2   1.67823 -0.581498  -50.5713 -77.789 72.8176 -4.4235  0.392673   -1.2662 -0.505185 0.038549 0.048077 0.141315   1.05284  -1.23762 0.0144476 -0.000277548  0.000210964 -1.72509e-05 -0.0555461  0.0639895  0.0275788  0.363148 -0.288217  -9.79804 
               162.3   1.58686 -0.492475   -50.585 -77.6859  72.7048 -4.42173  0.392673   -1.2662 -0.505185 0.038549 0.048077 0.141315   1.03078  -1.14956 0.0140197 -0.000277457  0.000208172 -9.97497e-06 -0.055312 0.0638963 0.0275819  0.363097 -0.287985  -9.79805 
               162.4   1.50153 -0.204653   -50.438 -77.5899  72.6037 -4.42478  0.392673   -1.2662 -0.505185 0.038549 0.048077 0.141315   0.943128   -1.00976 0.00813902 -0.000278115  0.000208574 -1.17684e-05 -0.0550245  0.0638451  0.0276103  0.362983 -0.287732  -9.79806 
               162.5   1.52979 -0.315837  -50.2275 -77.4979   72.504 -4.42024  0.392673   -1.2662 -0.505185 0.038549 0.048077 0.141315   0.964619   -1.06923 -0.0392968 -0.000279496  0.000211763 -9.84426e-06 -0.054928  0.063852 0.0275299  0.362926 -0.287663  -9.79806 
               162.6   1.64496 -0.752781  -50.1231 -77.4005  72.3939 -4.42175  0.392673   -1.2662 -0.505185 0.038549 0.048077 0.141315   0.945075   -1.05797 -0.0368042  -0.00028082  0.000211712 -6.48146e-06 -0.0550323  0.0638848  0.0274935  0.362957 -0.287763  -9.79806 
               162.7   1.64565 -0.880724  -50.2656  -77.307  72.2883 -4.41586  0.392673   -1.2662 -0.505185 0.038549 0.048077 0.141315  0.981757  -1.06701 0.0174397 -0.000281004  0.000209947 -1.85159e-06 -0.0549896  0.0639409  0.0273814  0.362891 -0.287763  -9.79806 
               162.8  1.72883 -1.11428 -50.1321 -77.2145  72.1777 -4.40604  0.392673   -1.2662 -0.505185 0.038549 0.048077 0.141315  0.975596  -1.15729 0.0498308 -0.000279046  0.000210768 -4.56397e-06 -0.0548584  0.0640945  0.0272516  0.362703 -0.287748  -9.79807 
               162.9  1.73679 -1.07077 -50.0885 -77.1153  72.0533 -4.39024  0.392673   -1.2662 -0.505185 0.038549 0.048077 0.141315   1.02153  -1.25248 0.0430122 -0.000277212  0.000209232 -4.24653e-06 -0.0549921  0.0641561  0.0270775 0.362728 -0.28789 -9.79806 
                 163   1.93282 -0.841346  -50.1625 -77.0145  71.9252 -4.38146  0.392673   -1.2662 -0.505185 0.038549 0.048077 0.141315  1.00316 -1.23192 0.139385 -0.000276405  0.000206934 -5.67023e-06 -0.0550516  0.0642144   0.027074  0.362715 -0.287967  -9.79806 
               163.1   2.02507 -0.668726  -50.3174 -76.9165  71.8046 -4.36719  0.392673   -1.2662 -0.505185 0.038549 0.048077 0.141315  1.00323 -1.26752 0.113351 -0.000275061  0.000211354 -4.98383e-06 -0.0548902  0.0641323  0.0270305  0.362692 -0.287799  -9.79807 
               163.2   2.20578 -0.539163  -50.3605 -76.8225  71.6838 -4.35921  0.392673   -1.2662 -0.505185 0.038549 0.048077 0.141315  0.974453  -1.26922 0.0828093 -0.000272824  0.000210952 -8.77869e-06 -0.0546515  0.0641884  0.0270816   0.36252 -0.287643  -9.79808 
               163.3   2.31097 -0.429862  -50.4913 -76.7268  71.5655 -4.35528  0.392673   -1.2662 -0.505185 0.038549 0.048077 0.141315   1.00582  -1.21004 0.0751481 -0.000272601  0.000212044 -7.41397e-06 -0.0544169  0.0641455  0.0271506  0.362427 -0.287436  -9.79809 
               163.4    2.41987 -0.0804253   -50.4199 -76.6304  71.4535 -4.35788  0.392673   -1.2662 -0.505185 0.038549 0.048077 0.141315  0.983541  -1.22288 0.0462243 -0.000272568  0.000208606 -1.15384e-05 -0.0541404  0.0640768  0.0273183  0.362331 -0.287179   -9.7981 
               163.5   2.45285 0.0966284  -50.4194 -76.5313  71.3375 -4.36144  0.392673   -1.2662 -0.505185 0.038549 0.048077 0.141315    0.998524    -1.25323 -0.00854535 -0.000274744  0.000210317 -9.04293e-06 -0.0539472  0.0639371  0.0274292  0.362335 -0.286951   -9.7981 
               163.6  2.46814 0.574929 -50.6659 -76.4275  71.2219 -4.36915  0.392673   -1.2662 -0.505185 0.038549 0.048077 0.141315    1.02527   -1.21277 -0.0302943  -0.00027485  0.000209022 -6.59215e-06 -0.0537757  0.0637798  0.0275413 0.362365 -0.28673 -9.79811 
               163.7  2.46701  1.17824 -50.5051 -76.3247  71.1094 -4.37139  0.392673   -1.2662 -0.505185 0.038549 0.048077 0.141315   1.04325  -1.12478 0.0558364 -0.000276211  0.000208011 -1.37812e-05 -0.053572 0.0636813 0.0275885  0.362332 -0.286517  -9.79812 
               163.8 2.22019 1.39489 -50.359 -76.2234   71.005 -4.36231  0.392673   -1.2662 -0.505185 0.038549 0.048077 0.141315 0.957268 -1.12936 0.205095  -0.00027466  0.000212046 -1.46679e-05 -0.0534253  0.0635499  0.0276597 0.362355 -0.28633 -9.79812 
               163.9  2.00435 0.665565 -50.0442 -76.1361  70.8995 -4.33743  0.392673   -1.2662 -0.505185 0.038549 0.048077 0.141315 0.951754 -1.03303 0.254865 -0.000271376  0.000223134  -2.1577e-05 -0.0531137  0.0635645  0.0277035  0.362177 -0.286094  -9.79814 
                 164    2.0182 -0.308913  -49.8259 -76.0439   70.808 -4.32578  0.392673   -1.2662 -0.505185 0.038549 0.048077 0.141315 0.993037 -1.00857 0.057257 -0.000274215  0.000233513 -2.62327e-05 -0.0528661   0.063502  0.0277898  0.362092 -0.285865  -9.79815 
               164.1  1.60267 -1.54154  -49.809 -75.9423  70.7056 -4.33881  0.392673   -1.2662 -0.505185 0.038549 0.048077 0.141315       1.04   -1.15468 -0.0246627 -0.000270348  0.000237057 -1.91226e-05 -0.0527428  0.0633553  0.0280352 0.362137 -0.28568 -9.79815 
               164.2  1.50084 -1.32225 -49.8842 -75.8385  70.5903 -4.33308  0.392673   -1.2662 -0.505185 0.038549 0.048077 0.141315   1.05474  -1.15609 0.0030771 -0.000269143  0.000224717 -1.50275e-05 -0.0527794  0.0633523  0.0279636  0.36216 -0.28571 -9.79815 
               164.3   1.6102 -1.21845 -49.8354 -75.7375  70.4769 -4.33205  0.392673   -1.2662 -0.505185 0.038549 0.048077 0.141315   1.05683  -1.20563 0.0160805 -0.000274663  0.000222188 -1.56277e-05 -0.0525894  0.0634472  0.0279444  0.361984 -0.285614  -9.79816 
               164.4   1.52764 -0.833995  -49.5752 -75.6322  70.3577 -4.32451  0.392673   -1.2662 -0.505185 0.038549 0.048077 0.141315    1.04676   -1.20593 0.00182982 -0.000277747  0.000216833 -2.10252e-05 -0.0525674  0.0634068  0.0278654  0.362005 -0.285578  -9.79816 
               164.5   1.56605 -0.617456  -49.6389 -75.5301  70.2438 -4.32258  0.392673   -1.2662 -0.505185 0.038549 0.048077 0.141315   1.04775  -1.20033 0.0296606 -0.000282114  0.000216749 -1.60834e-05 -0.0523881  0.0633697  0.0278503 0.361937 -0.28542 -9.79816 
               164.6   1.58638 -0.370537  -49.6397 -75.4316  70.1324 -4.31667  0.392673   -1.2662 -0.505185 0.038549 0.048077 0.141315   1.02357  -1.19959 0.0658166 -0.000285517  0.000217491 -1.69798e-05 -0.0521166   0.063323  0.0278394  0.361827 -0.285185  -9.79817 
               164.7   1.62145 -0.367127    -49.68 -75.3353  70.0159 -4.30808  0.392673   -1.2662 -0.505185 0.038549 0.048077 0.141315   1.00527  -1.20787 0.0259074 -0.000285541  0.000220285 -1.79607e-05 -0.0519339  0.0633592  0.0277979  0.361701 -0.285064  -9.79818 
               164.8   1.63177 -0.474553  -49.7739 -75.2371  69.9039 -4.30734  0.392673   -1.2662 -0.505185 0.038549 0.048077 0.141315  0.971301  -1.13181 0.0158257 -0.000284938  0.000221731 -1.83816e-05 -0.0517867  0.0632641  0.0278277  0.361695 -0.284899  -9.79819 
               164.9   1.66756 -0.594922  -49.8298 -75.1455  69.7978 -4.30566  0.392673   -1.2662 -0.505185 0.038549 0.048077 0.141315   0.960593   -1.09128 0.00552519 -0.000282435   0.00022091 -1.95502e-05 -0.0515566  0.0633215  0.0277962  0.361527 -0.284753   -9.7982 
                 165  1.64721 -0.74013 -49.6955 -75.0558  69.6931 -4.30372  0.392673   -1.2662 -0.505185 0.038549 0.048077 0.141315   0.934282   -1.15458 -0.0341564 -0.000281618  0.000219519 -2.09361e-05 -0.0513069  0.0633254  0.0277551  0.361389 -0.284563  -9.79821 
               165.1  1.69412 -0.80182 -49.8658 -74.9616  69.5825 -4.29901  0.392673   -1.2662 -0.505185 0.038549 0.048077 0.141315  0.965806  -1.12028 0.0227855 -0.000279286  0.000216826 -1.55485e-05 -0.0512885  0.0632711    0.02769  0.361422 -0.284521  -9.79821 
               165.2   1.70455 -0.851397   -49.883 -74.8718  69.4732 -4.28732  0.392673   -1.2662 -0.505185 0.038549 0.048077 0.141315 0.938238 -1.16928 0.078331 -0.000279849   0.00021572 -1.86101e-05 -0.0510795  0.0632988  0.0275916  0.361289 -0.284378  -9.79822 
               165.3   1.73903 -0.954019  -49.7972 -74.7711  69.3583 -4.27408  0.392673   -1.2662 -0.505185 0.038549 0.048077 0.141315 0.978092 -1.20912 0.114059 -0.000282551  0.000217806 -2.04314e-05 -0.0510727  0.0631388  0.0275246  0.361409 -0.284288  -9.79822 
               165.4   1.71264 -0.764427  -49.8998 -74.6727  69.2408 -4.26012  0.392673   -1.2662 -0.505185 0.038549 0.048077 0.141315  0.995901  -1.15549 0.0978706 -0.000279456  0.000216682 -2.07438e-05 -0.0510381  0.0630764  0.0275012  0.361439 -0.284229  -9.79822 
               165.5   1.66947 -0.640646  -49.8449 -74.5732  69.1315 -4.25403  0.392673   -1.2662 -0.505185 0.038549 0.048077 0.141315 0.989352 -1.12534 0.121119 -0.000276777    0.0002178 -2.50268e-05 -0.0509532  0.0629806  0.0275719 0.361467 -0.28411 -9.79822 
               165.6   1.58969 -0.741487  -49.6811 -74.4694  69.0213 -4.24721  0.392673   -1.2662 -0.505185 0.038549 0.048077 0.141315  1.01554 -1.13163 0.109405  -0.00027954  0.000222772 -2.79877e-05 -0.0509103  0.0627955  0.0276281  0.361587 -0.283976  -9.79822 
               165.7   1.51027 -0.602979  -49.7703 -74.3688  68.9101 -4.23968  0.392673   -1.2662 -0.505185 0.038549 0.048077 0.141315  0.97526 -1.15017 0.110017 -0.000277952  0.000221354 -2.31923e-05 -0.050856 0.0627109 0.0277104  0.361622 -0.283886  -9.79822 
               165.8   1.46583 -0.606586  -49.7195 -74.2702  68.8029 -4.23632  0.392673   -1.2662 -0.505185 0.038549 0.048077 0.141315   1.00994  -1.14329 0.0364749 -0.000278911  0.000226594 -2.85279e-05 -0.0506738  0.0626281  0.0277747  0.361588 -0.283699  -9.79823 
               165.9   1.3706 -0.71357 -49.5112 -74.1695  68.6883  -4.2367  0.392673   -1.2662 -0.505185 0.038549 0.048077 0.141315   1.01957  -1.22114 0.0519684 -0.000281461  0.000225634 -2.84839e-05 -0.0505814  0.0625715  0.0278751  0.361581 -0.283595  -9.79823 
                 166   1.38448 -0.487035  -49.5913 -74.0671  68.5713  -4.2337  0.392673   -1.2662 -0.505185 0.038549 0.048077 0.141315 0.974089 -1.19072 0.130319 -0.000282161  0.000220975 -2.49215e-05 -0.0505176  0.0624465  0.0279539  0.361643 -0.283477  -9.79823 
               166.1   1.46114 -0.483075  -49.7211  -73.967  68.4536 -4.22058  0.392673   -1.2662 -0.505185 0.038549 0.048077 0.141315 0.973111 -1.22572 0.112278 -0.000284619  0.000227112 -2.63796e-05 -0.0504929  0.0623457  0.0279545  0.361707 -0.283403  -9.79823 
               166.2   1.60702 -0.704656  -49.7912 -73.8726  68.3422 -4.21398  0.392673   -1.2662 -0.505185 0.038549 0.048077 0.141315   0.96811  -1.17875 0.0845298  -0.00028755  0.000228066 -2.85882e-05 -0.0502209  0.0622581   0.028027  0.361628 -0.283145  -9.79824 
               166.3    1.6093 -0.916619  -49.9182 -73.7776  68.2349 -4.21458  0.392673   -1.2662 -0.505185 0.038549 0.048077 0.141315   0.973935   -1.14642 0.00484239 -0.000280847  0.000229544  -2.7537e-05 -0.0499616  0.0621568  0.0281294  0.361566 -0.282888  -9.79825 
               166.4   1.66583 -0.954926  -49.9429 -73.6805  68.1315 -4.21604  0.392673   -1.2662 -0.505185 0.038549 0.048077 0.141315   1.00287  -1.10407 0.0013525 -0.000281035  0.000225191 -2.96753e-05 -0.0497185  0.0620381   0.028165  0.361526 -0.282636  -9.79826 
               166.5   1.64925 -0.897165  -49.8301 -73.5797   68.023  -4.2158  0.392673   -1.2662 -0.505185 0.038549 0.048077 0.141315    1.00937   -1.15936 -0.0341227 -0.000279835  0.000223008 -3.01228e-05 -0.0496376   0.061954  0.0281439  0.361548 -0.282529  -9.79826 
               166.6   1.61502 -0.747544  -49.8672 -73.4809  67.9074 -4.21544  0.392673   -1.2662 -0.505185 0.038549 0.048077 0.141315     1.00597    -1.11694 -0.00145134 -0.000279742  0.000220378 -2.70007e-05 -0.0496548  0.0620014  0.0281216  0.361521 -0.282568  -9.79826 
               166.7   1.60373 -0.600323  -50.0047 -73.3836  67.8013  -4.2104  0.392673   -1.2662 -0.505185 0.038549 0.048077 0.141315    0.969688    -1.12058 -0.00684128 -0.000280786  0.000220393 -2.53937e-05 -0.0495094  0.0619632  0.0280443  0.361473 -0.282437  -9.79827 
               166.8   1.70566 -0.622211   -49.822 -73.2875  67.6874 -4.21065  0.392673   -1.2662 -0.505185 0.038549 0.048077 0.141315   0.956204   -1.11155 -0.0562731 -0.000283543  0.000222341 -3.03478e-05 -0.0495397  0.0620056   0.027984  0.361457 -0.282485  -9.79827 
               166.9   1.74049 -0.576437  -50.0567 -73.1934  67.5794  -4.2158  0.392673   -1.2662 -0.505185 0.038549 0.048077 0.141315   0.97387  -1.03003 -0.153313 -0.000282174  0.000220419 -2.44392e-05 -0.0495353  0.0620334  0.0278917  0.361433 -0.282499  -9.79827 
                 167   1.83243 -0.494921  -50.1703 -73.0961  67.4755 -4.22315  0.392673   -1.2662 -0.505185 0.038549 0.048077 0.141315  0.961822  -1.02652 -0.149838 -0.000282424  0.000218474 -2.33753e-05 -0.0496021  0.0620734  0.0277385  0.361439 -0.282576  -9.79826 
               167.1   1.83053 -0.498823  -50.0529  -73.004  67.3636 -4.21811  0.392673   -1.2662 -0.505185 0.038549 0.048077 0.141315   0.944481   -1.12645 -0.0500165   -0.0002829  0.000216912 -2.23101e-05 -0.0496564  0.0621907  0.0274874   0.36138 -0.282688  -9.79826 
               167.2   1.95246 -0.440893  -50.0648 -72.9081  67.2414 -4.20457  0.392673   -1.2662 -0.505185 0.038549 0.048077 0.141315  0.925373  -1.14546 0.0746008 -0.000282308  0.000213541 -2.09306e-05 -0.0498801  0.0622807  0.0272322  0.361432 -0.282916  -9.79826 
               167.3   1.94165 -0.396981  -50.2576 -72.8199  67.1226 -4.17571  0.392673   -1.2662 -0.505185 0.038549 0.048077 0.141315  0.97358 -1.19666 0.137482 -0.000279743  0.000216739  -1.8327e-05 -0.0498635  0.0623686  0.0269595  0.361357 -0.282958  -9.79826 
               167.4   2.06262 -0.695464  -50.2514 -72.7229  67.0033 -4.15554  0.392673   -1.2662 -0.505185 0.038549 0.048077 0.141315 0.939188  -1.2122 0.180649  -0.00027595  0.000219901 -2.34882e-05 -0.0498509  0.0623598     0.0269  0.361357 -0.282945  -9.79826 
               167.5     2.036 -0.833879  -50.2155 -72.6224  66.8852 -4.13948  0.392673   -1.2662 -0.505185 0.038549 0.048077 0.141315  1.00607 -1.20448 0.161375 -0.000273625  0.000222324  -2.6538e-05 -0.0497941  0.0622428  0.0268837 0.361417 -0.28284 -9.79826 
               167.6   2.12771 -0.733669  -50.1789 -72.5201  66.7707 -4.12852  0.392673   -1.2662 -0.505185 0.038549 0.048077 0.141315  1.00686 -1.16403  0.14195 -0.000273448  0.000219548 -2.81519e-05 -0.0497539  0.0621618  0.0269554  0.361458 -0.282763  -9.79826 
               167.7    2.0514 -0.911011  -50.0829 -72.4235  66.6595 -4.12362  0.392673   -1.2662 -0.505185 0.038549 0.048077 0.141315   1.01869  -1.18561 0.0965112 -0.000271676   0.00022186 -2.85808e-05 -0.0495365  0.0621315  0.0270822  0.361365 -0.282576  -9.79827 
               167.8   1.97653 -0.916821  -50.1449 -72.3216  66.5445 -4.12705  0.392673   -1.2662 -0.505185 0.038549 0.048077 0.141315    1.0242  -1.19396 0.0470379 -0.000270607  0.000219598 -2.62873e-05 -0.0494195  0.0620525  0.0272383  0.361363 -0.282439  -9.79827 
               167.9   1.91266 -0.678849  -50.2167 -72.2197   66.429 -4.12603  0.392673   -1.2662 -0.505185 0.038549 0.048077 0.141315   1.01361  -1.18477 0.0520366 -0.000271465  0.000218322 -2.75561e-05 -0.0493513  0.0620061  0.0273397  0.361362 -0.282358  -9.79827 
                 168   1.90163 -0.616007   -50.086 -72.1206  66.3172 -4.12617  0.392673   -1.2662 -0.505185 0.038549 0.048077 0.141315  0.969635  -1.20937 0.0277192 -0.000272576  0.000218548 -2.96709e-05 -0.0491859  0.0619139  0.0274328  0.361344 -0.282179  -9.79828 
               168.1   1.88524 -0.650855  -50.1213 -72.0217  66.2055 -4.12839  0.392673   -1.2662 -0.505185 0.038549 0.048077 0.141315  0.993813  -1.14575 0.0113529 -0.000272665  0.000221341 -2.78236e-05 -0.0490424  0.0617969  0.0274658  0.361358 -0.282005  -9.79828 
               168.2  1.83628 -0.50266 -50.2395  -71.924  66.1051 -4.12627  0.392673   -1.2662 -0.505185 0.038549 0.048077 0.141315  0.985785  -1.11226 0.0200703 -0.000273349  0.000221313 -2.77171e-05 -0.0487476  0.0616366  0.0274489  0.361324 -0.281693  -9.79829 
               168.3   1.84395 -0.629335  -50.0499 -71.8278  65.9971 -4.12336  0.392673   -1.2662 -0.505185 0.038549 0.048077 0.141315  0.983705  -1.11589 0.0398928 -0.000274661  0.000221127 -2.92663e-05 -0.0486234  0.0616232  0.0274273  0.361268 -0.281591   -9.7983 
               168.4   1.80591 -0.673053  -50.1183 -71.7339   65.889  -4.1138  0.392673   -1.2662 -0.505185 0.038549 0.048077 0.141315 0.952828 -1.09081 0.012036  -0.00027505  0.000220352 -2.70634e-05 -0.0485379  0.0616161  0.0273373  0.361229 -0.281524   -9.7983 
               168.5   1.89822 -0.783697  -50.2358 -71.6384  65.7882 -4.11195  0.392673   -1.2662 -0.505185 0.038549 0.048077 0.141315   0.968778   -1.02461 -0.0115543 -0.000276744  0.000220135  -2.7792e-05 -0.0484386  0.0616018  0.0273039  0.361187 -0.281441  -9.79831 
               168.6   1.84134 -0.859477  -50.0424 -71.5438   65.678 -4.10475  0.392673   -1.2662 -0.505185 0.038549 0.048077 0.141315    0.9561   -1.1611 0.0229964 -0.000278297  0.000219998 -3.09613e-05 -0.0484361  0.0616696  0.0272015  0.361134 -0.281478  -9.79831 
               168.7   1.92151 -0.824325  -50.0389 -71.4442  65.5576 -4.09605  0.392673   -1.2662 -0.505185 0.038549 0.048077 0.141315  0.973948  -1.16953 0.0740517 -0.000279835  0.000218042  -2.8955e-05 -0.0485666  0.0616679  0.0271328  0.361205 -0.281579   -9.7983 
               168.8   1.84647 -0.615771  -50.1682 -71.3489  65.4451  -4.0878  0.392673   -1.2662 -0.505185 0.038549 0.048077 0.141315  0.986124  -1.12855 0.0680901 -0.000275341  0.000217529 -3.00229e-05 -0.048486 0.0616564 0.0270919  0.361171 -0.281512  -9.79831 
               168.9   1.78473 -0.916028   -49.894 -71.2491  65.3355 -4.07808  0.392673   -1.2662 -0.505185 0.038549 0.048077 0.141315 1.04075 -1.1708 0.09616 -0.000273201  0.000222374 -3.50068e-05 -0.0483399  0.0615953  0.0270691   0.36114 -0.281368  -9.79831 
                 169    1.6043 -0.924262  -49.6472 -71.1428  65.2199 -4.06673  0.392673   -1.2662 -0.505185 0.038549 0.048077 0.141315   1.03438  -1.16293 0.0680527 -0.000272716  0.000219806 -3.66363e-05 -0.0483156  0.0614807  0.0270328 0.361216 -0.28129 -9.79831 
               169.1   1.45421 -0.776514  -49.6052 -71.0371  65.1064 -4.06321  0.392673   -1.2662 -0.505185 0.038549 0.048077 0.141315    1.0531  -1.20188 0.0481095 -0.000273388  0.000217745 -3.55057e-05 -0.0482381  0.0613811  0.0270836  0.361251 -0.281176  -9.79831 
               169.2   1.38358 -0.472844  -49.5258 -70.9332  64.9893 -4.05752  0.392673   -1.2662 -0.505185 0.038549 0.048077 0.141315 0.990149 -1.20085 0.120346 -0.000279463  0.000216714 -3.61711e-05 -0.0481698  0.0613255  0.0271189  0.361257 -0.281092  -9.79831 
               169.3   1.23181 -0.299939  -49.6676  -70.838  64.8743 -4.04617  0.392673   -1.2662 -0.505185 0.038549 0.048077 0.141315  0.96458 -1.21192 0.132401 -0.000276033  0.000218294 -3.36833e-05 -0.0479768  0.0612536  0.0271366  0.361209 -0.280905  -9.79832 
               169.4   1.40358 -0.454958  -49.9059  -70.749  64.7595 -4.03262  0.392673   -1.2662 -0.505185 0.038549 0.048077 0.141315 0.949169 -1.16739 0.171595 -0.000272429  0.000221242 -3.20299e-05 -0.0477973  0.0613662  0.0271854  0.361026 -0.280826  -9.79833 
               169.5   1.40235 -0.898265  -49.8537 -70.6622  64.6512 -4.02374  0.392673   -1.2662 -0.505185 0.038549 0.048077 0.141315 0.919907 -1.20909 0.161972 -0.000272641  0.000226696  -3.7451e-05 -0.0474415  0.0613427  0.0273295  0.360852 -0.280537  -9.79835 
               169.6  1.58343 -1.16075 -49.7317 -70.562  64.539 -4.0271  0.392673   -1.2662 -0.505185 0.038549 0.048077 0.141315  0.978924  -1.15479 0.0595665 -0.000276176   0.00022539 -3.77904e-05 -0.0473353   0.061146  0.0275172  0.360945 -0.280345  -9.79835 
               169.7    1.4233 -0.828092  -50.0128 -70.4672  64.4293 -4.02236  0.392673   -1.2662 -0.505185 0.038549 0.048077 0.141315   1.01187  -1.18733 0.0577552 -0.000270452  0.000220608 -3.10957e-05 -0.0472118  0.0611264  0.0275756  0.360893 -0.280239  -9.79835 
               169.8   1.43191 -0.831736  -49.7947 -70.3642  64.3179 -4.02162  0.392673   -1.2662 -0.505185 0.038549 0.048077 0.141315   1.00171  -1.18224 0.0791156 -0.000270136  0.000220339 -3.84653e-05 -0.047064 0.0609664 0.0276744  0.360936 -0.280037  -9.79836 
               169.9   1.36905 -0.641199  -49.8896 -70.2632  64.1995 -4.01301  0.392673   -1.2662 -0.505185 0.038549 0.048077 0.141315  0.999058  -1.17907 0.0816624 -0.000269886  0.000223377 -3.35282e-05 -0.0470527  0.0609336  0.0276849  0.360955 -0.280011  -9.79836 
                 170   1.42055 -0.466011  -49.9706 -70.1654  64.0924 -4.00947  0.392673   -1.2662 -0.505185 0.038549 0.048077 0.141315   0.959864   -1.07692 -0.0030156 -0.000267235  0.000224903 -3.37824e-05 -0.0469204  0.0608776  0.0277086  0.360927 -0.279879  -9.79836 
               170.1   1.33257 -0.630641  -49.9112 -70.0727  63.9874 -4.00934  0.392673   -1.2662 -0.505185 0.038549 0.048077 0.141315  0.975944    -1.201 0.0430832  -0.00026661  0.000228471 -3.48051e-05 -0.046722 0.0608324 0.0277364  0.360856 -0.279702  -9.79837 
               170.2   1.44643 -0.722408  -49.9572 -69.9714  63.8656 -4.00457  0.392673   -1.2662 -0.505185 0.038549 0.048077 0.141315  0.956704  -1.19235 0.0912676 -0.000268748  0.000227132 -3.33975e-05 -0.046772 0.0607877 0.0277548  0.360917 -0.279716  -9.79837 
               170.3   1.49991 -0.471451   -50.138  -69.878  63.7563 -3.99421  0.392673   -1.2662 -0.505185 0.038549 0.048077 0.141315  0.969595  -1.16275 0.0907225  -0.00027064  0.000228544 -3.33887e-05 -0.0465759  0.0607116  0.0277613   0.36087 -0.279525  -9.79837 
               170.4   1.58125 -0.688871  -50.0262 -69.7831  63.6492 -3.98667  0.392673   -1.2662 -0.505185 0.038549 0.048077 0.141315  0.961255  -1.14524 0.0508767 -0.000267708  0.000230791 -3.97264e-05 -0.0463361  0.0606554  0.0277704  0.360786 -0.279311  -9.79838 
               170.5  1.60428 -0.74587 -49.9173 -69.6854  63.5358 -3.98553  0.392673   -1.2662 -0.505185 0.038549 0.048077 0.141315   0.995718   -1.14916 -0.0331268 -0.000268317  0.000233656 -3.92239e-05 -0.0463119  0.0606315  0.0278066  0.360791 -0.279279  -9.79838 
               170.6   1.63236 -0.746308  -50.0033 -69.5831  63.4237 -3.98994  0.392673   -1.2662 -0.505185 0.038549 0.048077 0.141315    0.988552    -1.06687 0.000873997 -0.000265417  0.000231055 -3.62388e-05 -0.0463676  0.0605863  0.0278622  0.360855 -0.279296  -9.79838 
               170.7   1.61751 -0.792237  -49.9996 -69.4872    63.32  -3.9908  0.392673   -1.2662 -0.505185 0.038549 0.048077 0.141315    1.00055   -1.06183 -0.0220341 -0.000265411  0.000233989 -3.56963e-05 -0.0462544  0.0605895  0.0278385  0.360792 -0.279212  -9.79839 
               170.8    1.6773 -0.856431  -49.9844 -69.3886  63.2069 -3.98936  0.392673   -1.2662 -0.505185 0.038549 0.048077 0.141315 0.985769 -1.07709 -0.04963  -0.00026656  0.000231968 -3.44049e-05 -0.0463433  0.0606927  0.0277658  0.360761 -0.279337  -9.79838 
               170.9   1.69759 -0.867825  -50.0737 -69.2912  63.0955 -3.98405  0.392673   -1.2662 -0.505185 0.038549 0.048077 0.141315    1.00694   -1.09758 -0.0194694 -0.000267168  0.000232392 -3.13728e-05 -0.0464021  0.0607842  0.0276414  0.360723 -0.279434  -9.79838 
                 171   1.72045 -0.931244  -50.0527 -69.1936  62.9847 -3.97938  0.392673   -1.2662 -0.505185 0.038549 0.048077 0.141315  0.959217  -1.07861 0.0199829 -0.000267236  0.000232185 -3.46963e-05 -0.0464262  0.0608111  0.0275606  0.360716 -0.279468  -9.79838 
               171.1  1.78042 -1.03767 -50.0938 -69.0981  62.8712 -3.97004  0.392673   -1.2662 -0.505185 0.038549 0.048077 0.141315   0.985963   -1.17909 -0.0167617 -0.000270736     0.000233 -3.28473e-05 -0.0464323  0.0608513  0.0274137  0.360689 -0.279498  -9.79838 
               171.2   1.86556 -0.888298  -50.3356 -69.0023  62.7543 -3.96099  0.392673   -1.2662 -0.505185 0.038549 0.048077 0.141315  0.954641  -1.10107 0.0545278  -0.00026827  0.000228644 -3.02425e-05 -0.0464612  0.0609116  0.0272945  0.360659 -0.279556  -9.79838 
               171.3   1.87469 -0.873313  -50.4265 -68.9109  62.6409 -3.94906  0.392673   -1.2662 -0.505185 0.038549 0.048077 0.141315  0.947499  -1.17323 0.0323528 -0.000266392   0.00023215 -3.24382e-05 -0.0464133  0.0609747  0.0271926  0.360585 -0.279555  -9.79838 
               171.4   1.91103 -0.919206  -50.5616 -68.8145  62.5225 -3.94477  0.392673   -1.2662 -0.505185 0.038549 0.048077 0.141315  0.900792  -1.12085 0.0195335 -0.000264194  0.000232477 -3.11352e-05 -0.0464839  0.0609468  0.0271623  0.360644 -0.279595  -9.79838 
               171.5    1.9567 -0.887728  -50.9634 -68.7278  62.4128 -3.94102  0.392673   -1.2662 -0.505185 0.038549 0.048077 0.141315   0.924488   -1.13206 -0.0165705 -0.000265516  0.000234183 -2.76883e-05 -0.046383 0.0609816 0.0270873  0.360565 -0.279538  -9.79838 
               171.6   1.94116 -0.932039  -51.1643 -68.6425  62.2986  -3.9388  0.392673   -1.2662 -0.505185 0.038549 0.048077 0.141315   0.849542   -1.14536 0.00916517 -0.000263091  0.000229745 -2.94703e-05 -0.0463423  0.0610472  0.0270566  0.360493 -0.279542  -9.79839 
               171.7  1.94661  -1.0051 -51.5716 -68.5546  62.1834 -3.92944  0.392673   -1.2662 -0.505185 0.038549 0.048077 0.141315  0.846328  -1.19875 0.0588173 -0.000264072   0.00023112 -2.62144e-05 -0.0463294  0.0609512  0.0269252   0.36056 -0.279485  -9.79839 
               171.8   2.00425 -0.924865  -52.2917 -68.4711  62.0625 -3.91945  0.392673   -1.2662 -0.505185 0.038549 0.048077 0.141315 0.825184 -1.21154 0.109239 -0.000264412  0.000227254 -2.18231e-05 -0.0463721  0.0609456  0.0268764  0.360587 -0.279517  -9.79838 
               171.9  2.11529 -1.02271 -52.7784  -68.391  61.9462 -3.90499  0.392673   -1.2662 -0.505185 0.038549 0.048077 0.141315 0.840373 -1.26171 0.130687 -0.000265325   0.00022945  -2.6356e-05 -0.0461674  0.0609202  0.0268411  0.360499 -0.279347  -9.79839 
                 172  2.07381 -1.16588 -53.0872 -68.3084  61.8257 -3.89232  0.392673   -1.2662 -0.505185 0.038549 0.048077 0.141315 0.803221 -1.28347 0.123944  -0.00026192  0.000230849 -2.98294e-05 -0.0459992  0.0608167  0.0268338  0.360491 -0.279163   -9.7984 
               172.1  2.02977 -1.13837 -53.6274  -68.227  61.7054 -3.88384  0.392673   -1.2662 -0.505185 0.038549 0.048077 0.141315  0.784026  -1.28944 0.0968639 -0.000260665  0.000229297 -2.89596e-05 -0.0458787  0.0606835  0.0268815 0.360531   -0.279  -9.7984 
               172.2  2.02465 -1.11581 -54.2219 -68.1477  61.5829 -3.87714  0.392673   -1.2662 -0.505185 0.038549 0.048077 0.141315 0.774482  -1.2908 0.107079 -0.000260424  0.000228078 -2.76162e-05 -0.0457409  0.0605365  0.0269574  0.360574 -0.278815   -9.7984 
               172.3  2.09026 -1.13706 -55.0128 -68.0716  61.4685 -3.87163  0.392673   -1.2662 -0.505185 0.038549 0.048077 0.141315  0.721946  -1.28028 0.0773005 -0.000262064  0.000229635 -2.59616e-05 -0.045467 0.0603486 0.0270115  0.360578 -0.278504  -9.79841 
               172.4  2.10872 -1.13722  -55.763 -67.9959  61.3485 -3.87103  0.392673   -1.2662 -0.505185 0.038549 0.048077 0.141315   0.67923  -1.28589 0.0988715 -0.000261029  0.000227046 -2.56786e-05 -0.0453715  0.0601553  0.0271339   0.36068 -0.278328  -9.79841 
               172.5  2.16114 -1.01002 -56.7774  -67.929  61.2316 -3.86335  0.392673   -1.2662 -0.505185 0.038549 0.048077 0.141315  0.651104   -1.2109 0.0763976 -0.000260858   0.00022537  -2.1724e-05 -0.0451748  0.0600245  0.0271557  0.360682 -0.278108  -9.79842 
               172.6   2.2377 -1.05191 -57.6958 -67.8615  61.1201 -3.86119  0.392673   -1.2662 -0.505185 0.038549 0.048077 0.141315   0.67278  -1.19967 0.0118286 -0.000261908  0.000227422  -2.0596e-05 -0.0450062  0.0598612  0.0271958  0.360725 -0.277893  -9.79843 
               172.7  2.25463 -1.03812 -58.6438 -67.7927   61.006 -3.86054  0.392673   -1.2662 -0.505185 0.038549 0.048077 0.141315  0.642305  -1.17987 0.0140589 -0.000260208  0.000224357 -1.74556e-05 -0.0449349  0.0597449  0.0272287  0.360781 -0.277778  -9.79843 
               172.8   2.25591 -0.866612  -59.5492 -67.7244  60.8857 -3.85648  0.392673   -1.2662 -0.505185 0.038549 0.048077 0.141315  0.622266  -1.20531 0.0154278  -0.00025891  0.000222672 -1.65952e-05 -0.0450931  0.0596865  0.0272194  0.360905 -0.277874  -9.79842 
               172.9   2.2459 -1.06342 -60.5238 -67.6647  60.7683 -3.85567  0.392673   -1.2662 -0.505185 0.038549 0.048077 0.141315    0.612908    -1.20512 -0.00976961 -0.000256382  0.000224818 -1.56097e-05 -0.0449773  0.0596817  0.0272059 0.360852 -0.27778 -9.79842 
                 173  2.25645 -1.03315  -61.567 -67.6017  60.6427 -3.85369  0.392673   -1.2662 -0.505185 0.038549 0.048077 0.141315   0.599911    -1.2138 -0.0142882  -0.00025847  0.000224326 -1.22095e-05 -0.0450708  0.0596796  0.0271542  0.360899 -0.277855  -9.79842 
               173.1   2.30829 -0.894814  -62.4559  -67.543  60.5185 -3.85323  0.392673   -1.2662 -0.505185 0.038549 0.048077 0.141315   0.555523   -1.21728 -0.0454515 -0.000260025  0.000223468 -1.49479e-05 -0.0451477  0.0597097  0.0270981  0.360911 -0.277932  -9.79842 
               173.2   2.27396 -0.957049   -63.434 -67.4884  60.3898 -3.85297  0.392673   -1.2662 -0.505185 0.038549 0.048077 0.141315   0.499156   -1.27427 -0.0529665 -0.000260104  0.000223971 -1.45101e-05 -0.0452799  0.0597382  0.0270175   0.36095 -0.278054  -9.79841 
               173.3   2.44455 -0.933846   -64.557 -67.4355  60.2614 -3.85378  0.392673   -1.2662 -0.505185 0.038549 0.048077 0.141315   0.503887   -1.27405 -0.0479878 -0.000269282   0.00022127 -1.20896e-05 -0.0453297  0.0597158  0.0269547  0.360991 -0.278085  -9.79841 
               173.4  2.42565 -0.77799 -65.6831 -67.3918  60.1316 -3.84892  0.392673   -1.2662 -0.505185 0.038549 0.048077 0.141315   0.37663   -1.3113 -0.019982 -0.000265605  0.000220403 -1.08177e-05 -0.0452895  0.0597376  0.0268113  0.360955 -0.278066  -9.79841 
               173.5   2.51224 -0.376442  -67.0571 -67.3518  59.9895 -3.83702  0.392673   -1.2662 -0.505185 0.038549 0.048077 0.141315   0.374711   -1.39225 -0.0628971 -0.000263331  0.000219273 -6.03421e-06 -0.0455606  0.0598233  0.0266134 0.361007 -0.27833  -9.7984 
               173.6   2.38127 -0.439413  -68.7854 -67.3166  59.8601 -3.83391  0.392673   -1.2662 -0.505185 0.038549 0.048077 0.141315   0.46831  -1.30651 0.0459369 -0.000260385  0.000225774 -5.65143e-07 -0.0453282  0.0598385  0.0265387  0.360892 -0.278148  -9.79841 
               173.7     2.532 -0.153841  -69.6173 -67.2748  59.7278 -3.82543  0.392673   -1.2662 -0.505185 0.038549 0.048077 0.141315  0.365362  -1.33745 0.0718892   -0.0002612  0.000223759 -1.13322e-05 -0.0452575  0.0598607  0.0264343  0.360843 -0.278102  -9.79841 
               173.8    2.26375 -0.0404079   -70.6333 -67.2371  59.5896 -3.80928  0.392673   -1.2662 -0.505185 0.038549 0.048077 0.141315  0.331691  -1.38002 0.0586395 -0.000258385  0.000225419  -9.1785e-06 -0.0454273  0.0597432  0.0263414  0.361013 -0.278195  -9.79841 
               173.9   2.38549 -0.339966  -72.0898 -67.2017  59.4523 -3.80776  0.392673   -1.2662 -0.505185 0.038549 0.048077 0.141315 0.313069   -1.382  0.10814 -0.000258119  0.000227124 -2.92354e-06 -0.0454371  0.0596638   0.026418  0.361083 -0.278168   -9.7984 
                 174   2.22473 -0.259429  -73.5441 -67.1692  59.3141 -3.80211  0.392673   -1.2662 -0.505185 0.038549 0.048077 0.141315  0.287182  -1.41812 0.0328575 -0.000257259   0.00022534 -4.38351e-06 -0.0453822  0.0595612  0.0264008 0.361146 -0.27808  -9.7984 
               174.1    2.28902 0.00171226    -74.654 -67.1446  59.1764 -3.79572  0.392673   -1.2662 -0.505185 0.038549 0.048077 0.141315  0.233749  -1.36961 0.0729176 -0.000256104  0.000220692 -7.62968e-06 -0.0453194  0.0595845  0.0263754  0.361101 -0.278038  -9.79841 
               174.2   2.25109 0.0402051  -76.0776 -67.1248  59.0443 -3.78669  0.392673   -1.2662 -0.505185 0.038549 0.048077 0.141315  0.194978  -1.34949 0.0840969 -0.000254946  0.000221943  -4.4661e-06 -0.0452239  0.0595585  0.0263541  0.361085 -0.277948  -9.79841 
               174.3    2.30019 -0.0741387   -77.5495 -67.1045  58.9164 -3.77902  0.392673   -1.2662 -0.505185 0.038549 0.048077 0.141315 0.212332 -1.34609  0.10936 -0.000254784  0.000224733 -3.71861e-06 -0.045062 0.0595128   0.02638  0.361063 -0.277793  -9.79842 
               174.4  2.22926 -0.20377 -78.6444 -67.0898  58.7851 -3.76939  0.392673   -1.2662 -0.505185 0.038549 0.048077 0.141315 0.147629 -1.37289 0.142303 -0.000251818  0.000223958 -8.94988e-06 -0.044917 0.0595124 0.0264285  0.361009 -0.277668  -9.79842 
               174.5   2.22832 -0.342181  -79.7961 -67.0801    58.65 -3.75867  0.392673   -1.2662 -0.505185 0.038549 0.048077 0.141315 0.101816 -1.37985 0.151356 -0.000251257  0.000223943 -8.50834e-06 -0.0448567  0.0595288  0.0264816  0.360973 -0.277621  -9.79842 
               174.6   2.26965 -0.509168  -81.0644 -67.0696  58.5189 -3.75032  0.392673   -1.2662 -0.505185 0.038549 0.048077 0.141315 0.101207 -1.36124 0.113975 -0.000249379  0.000224469 -8.24603e-06 -0.0447378  0.0594765  0.0265812  0.360976 -0.277498  -9.79843 
               174.7   2.17041 -0.631231  -82.2125 -67.0606  58.3887 -3.74923  0.392673   -1.2662 -0.505185 0.038549 0.048077 0.141315 0.0297086  -1.38727 0.0823764 -0.000245263  0.000224101 -1.01861e-05 -0.0446078  0.0594103  0.0267181 0.360988 -0.27736 -9.79843 
               174.8   2.18834 -0.651461  -83.3458 -67.0611  58.2597  -3.7481  0.392673   -1.2662 -0.505185 0.038549 0.048077 0.141315 8.02413e-05    -1.36884   0.0242421 -0.000246895  0.000221302 -8.44026e-06 -0.0443818  0.0594178  0.0267905  0.360905 -0.277165  -9.79844 
               174.9   2.14062 -0.450245  -84.7132 -67.0568  58.1255 -3.74808  0.392673   -1.2662 -0.505185 0.038549 0.048077 0.141315 -0.0363666   -1.32778  0.0391598 -0.000245147  0.000220667 -5.49776e-06 -0.044391 0.0593035 0.0268441  0.361007 -0.277135  -9.79844 
                 175   2.18438 -0.260741  -86.0553 -67.0614  57.9935 -3.74459  0.392673   -1.2662 -0.505185 0.038549 0.048077 0.141315 -0.110713  -1.35656 0.0843233 -0.000246608  0.000221093 -2.77046e-06 -0.0443594  0.0592695  0.0268701  0.361026 -0.277096  -9.79844 
               175.1   2.22195 -0.256656   -87.473 -67.0727   57.856 -3.73625  0.392673   -1.2662 -0.505185 0.038549 0.048077 0.141315 -0.119396  -1.43173 0.0996249 -0.000246247  0.000223043 -3.68183e-07 -0.0443394  0.0592218   0.026887  0.361062 -0.277063  -9.79844 
               175.2    2.33377 -0.0929598   -88.9267 -67.0789  57.7178 -3.73197  0.392673   -1.2662 -0.505185 0.038549 0.048077 0.141315 -0.12426 -1.39442 0.115993 -0.000245275  0.000221172 -1.36642e-06 -0.0442915  0.0590572  0.0269736  0.361191 -0.276971  -9.79843 
               175.3    2.38541 -0.0290373    -90.046 -67.0904  57.5784 -3.72366  0.392673   -1.2662 -0.505185 0.038549 0.048077 0.141315 -0.13127  -1.4752 0.136312 -0.000245462  0.000221508 -7.78687e-06 -0.0442206  0.0590342  0.0270383 0.361192  -0.2769 -9.79844 
               175.4   2.49943 -0.230843  -90.7665 -67.0913  57.4344 -3.71557  0.392673   -1.2662 -0.505185 0.038549 0.048077 0.141315 -0.0599056   -1.57209   0.081769 -0.000243877  0.000224565 -1.62346e-05 -0.044063 0.0588836 0.0271246  0.361282 -0.276718  -9.79844 
               175.5   2.44464 -0.240628  -90.8308 -67.0941  57.2806 -3.71891  0.392673   -1.2662 -0.505185 0.038549 0.048077 0.141315 -0.0984412   -1.58515   0.103873 -0.000238091    0.0002242 -2.76827e-05 -0.0439487  0.0587864  0.0272979  0.361337 -0.276587  -9.79844 
               175.6   2.38477 0.0848151  -90.8905 -67.0933  57.1225 -3.71332  0.392673   -1.2662 -0.505185 0.038549 0.048077 0.141315 -0.0671841   -1.55007   0.120133 -0.000237039  0.000219305 -2.88345e-05 -0.0439993  0.0585907   0.027371  0.361523 -0.276581  -9.79843 
               175.7  2.33146 0.276692 -90.9411 -67.0947  56.9689 -3.70862  0.392673   -1.2662 -0.505185 0.038549 0.048077 0.141315 -0.0702412   -1.55704  0.0970657 -0.000235777    0.0002183 -3.05626e-05 -0.0439952  0.0584653  0.0274552  0.361633 -0.276544  -9.79843 
               175.8  2.32358 0.117494  -90.896 -67.0924  56.8193 -3.70724  0.392673   -1.2662 -0.505185 0.038549 0.048077 0.141315 -0.0362553   -1.54782  0.0599629 -0.000236668  0.000220694  -3.0501e-05 -0.0438709  0.0583002  0.0275463   0.36175 -0.276391  -9.79843 
               175.9  2.22775 0.251691 -90.7698 -67.0885  56.6725 -3.70508  0.392673   -1.2662 -0.505185 0.038549 0.048077 0.141315 -0.0397263   -1.51921  0.0653668 -0.000234006  0.000220484 -3.40168e-05 -0.0437763  0.0581527  0.0276391  0.361859 -0.276269  -9.79843 
                 176   2.14758 0.0813955  -90.7062 -67.0885  56.5254 -3.70496  0.392673   -1.2662 -0.505185 0.038549 0.048077 0.141315 -0.0664958   -1.50014  0.0656956 -0.000236667  0.000222027 -3.27086e-05 -0.0436717  0.0580423  0.0277089  0.361932 -0.276148  -9.79843 
               176.1  2.22806 0.101881 -90.8606 -67.0844   56.376 -3.70489  0.392673   -1.2662 -0.505185 0.038549 0.048077 0.141315 -0.0284351   -1.54561 -0.0281841 -0.000237754  0.000224942 -2.93892e-05 -0.0436445  0.0578805  0.0277408   0.36207 -0.276085  -9.79843 
               176.2  2.21763 0.384401 -90.9968 -67.0786  56.2288 -3.70561  0.392673   -1.2662 -0.505185 0.038549 0.048077 0.141315 0.00219263   -1.50109   0.038397 -0.000236524  0.000220639 -2.89797e-05 -0.0436003  0.0577269  0.0277982  0.362197 -0.276009  -9.79842 
               176.3  2.33549 0.398995 -90.9519 -67.0797  56.0779 -3.70098  0.392673   -1.2662 -0.505185 0.038549 0.048077 0.141315 -0.068022  -1.61097 0.0654941 -0.000238634  0.000222018 -3.32173e-05 -0.0435026    0.05769  0.0277901  0.362207 -0.275913  -9.79843 
               176.4  2.45797 0.633396 -90.9452  -67.084  55.9207 -3.69172  0.392673   -1.2662 -0.505185 0.038549 0.048077 0.141315 -0.0646982   -1.55571   0.158584 -0.000238602  0.000217903 -3.49735e-05 -0.0434545  0.0576389  0.0278159  0.362241 -0.275858  -9.79843 
               176.5  2.52749  0.84647 -90.9691 -67.0891  55.7751 -3.68032  0.392673   -1.2662 -0.505185 0.038549 0.048077 0.141315 -0.071687  -1.56763  0.170406 -0.000236628  0.000222213 -3.83468e-05 -0.0432532   0.057578  0.0279029  0.362248 -0.275662  -9.79843 
               176.6  2.57524 0.618164 -90.8444 -67.0919   55.632 -3.66989  0.392673   -1.2662 -0.505185 0.038549 0.048077 0.141315 -0.0898759      -1.54   0.180014 -0.000234729  0.000224965  -4.2646e-05 -0.043005 0.0574515 0.0280138  0.362303 -0.275409  -9.79844 
               176.7  2.56686 0.473527 -90.7239 -67.0927  55.4824 -3.66289  0.392673   -1.2662 -0.505185 0.038549 0.048077 0.141315 -0.109359  -1.50184   0.18889 -0.000232944  0.000227595 -4.34668e-05 -0.0429005  0.0572972  0.0281451  0.362416 -0.275276  -9.79844 
               176.8  2.56325 0.638461 -90.7285 -67.0977   55.336 -3.65233  0.392673   -1.2662 -0.505185 0.038549 0.048077 0.141315 -0.0883151   -1.54556   0.172974 -0.000230928  0.000227072 -4.09839e-05 -0.0428512   0.057174  0.0282917 0.362514  -0.2752 -9.79844 
               176.9  2.61054 0.330801 -91.1195  -67.095  55.1906 -3.64587  0.392673   -1.2662 -0.505185 0.038549 0.048077 0.141315 -0.0372612     -1.577   0.213237 -0.000229237  0.000228866 -3.81422e-05 -0.0426276  0.0569815  0.0284787 0.362632 -0.27495 -9.79844 
                 177  2.65665 0.299165 -91.1067 -67.0936  55.0397 -3.63826  0.392673   -1.2662 -0.505185 0.038549 0.048077 0.141315 -0.0242818   -1.58915   0.225736 -0.000227195  0.000229406 -4.42828e-05 -0.0424698   0.056875  0.0286861   0.36269 -0.274779  -9.79844 
               177.1  2.67618  0.45433 -91.0052 -67.0882  54.8928 -3.62808  0.392673   -1.2662 -0.505185 0.038549 0.048077 0.141315 -0.00105484    -1.47161    0.316361 -0.000223929  0.000227816 -4.90634e-05 -0.0423058  0.0567438  0.0289211  0.362768 -0.274596  -9.79844 
               177.2  2.68765 0.262384 -90.5356  -67.084  54.7567 -3.61385  0.392673   -1.2662 -0.505185 0.038549 0.048077 0.141315 0.00263591   -1.52581   0.210357 -0.000220335  0.000233713 -5.53327e-05 -0.0420467    0.05666  0.0291314 0.362781 -0.27434 -9.79845 
               177.3    2.72126 -0.0313929   -90.0381 -67.0823  54.6092 -3.61722  0.392673   -1.2662 -0.505185 0.038549 0.048077 0.141315 0.0503275  -1.50831  0.172181 -0.000216588  0.000233379 -5.53341e-05 -0.0419101  0.0566687  0.0294228  0.362741 -0.274212  -9.79845 
               177.4   2.65124 0.0734393  -90.0306 -67.0683  54.4617 -3.61701  0.392673   -1.2662 -0.505185 0.038549 0.048077 0.141315 0.056887 -1.55734 0.174612 -0.000216036  0.000235213 -4.82013e-05 -0.0418097  0.0564956  0.0296373  0.362872 -0.274077  -9.79845 
               177.5  2.64713   0.2734 -89.8285 -67.0595  54.3077 -3.61351  0.392673   -1.2662 -0.505185 0.038549 0.048077 0.141315 0.0201459  -1.53167  0.137989 -0.00021412 0.000230052 -4.9483e-05 -0.041821 0.0563951 0.0298419  0.362964 -0.274058  -9.79845 
               177.6  2.70571 0.130128 -89.8581 -67.0581  54.1617 -3.61586  0.392673   -1.2662 -0.505185 0.038549 0.048077 0.141315 0.00740663   -1.57511  0.0819991 -0.000214317  0.000234236 -4.80873e-05 -0.0416293  0.0564104  0.0300373  0.362905 -0.273886  -9.79846 
               177.7  2.77869 0.259477 -89.8582 -67.0551  54.0103 -3.61947  0.392673   -1.2662 -0.505185 0.038549 0.048077 0.141315  0.017282  -1.48824 0.0888481 -0.000212244  0.000231062 -4.83573e-05 -0.0415982  0.0563967  0.0302177   0.36291 -0.273851  -9.79846 
               177.8  2.87157  0.06555 -89.8652 -67.0562  53.8713 -3.62878  0.392673   -1.2662 -0.505185 0.038549 0.048077 0.141315 0.0095583  -1.46864 0.0441828 -0.000211775   0.00023541 -5.08204e-05 -0.0413617  0.0564526  0.0304013 0.362803 -0.27365 -9.79847 
               177.9  2.94182 0.128067  -89.735 -67.0559  53.7259 -3.62943  0.392673   -1.2662 -0.505185 0.038549 0.048077 0.141315 0.0147932  -1.48639 0.0207247 -0.000210323  0.000232488 -5.06504e-05 -0.0413635  0.0564477  0.0304847  0.362808 -0.273648  -9.79847 
                 178   2.98444 -0.226251  -89.7735  -67.047  53.5836 -3.63893  0.392673   -1.2662 -0.505185 0.038549 0.048077 0.141315  0.0310345   -1.52561 -0.0266992 -0.000211436  0.000235747 -4.93766e-05 -0.0412127  0.0563236  0.0305892  0.362882 -0.273482  -9.79847 
               178.1     2.99196 -0.00421407    -89.6574 -67.0421  53.4317 -3.64122  0.392673   -1.2662 -0.505185 0.038549 0.048077 0.141315  0.0201166    -1.4959 -0.0220659 -0.000210897  0.000230434 -4.72642e-05 -0.0412126  0.0563003  0.0305879  0.362902 -0.273476  -9.79847 
               178.2  2.90136 0.126176 -89.6208 -67.0389  53.2843 -3.63892  0.392673   -1.2662 -0.505185 0.038549 0.048077 0.141315 0.000337241    -1.51913  -0.0692773 -0.000209272  0.000231067 -4.50704e-05 -0.041178  0.056248 0.0305248   0.36294 -0.273434  -9.79847 
               178.3  2.95371 0.162034 -89.7994 -67.0381  53.1391 -3.64179  0.392673   -1.2662 -0.505185 0.038549 0.048077 0.141315 0.0162553   -1.4404 0.0137522 -0.00021066 0.000228388 -3.9998e-05 -0.041122 0.0562473 0.0305234  0.362927 -0.273384  -9.79847 
               178.4  2.88933 0.108997 -90.0839 -67.0349  52.9951 -3.63966  0.392673   -1.2662 -0.505185 0.038549 0.048077 0.141315 0.0634716  -1.45716 -0.018446 -0.000211834  0.000232539 -3.85045e-05 -0.0410927  0.0562384  0.0304772  0.362928 -0.273357  -9.79847 
               178.5     2.90309 -0.00990988    -90.1136 -67.0288  52.8491  -3.6375  0.392673   -1.2662 -0.505185 0.038549 0.048077 0.141315  0.0771706   -1.47314 -0.0336803 -0.000211146  0.000230546 -4.00594e-05 -0.0410762  0.0562293  0.0304007  0.362932 -0.273342  -9.79847 
               178.6   2.89223 0.0686497  -90.1625 -67.0184  52.7017 -3.63229  0.392673   -1.2662 -0.505185 0.038549 0.048077 0.141315  0.0985638   -1.45893 -0.0295255 -0.000212906  0.000228043 -3.87239e-05 -0.0411114  0.0561981  0.0302874  0.362967 -0.273368  -9.79847 
               178.7  2.86031 0.104672 -90.0939  -67.011  52.5593 -3.63085  0.392673   -1.2662 -0.505185 0.038549 0.048077 0.141315  0.0960117   -1.39627 -0.0406376 -0.000212765  0.000226233 -3.97322e-05 -0.0410989  0.0562606  0.0302205  0.362909 -0.273374  -9.79847 
               178.8  2.90125 0.019465 -89.9171 -67.0076  52.4124 -3.63093  0.392673   -1.2662 -0.505185 0.038549 0.048077 0.141315  0.0917428   -1.48403 -0.0641466 -0.000216346  0.000229612  -4.0297e-05 -0.0411427  0.0563921  0.0301374  0.362803 -0.273446  -9.79847 
               178.9    2.87027 0.00417665   -89.9371 -67.0003  52.2626  -3.6362  0.392673   -1.2662 -0.505185 0.038549 0.048077 0.141315  0.122696  -1.33421 -0.102608 -0.000215628  0.000227197 -3.76679e-05 -0.0412493  0.0564652  0.0300574 0.362763 -0.27356 -9.79847 
                 179  2.83954 0.469386 -89.7681 -66.9974  52.1302 -3.63566  0.392673   -1.2662 -0.505185 0.038549 0.048077 0.141315  0.0582463   -1.29667 -0.0729648 -0.000217337  0.000224159 -3.93076e-05 -0.0413264  0.0565939  0.0299517  0.362668 -0.273662  -9.79847 
               179.1   2.88528 -0.169492  -89.8363 -66.9981  51.9891 -3.63179  0.392673   -1.2662 -0.505185 0.038549 0.048077 0.141315  0.0450194   -1.53094 -0.0838582 -0.000218823  0.000229063 -3.68183e-05 -0.0413208  0.0566878  0.0297656  0.362582 -0.273684  -9.79847 
               179.2   2.99125 0.0101414  -89.9149 -66.9966   51.824 -3.62683  0.392673   -1.2662 -0.505185 0.038549 0.048077 0.141315 0.0449446  -1.49683 0.0196597 -0.000220358  0.000225014 -3.77202e-05 -0.0415267  0.0567471  0.0296153  0.362579 -0.273884  -9.79847 
               179.3  2.92474  0.46457 -89.8892 -66.9933  51.6716 -3.60894  0.392673   -1.2662 -0.505185 0.038549 0.048077 0.141315 0.0459317  -1.47267   0.10184 -0.000217679  0.000224764 -3.97294e-05 -0.0416435  0.0567799  0.0294597  0.362578 -0.273999  -9.79847 
               179.4  2.96289 0.233998   -89.84 -66.9944  51.5214 -3.59002  0.392673   -1.2662 -0.505185 0.038549 0.048077 0.141315 0.0394163  -1.53195 0.0905848 -0.000218417  0.000229809 -3.89562e-05 -0.0416418  0.0568601  0.0293511  0.362506 -0.274019  -9.79847 
               179.5   2.94481 0.0654123  -89.8716 -66.9932    51.37  -3.5848  0.392673   -1.2662 -0.505185 0.038549 0.048077 0.141315 0.0321695  -1.45331  0.130532 -0.000215741  0.000229831 -3.97656e-05 -0.0416242  0.0569147     0.0294  0.362454 -0.274015  -9.79847 
               179.6  2.96571 0.219049 -89.7445 -66.9904  51.2247 -3.57895  0.392673   -1.2662 -0.505185 0.038549 0.048077 0.141315 0.0391455  -1.51814 0.0281802 -0.000217137   0.00023273  -4.2393e-05 -0.0415435  0.0569479  0.0294069  0.362405 -0.273952  -9.79847 
               179.7  2.91102 0.212837 -89.7302 -66.9906  51.0753 -3.57807  0.392673   -1.2662 -0.505185 0.038549 0.048077 0.141315  0.0161416   -1.55746 -0.0112893 -0.000215673  0.000230572 -4.01102e-05 -0.0414763   0.057002  0.0294416  0.362341 -0.273905  -9.79848 
               179.8  2.95347 0.317339 -89.8701 -66.9896  50.9236 -3.58239  0.392673   -1.2662 -0.505185 0.038549 0.048077 0.141315 0.00502663   -1.45923  0.0246302 -0.000216315  0.000231395 -3.60336e-05 -0.0414594  0.0570054  0.0294911  0.362334 -0.273889  -9.79848 
               179.9  2.92644 0.473836  -90.188 -66.9907  50.7764 -3.58104  0.392673   -1.2662 -0.505185 0.038549 0.048077 0.141315  0.0275645   -1.46467 -0.0167998 -0.000217236    0.0002315 -3.25026e-05 -0.0415019  0.0570515  0.0294855  0.362303 -0.273938  -9.79848 
                 180  2.98346 0.237098 -90.3418  -66.987  50.6338 -3.58311  0.392673   -1.2662 -0.505185 0.038549 0.048077 0.141315  0.0485449   -1.39011 -0.0425404 -0.000219447  0.000233521 -3.36295e-05 -0.0414385  0.0570682  0.0294462  0.362273 -0.273887  -9.79848 
               180.1  2.90383 0.431745 -90.3603 -66.9865  50.4992 -3.58079  0.392673   -1.2662 -0.505185 0.038549 0.048077 0.141315 0.0433542  -1.33969 -0.036122 -0.000217464  0.000232129 -3.25187e-05 -0.0414423  0.0571491  0.0293995  0.362202 -0.273911  -9.79848 
               180.2  2.91651 0.104607 -90.4178 -66.9801  50.3617 -3.58301  0.392673   -1.2662 -0.505185 0.038549 0.048077 0.141315  0.0702841   -1.44314 -0.0931469 -0.000218429  0.000234026 -3.24346e-05 -0.0414387    0.05716  0.0293546  0.362192 -0.273911  -9.79848 
               180.3     2.9032 -0.0913159    -90.227 -66.9755  50.2127  -3.5901  0.392673   -1.2662 -0.505185 0.038549 0.048077 0.141315  0.0467447    -1.5095 -0.0963777 -0.000220167   0.00023089 -3.23712e-05 -0.0414601  0.0571863  0.0293121  0.362173 -0.273938  -9.79848 
               180.4  2.88928 0.157095 -90.1584 -66.9717  50.0547 -3.58717  0.392673   -1.2662 -0.505185 0.038549 0.048077 0.141315  0.0411297   -1.43614 -0.0143476 -0.000220702  0.000222496 -2.98033e-05 -0.0416433  0.0572164  0.0291784  0.36219 -0.27411 -9.79848 
               180.5  2.84101 0.365293 -90.1303 -66.9686  49.9086 -3.57368  0.392673   -1.2662 -0.505185 0.038549 0.048077 0.141315  0.0381155   -1.46642 -0.0140035 -0.000221516  0.000225744  -3.2918e-05 -0.0417114   0.057241  0.0290068 0.362184 -0.27418 -9.79848 
               180.6  2.87193 0.172895 -89.9908 -66.9684  49.7607  -3.5703  0.392673   -1.2662 -0.505185 0.038549 0.048077 0.141315 0.0218824  -1.47706 0.0378107 -0.000221284  0.000224447 -3.38753e-05 -0.041703 0.0573029 0.0289556  0.362127 -0.274189  -9.79848 
               180.7  2.91851 0.148461 -90.0657 -66.9647  49.6099 -3.56226  0.392673   -1.2662 -0.505185 0.038549 0.048077 0.141315  0.019579  -1.51033 0.0395439   -0.0002239  0.000229598 -3.05585e-05 -0.0417207  0.0573014  0.0288872  0.362132 -0.274206  -9.79848 
               180.8  2.89288 0.260449  -90.061 -66.9636  49.4577 -3.54925  0.392673   -1.2662 -0.505185 0.038549 0.048077 0.141315 0.0250264  -1.47309  0.153711  -0.00022326  0.000228721 -3.03123e-05  -0.04179 0.0573399 0.0288423  0.362115 -0.274277  -9.79848 
               180.9   2.87714 0.0245433  -90.0056  -66.964  49.3052 -3.53175  0.392673   -1.2662 -0.505185 0.038549 0.048077 0.141315 -0.0124291   -1.58731   0.151116 -0.000224195  0.000236126 -3.16017e-05 -0.0417807  0.0573464   0.028819  0.362107 -0.274271  -9.79848 
                 181     2.85491 -0.00618221    -89.9493 -66.9624  49.1485 -3.52417  0.392673   -1.2662 -0.505185 0.038549 0.048077 0.141315 -0.00593487    -1.55369    0.135484 -0.000222502  0.000231865 -3.20181e-05 -0.0417567  0.0572984  0.0289213  0.362144 -0.274236  -9.79848 
               181.1   2.8039 0.183354 -89.8888 -66.9652  49.0034 -3.51765  0.392673   -1.2662 -0.505185 0.038549 0.048077 0.141315 -0.0498725   -1.44275   0.139886 -0.000221173  0.000232421 -3.33204e-05 -0.0416485  0.0572845  0.0290083   0.36213 -0.274135  -9.79848 
               181.2  2.71345 0.237693 -90.1508 -66.9663  48.8673  -3.5093  0.392673   -1.2662 -0.505185 0.038549 0.048077 0.141315 -0.115091  -1.42386  0.173961 -0.000218866  0.000233801 -3.03333e-05 -0.0415972  0.0571324  0.0291463 0.362253 -0.27405 -9.79848 
               181.3   2.76199 -0.300298  -90.8993 -66.9744  48.7295 -3.50902  0.392673   -1.2662 -0.505185 0.038549 0.048077 0.141315 -0.0543197   -1.56466  0.0568383 -0.000221323  0.000241784 -2.24896e-05 -0.0413732  0.0571016  0.0292516  0.362227 -0.273843  -9.79848 
               181.4    2.78589 -0.0383519   -91.4544 -66.9767  48.5779 -3.50545  0.392673   -1.2662 -0.505185 0.038549 0.048077 0.141315 -0.0587501   -1.55686    0.12283 -0.000220804  0.000234166 -2.43817e-05 -0.0413109  0.0570425  0.0293408  0.362264 -0.273772  -9.79848 
               181.5    2.78589 -0.0196011   -91.7047 -66.9813  48.4312 -3.49822  0.392673   -1.2662 -0.505185 0.038549 0.048077 0.141315 -0.055896  -1.58573  0.156192 -0.000220406   0.00023577 -2.77296e-05 -0.0411038  0.0570033  0.0294244   0.36225 -0.273578  -9.79849 
               181.6    2.77308 -0.0392471   -91.7817 -66.9893  48.2804 -3.48728  0.392673   -1.2662 -0.505185 0.038549 0.048077 0.141315 -0.0850633   -1.60566   0.171429 -0.000218183  0.000237529 -3.26075e-05 -0.0409443  0.0570177  0.0294997    0.3622 -0.273439   -9.7985 
               181.7    2.75053 -0.0257862   -91.8172 -66.9926  48.1269 -3.48101  0.392673   -1.2662 -0.505185 0.038549 0.048077 0.141315 -0.0765786    -1.5528   0.204657 -0.000217688  0.000237486 -3.36576e-05 -0.0408271  0.0569241   0.029645  0.362255 -0.273311   -9.7985 
               181.8   2.70073 0.0691642  -91.7512 -66.9929   47.977 -3.46666  0.392673   -1.2662 -0.505185 0.038549 0.048077 0.141315 -0.110507    -1.625  0.208856 -0.000216533  0.000242412 -3.71458e-05 -0.040706 0.0567775 0.0297581  0.362357 -0.273168   -9.7985 
               181.9     2.66671 0.000747064    -91.5747 -66.9998  47.8247 -3.45994  0.392673   -1.2662 -0.505185 0.038549 0.048077 0.141315 -0.0477847   -1.58695   0.201148  -0.00021472  0.000241374 -3.92675e-05 -0.0405257  0.0567315  0.0299513  0.362357 -0.272994   -9.7985 
                 182  2.56946 0.242083 -91.5431 -66.9968  47.6754 -3.45369  0.392673   -1.2662 -0.505185 0.038549 0.048077 0.141315 -0.0806458   -1.55112   0.224857 -0.000214392  0.000242639  -3.9756e-05 -0.0404022  0.0565734  0.0301365  0.362469 -0.272845   -9.7985 
               182.1  2.46812 0.275814  -91.359 -66.9954  47.5282 -3.44741  0.392673   -1.2662 -0.505185 0.038549 0.048077 0.141315 -0.0935748   -1.57971   0.165791 -0.000213519  0.000241622 -4.27921e-05 -0.0402538   0.056365  0.0303378  0.362621 -0.272663   -9.7985 
               182.2  2.47507 0.131642 -91.4149 -66.9962  47.3786 -3.45297  0.392673   -1.2662 -0.505185 0.038549 0.048077 0.141315 -0.0516296     -1.585  0.0609683 -0.000214306  0.000243996 -4.05918e-05 -0.0401115  0.0562442  0.0305743  0.362695 -0.272505   -9.7985 
               182.3  2.48571 0.310701 -91.2511 -66.9967  47.2334 -3.46053  0.392673   -1.2662 -0.505185 0.038549 0.048077 0.141315 -0.0428609   -1.43393   0.108408 -0.000214287  0.000244177  -4.2943e-05 -0.0400048  0.0561655  0.0307717  0.362741 -0.272389  -9.79851 
               182.4   2.49864 0.0776324  -90.9266 -66.9919  47.0951 -3.46911  0.392673   -1.2662 -0.505185 0.038549 0.048077 0.141315 -0.0538113   -1.59747 -0.0478243  -0.00021679  0.000248889 -4.50974e-05 -0.0398346  0.0559594   0.030918  0.362885 -0.272189  -9.79851 
               182.5    2.6233 -0.066286  -90.7938 -66.9917  46.9417 -3.48305  0.392673   -1.2662 -0.505185 0.038549 0.048077 0.141315   -0.03508   -1.56542 -0.0847131 -0.000219318  0.000241353 -4.07005e-05 -0.0397501  0.0558681  0.0309889  0.362947 -0.272092  -9.79851 
               182.6  2.62531 0.262671 -90.7589 -66.9853  46.7932 -3.49051  0.392673   -1.2662 -0.505185 0.038549 0.048077 0.141315  -0.014057   -1.49085 -0.0564028 -0.000222958   0.00024162 -3.85747e-05 -0.0396998  0.0556909   0.030988  0.363092 -0.272008   -9.7985 
               182.7  2.62946 0.292399 -90.6326 -66.9765  46.6541  -3.4909  0.392673   -1.2662 -0.505185 0.038549 0.048077 0.141315  0.0207243   -1.42703 -0.0588683 -0.000222198  0.000240438 -3.80958e-05 -0.0395967  0.0555444  0.0309093  0.363198 -0.271885   -9.7985 
               182.8  2.64827 0.121076  -90.456  -66.975  46.5151 -3.48691  0.392673   -1.2662 -0.505185 0.038549 0.048077 0.141315  -0.014798   -1.55991 -0.0853742 -0.000224824   0.00024323 -3.68511e-05 -0.0394368  0.0554943  0.0307778  0.363206 -0.271736  -9.79851 
               182.9   2.75514 0.0614391  -90.6026 -66.9736  46.3628 -3.48719  0.392673   -1.2662 -0.505185 0.038549 0.048077 0.141315  -0.0186588    -1.48587 -0.00558873 -0.000226217  0.000239708 -3.34815e-05 -0.0394388  0.0554435  0.0307237  0.363252 -0.271727   -9.7985 
                 183   2.68168 0.0711417  -90.8761 -66.9688  46.2189  -3.4849  0.392673   -1.2662 -0.505185 0.038549 0.048077 0.141315    0.02043   -1.48432 -0.0464901 -0.000226928  0.000239823 -3.22722e-05 -0.0393793   0.055331  0.0306424 0.363337 -0.27165  -9.7985 
               183.1   2.67156 -0.107175  -90.9063 -66.9676  46.0747 -3.48641  0.392673   -1.2662 -0.505185 0.038549 0.048077 0.141315  0.0177569   -1.51945 -0.0945045 -0.000226321  0.000237972 -3.41427e-05 -0.0392795  0.0553188  0.0305721  0.363325 -0.271561  -9.79851 
               183.2    2.7022 0.0194592  -90.9064 -66.9595   45.928 -3.49047  0.392673   -1.2662 -0.505185 0.038549 0.048077 0.141315  0.0726686   -1.47403 -0.0533664 -0.000229777  0.000233654 -3.36955e-05 -0.0392353  0.0552443  0.0305124   0.36338 -0.271506  -9.79851 
               183.3  2.66055 0.116245 -90.8026 -66.9499  45.7815 -3.48461  0.392673   -1.2662 -0.505185 0.038549 0.048077 0.141315  0.0789598   -1.42137 -0.0619753 -0.000230287  0.000236045 -3.52366e-05 -0.0392875  0.0551941  0.0303549  0.363437 -0.271544   -9.7985 
               183.4    2.68457 -0.0501682   -90.6141 -66.9455  45.6357 -3.48123  0.392673   -1.2662 -0.505185 0.038549 0.048077 0.141315  0.0804372   -1.46079 -0.0738923 -0.000232648  0.000239568 -3.61098e-05 -0.0393027  0.0552564  0.0301925  0.363385 -0.271575   -9.7985 
               183.5    2.65637 -0.0879424   -90.5678  -66.939  45.4893 -3.47741  0.392673   -1.2662 -0.505185 0.038549 0.048077 0.141315  0.0952746   -1.43736 -0.0194381 -0.000234473  0.000235254 -3.41122e-05 -0.039308 0.0552837  0.030062  0.363363 -0.271589   -9.7985 
               183.6  2.65005 0.077471 -90.4299 -66.9342  45.3416 -3.46926  0.392673   -1.2662 -0.505185 0.038549 0.048077 0.141315   0.0354029    -1.52195 -0.00331144 -0.000236194  0.000237421 -3.48364e-05 -0.039341 0.0553132  0.029964  0.363344 -0.271627   -9.7985 
               183.7    2.66396 -0.0512572   -90.4258 -66.9357  45.1873 -3.45938  0.392673   -1.2662 -0.505185 0.038549 0.048077 0.141315 0.0271912  -1.49784 0.0913746 -0.000235264  0.000236695 -3.37956e-05 -0.039356 0.0553743 0.0298734  0.363294 -0.271656  -9.79851 
               183.8  2.72606  0.16334 -90.4591 -66.9351  45.0347 -3.44284  0.392673   -1.2662 -0.505185 0.038549 0.048077 0.141315 -0.00202446    -1.49348    0.164091 -0.000235825  0.000240257 -3.48492e-05 -0.0393928  0.0553796  0.0297913  0.363298 -0.271691   -9.7985 
               183.9  2.75092 0.121939 -90.4533  -66.942  44.8845 -3.42623  0.392673   -1.2662 -0.505185 0.038549 0.048077 0.141315 -0.0328584   -1.54429   0.155127 -0.000231436  0.000242605 -3.54356e-05 -0.0393813   0.055491  0.0297977  0.363197 -0.271707  -9.79851 
                 184   2.77145 -0.122162  -90.3729 -66.9491  44.7364 -3.40952  0.392673   -1.2662 -0.505185 0.038549 0.048077 0.141315 -0.0491023   -1.61787   0.163383 -0.000229761  0.000246808 -3.78134e-05 -0.0392044  0.0555283  0.0297925 0.363123 -0.27156 -9.79851 
               184.1     2.7608 -0.0615307    -90.377 -66.9561  44.5771 -3.40007  0.392673   -1.2662 -0.505185 0.038549 0.048077 0.141315 -0.0768133   -1.54911   0.203561 -0.000225389  0.000244502  -3.7953e-05 -0.039196  0.055543 0.0299229  0.363108 -0.271553  -9.79851 
               184.2   2.84672 0.0310902  -90.2966 -66.9554  44.4282 -3.38997  0.392673   -1.2662 -0.505185 0.038549 0.048077 0.141315 -0.0750558   -1.58103   0.150969 -0.000227327  0.000248607 -4.02595e-05 -0.0390899  0.0554064  0.0300388  0.363204 -0.271426  -9.79851 
               184.3   2.78983 -0.168567    -90.23 -66.9617  44.2727 -3.38248  0.392673   -1.2662 -0.505185 0.038549 0.048077 0.141315 -0.0719792   -1.59097   0.139096 -0.000222488  0.000250158 -4.08236e-05 -0.0390239  0.0553784  0.0301509  0.363213 -0.271359  -9.79852 
               184.4   2.88914 -0.117044  -90.2503 -66.9614  44.1203 -3.37909  0.392673   -1.2662 -0.505185 0.038549 0.048077 0.141315 -0.101462  -1.56397  0.164379 -0.000224783  0.000251766 -4.01241e-05 -0.0389359  0.0552431  0.0303265  0.363311 -0.271247  -9.79852 
               184.5   2.81831 -0.146671  -90.4443 -66.9622  43.9731  -3.3734  0.392673   -1.2662 -0.505185 0.038549 0.048077 0.141315 -0.0570486    -1.6029  0.0971718 -0.000222252  0.000251942 -3.66236e-05 -0.0387894  0.0550829  0.0304655  0.363418 -0.271078  -9.79852 
               184.6    2.8849 -0.221607  -90.5777 -66.9582  43.8252 -3.38036  0.392673   -1.2662 -0.505185 0.038549 0.048077 0.141315 -0.0199172   -1.55981 -0.0426975 -0.000222052  0.000251576 -3.88669e-05 -0.0386094  0.0549424   0.030637  0.363499 -0.270884  -9.79852 
               184.7   2.80152 -0.073229  -90.5381 -66.9517  43.6833 -3.39785  0.392673   -1.2662 -0.505185 0.038549 0.048077 0.141315 0.0542437  -1.46746 -0.126031 -0.000222139  0.000248273 -3.89512e-05 -0.038436  0.054846 0.0307558  0.363544 -0.270707  -9.79852 
               184.8  2.81917 0.229521 -90.4355 -66.9362  43.5451 -3.41309  0.392673   -1.2662 -0.505185 0.038549 0.048077 0.141315  0.140947  -1.33956 -0.163922 -0.000226837  0.000247614 -3.85566e-05 -0.0383957  0.0547312   0.030756  0.363635 -0.270644  -9.79852 
               184.9  2.81728 0.154798 -90.1223 -66.9181  43.4154 -3.42601  0.392673   -1.2662 -0.505185 0.038549 0.048077 0.141315  0.147387  -1.38629 -0.187093 -0.000230394  0.000247655 -3.91652e-05 -0.0383269  0.0546438  0.0306936  0.363695 -0.270565  -9.79852 
                 185   2.88135 0.0728611  -89.8705 -66.9071  43.2676 -3.43661  0.392673   -1.2662 -0.505185 0.038549 0.048077 0.141315  0.132404  -1.41556 -0.188519 -0.000235041  0.000245719 -3.73069e-05 -0.0384621  0.0547146  0.0305647  0.363665 -0.270703  -9.79852 
               185.1  2.86576 0.136412 -89.7819 -66.8969   43.124 -3.43447  0.392673   -1.2662 -0.505185 0.038549 0.048077 0.141315  0.109358  -1.39472 -0.131367  -0.00023726  0.000241447 -3.57239e-05 -0.0385276  0.0547561  0.0303386  0.363643 -0.270774  -9.79852 
               185.2    2.8844 0.0364834  -89.6526 -66.8942  42.9745 -3.43569  0.392673   -1.2662 -0.505185 0.038549 0.048077 0.141315   0.09819  -1.44971 -0.119791 -0.000238511  0.000244617  -3.4876e-05 -0.038634 0.0549039 0.0301646  0.363538 -0.270906  -9.79852 
               185.3    2.94939 -0.0232521   -89.7135 -66.8904  42.8258  -3.4282  0.392673   -1.2662 -0.505185 0.038549 0.048077 0.141315   0.109739   -1.42103 -0.0940141 -0.000239442  0.000242522 -3.21686e-05 -0.0387006  0.0550124  0.0299166  0.363458 -0.270995  -9.79852 
               185.4   2.96437 0.0694292   -89.667 -66.8821  42.6805 -3.42004  0.392673   -1.2662 -0.505185 0.038549 0.048077 0.141315   0.116262    -1.4153 -0.0588385 -0.000237746  0.000241772 -3.35516e-05 -0.0387849  0.0550712  0.0297265  0.363426 -0.271086  -9.79852 
               185.5   2.92246 -0.344156  -89.5229 -66.8783  42.5324 -3.41162  0.392673   -1.2662 -0.505185 0.038549 0.048077 0.141315  0.0916028   -1.44505 -0.0453355 -0.000234823  0.000245834 -3.47119e-05 -0.0388123  0.0551629  0.0295141  0.363352 -0.271137  -9.79852 
               185.6  2.96716 -0.22586 -89.4877 -66.8772  42.3819 -3.40126  0.392673   -1.2662 -0.505185 0.038549 0.048077 0.141315   0.039636   -1.48796 -0.0407396 -0.000234941  0.000241802 -3.20048e-05 -0.0388749   0.055278  0.0293394  0.363265 -0.271222  -9.79852 
               185.7   2.94572 -0.263912  -89.4115 -66.8776  42.2298  -3.3946  0.392673   -1.2662 -0.505185 0.038549 0.048077 0.141315  0.0607004   -1.50378 -0.0465236 -0.000233319  0.000238735 -3.22688e-05 -0.0389328  0.0553827  0.0291981  0.363187 -0.271301  -9.79852 
               185.8   2.87331 -0.401031  -89.2835 -66.8762   42.079 -3.39008  0.392673   -1.2662 -0.505185 0.038549 0.048077 0.141315  0.0348136   -1.52403 -0.0795933 -0.000231717  0.000241507 -3.16386e-05 -0.0389234  0.0554275  0.0290853  0.363145 -0.271306  -9.79852 
               185.9   2.85054 -0.413018  -89.3281 -66.8738  41.9252 -3.39649  0.392673   -1.2662 -0.505185 0.038549 0.048077 0.141315 0.0364199  -1.49265 -0.139053 -0.000232467   0.00023747 -3.04816e-05 -0.0389379   0.055453  0.0290042  0.363126 -0.271326  -9.79852 
                 186    2.80535 -0.0136411   -89.5982 -66.8762  41.7792 -3.39802  0.392673   -1.2662 -0.505185 0.038549 0.048077 0.141315 0.0414639  -1.46891 -0.126642 -0.000233445  0.000233614  -2.3076e-05 -0.0389294  0.0555689  0.0288465  0.363023 -0.271349  -9.79852 
               186.1    2.83232 -0.0817329   -89.8056 -66.8696  41.6342 -3.39051  0.392673   -1.2662 -0.505185 0.038549 0.048077 0.141315 0.0993116  -1.48087 -0.101125 -0.000235189  0.000233506 -2.34931e-05 -0.0388931  0.0555584  0.0286115 0.363022 -0.27132 -9.79852 
               186.2   2.80735 -0.109286  -89.7866 -66.8606  41.4852 -3.38623  0.392673   -1.2662 -0.505185 0.038549 0.048077 0.141315  0.125344  -1.44214 -0.127261 -0.000234946  0.000234277 -2.58387e-05 -0.0389192  0.0555625  0.0284162  0.363024 -0.271347  -9.79852 
               186.3   2.81179 -0.106613  -89.8168 -66.8516  41.3447 -3.38108  0.392673   -1.2662 -0.505185 0.038549 0.048077 0.141315  0.144854  -1.44335 -0.108816  -0.00023671   0.00023332 -2.66812e-05 -0.0388826  0.0556106  0.0281949 0.362973 -0.27133 -9.79853 
               186.4   2.79838 -0.177611  -89.6638 -66.8477  41.1895 -3.37464  0.392673   -1.2662 -0.505185 0.038549 0.048077 0.141315  0.0881907   -1.43778 -0.0495552 -0.000237594  0.000231506 -2.77863e-05 -0.0390258  0.0557487  0.0280033  0.362886 -0.271492  -9.79852 
               186.5   2.83536 -0.258801  -89.5882 -66.8428  41.0447 -3.36568  0.392673   -1.2662 -0.505185 0.038549 0.048077 0.141315  0.0852853   -1.49588 -0.0500166 -0.000240217  0.000232525 -2.62752e-05 -0.0389845  0.0558094  0.0278085  0.362823 -0.271474  -9.79853 
               186.6    2.79447 -0.0155582   -89.5562 -66.8393  40.8934 -3.35929  0.392673   -1.2662 -0.505185 0.038549 0.048077 0.141315  0.0703287   -1.44306 -0.0205138 -0.000240749  0.000230563 -2.59298e-05 -0.0390504  0.0558772  0.0276946 0.362779 -0.27155 -9.79853 
               186.7    2.77044 -0.0650057   -89.4159 -66.8381  40.7438 -3.34795  0.392673   -1.2662 -0.505185 0.038549 0.048077 0.141315 0.0472014  -1.50065 -0.030136 -0.000238917  0.000229768 -2.84559e-05 -0.039085 0.0559543 0.0275067   0.36272 -0.271602  -9.79853 
               186.8    2.72939 0.00476225   -89.4229 -66.8354  40.5905 -3.34483  0.392673   -1.2662 -0.505185 0.038549 0.048077 0.141315  0.0819314   -1.46746 -0.0260935 -0.000236204  0.000231476 -2.76093e-05 -0.0391497  0.0560101  0.0274206  0.362686 -0.271674  -9.79853 
               186.9  2.72849 0.121315 -89.4579 -66.8315   40.449 -3.32928  0.392673   -1.2662 -0.505185 0.038549 0.048077 0.141315 0.0670648  -1.43718 0.0651245 -0.000236246  0.000229105 -2.64915e-05 -0.0391021  0.0560652   0.027266  0.362627 -0.271648  -9.79853 
                 187    2.78653 -0.0523977   -89.4088 -66.8278  40.3004 -3.31623  0.392673   -1.2662 -0.505185 0.038549 0.048077 0.141315 0.0538531   -1.5245 0.0818474 -0.000237299  0.000232776 -2.90841e-05 -0.0391053  0.0561027  0.0271875  0.362595 -0.271662  -9.79853 
               187.1   2.80849 -0.112117  -89.3879 -66.8238  40.1488 -3.30323  0.392673   -1.2662 -0.505185 0.038549 0.048077 0.141315 0.0378003  -1.52816  0.128102 -0.000238878  0.000230922 -3.04683e-05 -0.0390713  0.0561209  0.0271543  0.362571 -0.271637  -9.79853 
               187.2   2.78311 0.0820523  -89.2787 -66.8243   39.998 -3.29035  0.392673   -1.2662 -0.505185 0.038549 0.048077 0.141315 0.0361219  -1.51547  0.180206 -0.000236855  0.000234078 -3.22357e-05 -0.0390321  0.0561749  0.0271864  0.362514 -0.271615  -9.79854 
               187.3   2.7703 0.063835 -89.2477 -66.8223  39.8507 -3.27907  0.392673   -1.2662 -0.505185 0.038549 0.048077 0.141315 0.0201114  -1.52165  0.187921 -0.000232397  0.000236944 -3.59924e-05 -0.0389598   0.056171  0.0272619   0.3625 -0.27155 -9.79854 
               187.4   2.79113 0.0583466  -89.2687 -66.8182  39.6947 -3.27488  0.392673   -1.2662 -0.505185 0.038549 0.048077 0.141315 0.0358803  -1.52791  0.113227 -0.000229154  0.000239305 -3.58296e-05 -0.0390012  0.0561603  0.0273888   0.36252 -0.271581  -9.79854 
               187.5  2.71699 0.139293 -89.4834 -66.8165  39.5493 -3.26468  0.392673   -1.2662 -0.505185 0.038549 0.048077 0.141315 0.0509419  -1.47687  0.106767 -0.000225769  0.000239344 -3.29321e-05 -0.0389488  0.0561839  0.0274355 0.362487 -0.27154 -9.79854 
               187.6     2.7296 -0.0561991   -89.7289 -66.8076  39.4011 -3.26429  0.392673   -1.2662 -0.505185 0.038549 0.048077 0.141315  0.107208  -1.50421 0.0977485 -0.000225202   0.00024158 -3.25019e-05 -0.0389269  0.0561763  0.0275645  0.362488 -0.271516  -9.79854 
               187.7   2.71407 -0.150643  -89.7245 -66.7993  39.2521 -3.26605  0.392673   -1.2662 -0.505185 0.038549 0.048077 0.141315  0.109899  -1.51521 0.0195541 -0.000225556   0.00024241 -3.61048e-05 -0.0388759  0.0562034  0.0276557  0.362452 -0.271476  -9.79854 
               187.8  2.70372 0.027144 -89.6949 -66.7896  39.1028 -3.27186  0.392673   -1.2662 -0.505185 0.038549 0.048077 0.141315    0.114504    -1.41489 -0.00378549 -0.000225768  0.000240864 -3.66449e-05 -0.0388924  0.0562639  0.0277345  0.362404 -0.271504  -9.79854 
               187.9   2.62187 0.0178641  -89.5221 -66.7842  38.9611 -3.27023  0.392673   -1.2662 -0.505185 0.038549 0.048077 0.141315  0.0928065    -1.4866 0.00286416 -0.000227365   0.00024171 -3.83902e-05 -0.0388577  0.0563713  0.0277344  0.362302 -0.271499  -9.79855 
                 188    2.61119 -0.0738383   -89.3679 -66.7818  38.8119  -3.2795  0.392673   -1.2662 -0.505185 0.038549 0.048077 0.141315  0.0744627   -1.44337 -0.0115926 -0.000228898  0.000239775 -3.72038e-05 -0.0388619  0.0564709  0.0278471  0.362217 -0.271524  -9.79855 
               188.1    2.62161 -0.0898033    -89.383 -66.7793  38.6711 -3.27445  0.392673   -1.2662 -0.505185 0.038549 0.048077 0.141315 0.0558773  -1.39468 0.0386752 -0.000230396   0.00024013 -3.61443e-05 -0.0388131   0.056561  0.0277826  0.362127 -0.271505  -9.79855 
               188.2    2.5708 -0.130841  -89.2175 -66.7804  38.5273 -3.26921  0.392673   -1.2662 -0.505185 0.038549 0.048077 0.141315 0.0361532  -1.44772 0.0149473 -0.000230195  0.000242429 -3.80625e-05 -0.0388178  0.0566685  0.0277401  0.362034 -0.271535  -9.79856 
               188.3   2.59919 -0.362118  -89.2476 -66.7803   38.379  -3.2668  0.392673   -1.2662 -0.505185 0.038549 0.048077 0.141315  0.0432747   -1.45922 -0.0559738 -0.000231597  0.000238681 -3.57134e-05 -0.0388593  0.0567305  0.0276988   0.36199 -0.271587  -9.79856 
               188.4   2.60271 -0.203261  -89.2236 -66.7792  38.2334 -3.26733  0.392673   -1.2662 -0.505185 0.038549 0.048077 0.141315 0.0279658  -1.41156 0.0296051 -0.000232784  0.000236969 -3.51704e-05 -0.038893 0.0567828 0.0276941  0.361953 -0.271629  -9.79856 
               188.5    2.6484 -0.304026  -89.2172 -66.7748  38.0929 -3.25726  0.392673   -1.2662 -0.505185 0.038549 0.048077 0.141315 0.012112 -1.49808 0.063321 -0.000235328  0.000239349 -3.46685e-05 -0.0388402  0.0567552  0.0276109  0.361964 -0.271578  -9.79856 
               188.6   2.67277 -0.269341   -89.123 -66.7729   37.934 -3.24724  0.392673   -1.2662 -0.505185 0.038549 0.048077 0.141315 0.0118256  -1.52472 0.0725994 -0.000233639  0.000239716 -3.48043e-05 -0.038966 0.0567529 0.0275701  0.361997 -0.271687  -9.79855 
               188.7  2.68504 -0.15432 -89.0681 -66.7681  37.7775 -3.23632  0.392673   -1.2662 -0.505185 0.038549 0.048077 0.141315 0.00192146   -1.50976   0.121316  -0.00023239  0.000240587 -3.67517e-05 -0.0390636  0.0567002  0.0275494 0.362066 -0.27176 -9.79855 
               188.8   2.67409 -0.183166  -88.9986  -66.765  37.6209 -3.22069  0.392673   -1.2662 -0.505185 0.038549 0.048077 0.141315 0.00249761   -1.53015   0.165101 -0.000228477  0.000244568 -3.87023e-05 -0.0391311  0.0566598  0.0275365  0.362117 -0.271809  -9.79854 
               188.9    2.6615 -0.361648  -89.0335 -66.7643  37.4706   -3.209  0.392673   -1.2662 -0.505185 0.038549 0.048077 0.141315 0.0209376  -1.57922  0.102209 -0.000225026  0.000245092 -3.94884e-05 -0.0390555  0.0566403  0.0275466  0.362116 -0.271738  -9.79855 
                 189   2.68952 -0.191582  -89.1642 -66.7598  37.3181 -3.20633  0.392673   -1.2662 -0.505185 0.038549 0.048077 0.141315 0.00233602   -1.49458   0.131216  -0.00022408  0.000244052 -3.72779e-05 -0.0390424  0.0565788  0.0276788 0.362166 -0.27171 -9.79855 
               189.1   2.63461 -0.212145  -89.4865 -66.7522  37.1687 -3.19959  0.392673   -1.2662 -0.505185 0.038549 0.048077 0.141315 0.0580715  -1.54001   0.10819 -0.000222852  0.000244762 -3.68948e-05 -0.0390227  0.0564854  0.0277414  0.362242 -0.271669  -9.79854 
               189.2   2.70769 -0.229875  -89.4477 -66.7448  37.0188 -3.20009  0.392673   -1.2662 -0.505185 0.038549 0.048077 0.141315 0.0693369  -1.52516 0.0659709 -0.000222807  0.000245355 -3.78665e-05 -0.0389643  0.0564727  0.0278625  0.362239 -0.271613  -9.79855 
               189.3   2.64809 -0.222055  -89.4803 -66.7359  36.8686 -3.20459  0.392673   -1.2662 -0.505185 0.038549 0.048077 0.141315  0.0975962   -1.51378 -0.0206195 -0.000223026  0.000244254 -3.76148e-05 -0.0389404  0.0564523  0.0279408  0.362251 -0.271586  -9.79855 
               189.4    2.63215 -0.0467611   -89.3328 -66.7278   36.721 -3.21017  0.392673   -1.2662 -0.505185 0.038549 0.048077 0.141315 0.0832055  -1.43229 0.0357469 -0.000223961  0.000241365 -3.88388e-05 -0.0389281  0.0564772  0.0280064 0.362227 -0.27158 -9.79855 
               189.5   2.62644 -0.171548  -89.2039 -66.7263  36.5771  -3.2075  0.392673   -1.2662 -0.505185 0.038549 0.048077 0.141315 0.0504917   -1.5196 0.0114504 -0.000226021  0.000243651 -3.89919e-05 -0.0388511  0.0565499  0.0279853  0.362145 -0.271531  -9.79855 
               189.6   2.71493 0.0559663   -89.213 -66.7219   36.421 -3.20825  0.392673   -1.2662 -0.505185 0.038549 0.048077 0.141315   0.0976422    -1.43381 -0.00817246    -0.000226  0.000239743 -3.76571e-05 -0.0389632  0.0566055  0.0279876  0.362124 -0.271642  -9.79855 
               189.7  2.68355 0.132284  -89.077 -66.7115  36.2794  -3.2085  0.392673   -1.2662 -0.505185 0.038549 0.048077 0.141315  0.0819335    -1.4389 -0.0703596 -0.000228763  0.000239913 -3.97052e-05 -0.0389537  0.0565559  0.0279435  0.362165 -0.271623  -9.79855 
               189.8   2.70121 0.0941269  -89.0501 -66.7068  36.1324 -3.21743  0.392673   -1.2662 -0.505185 0.038549 0.048077 0.141315  0.104659  -1.40886 -0.130138 -0.000228727  0.000236773 -3.56965e-05 -0.0390133  0.0566377  0.0279324  0.362108 -0.271694  -9.79855 
               189.9   2.77058 0.0654449  -89.0684 -66.6961  35.9927 -3.22136  0.392673   -1.2662 -0.505185 0.038549 0.048077 0.141315   0.145312   -1.35259 -0.0718551 -0.000231751  0.000234259 -3.39993e-05 -0.0390321  0.0566611  0.0278261  0.362092 -0.271718  -9.79855 
                 190    2.74492 0.00477711   -89.0409 -66.6871  35.8501 -3.21739  0.392673   -1.2662 -0.505185 0.038549 0.048077 0.141315     0.10305    -1.41835 -0.00828711  -0.00023117  0.000236794 -3.19089e-05 -0.0391023  0.0567354  0.0277019  0.362045 -0.271799  -9.79855 
               190.1     2.787 -0.293669  -88.9302 -66.6818  35.6992 -3.20877  0.392673   -1.2662 -0.505185 0.038549 0.048077 0.141315 0.0886814  -1.46367 0.0163819 -0.000233785  0.000236249 -3.19047e-05 -0.0391799  0.0568004  0.0275854  0.362007 -0.271884  -9.79855 
               190.2   2.79915 -0.268664  -88.9165 -66.6768   35.552 -3.20117  0.392673   -1.2662 -0.505185 0.038549 0.048077 0.141315 0.0563951  -1.47007 0.0555686  -0.00023361  0.000236572 -3.24402e-05 -0.0391943  0.0568499  0.0275233 0.361968 -0.27191 -9.79855 
               190.3   2.78372 -0.295998  -88.8484  -66.673  35.4069 -3.18585  0.392673   -1.2662 -0.505185 0.038549 0.048077 0.141315  0.051617  -1.48579 0.0916942 -0.000233966   0.00023568 -3.45279e-05 -0.0391671  0.0568743  0.0274403   0.36194 -0.271894  -9.79855 
               190.4   2.78148 -0.425432  -88.7677 -66.6691  35.2565 -3.17554  0.392673   -1.2662 -0.505185 0.038549 0.048077 0.141315  0.0212235   -1.51583 0.00821554 -0.000232608  0.000237133 -3.71025e-05 -0.0391636  0.0568767  0.0273956  0.361937 -0.271892  -9.79855 
               190.5   2.83105 -0.384314    -88.89 -66.6703  35.1091 -3.16603  0.392673   -1.2662 -0.505185 0.038549 0.048077 0.141315 0.0210506  -1.46227 0.0530114 -0.000233377  0.000234848 -3.44753e-05 -0.0391267  0.0569392  0.0273183  0.361874 -0.271877  -9.79855 
               190.6   2.73805 -0.209951   -89.187 -66.6658  34.9582 -3.15942  0.392673   -1.2662 -0.505185 0.038549 0.048077 0.141315 0.0510668  -1.47223   0.02754  -0.00023049  0.000233876 -2.95271e-05 -0.0392054  0.0569301  0.0273025  0.361901 -0.271943  -9.79855 
               190.7  2.75856 -0.39398 -89.2795 -66.6627  34.8082 -3.15344  0.392673   -1.2662 -0.505185 0.038549 0.048077 0.141315 0.0541495  -1.55339 0.0796015  -0.00022897  0.000234725 -3.19445e-05 -0.0391919  0.0569548  0.0272862  0.361877 -0.271938  -9.79855 
               190.8    2.8081 -0.287675  -89.2954 -66.6587   34.652   -3.142  0.392673   -1.2662 -0.505185 0.038549 0.048077 0.141315 0.0456518  -1.52172  0.113899 -0.000227166  0.000232809 -3.17907e-05 -0.0391995   0.056967  0.0272741  0.361868 -0.271948  -9.79855 
               190.9  2.80521 -0.18097 -89.1967 -66.6587  34.4992 -3.12885  0.392673   -1.2662 -0.505185 0.038549 0.048077 0.141315 0.00666584   -1.57106   0.135401  -0.00022779  0.000233463 -3.51701e-05 -0.0391986   0.057015  0.0272754  0.361826 -0.271958  -9.79855 
                 191   2.74477 -0.238629   -89.061 -66.6599  34.3422 -3.11858  0.392673   -1.2662 -0.505185 0.038549 0.048077 0.141315 -0.0123819   -1.59611   0.145745 -0.000223245  0.000234609 -3.63086e-05 -0.0391699  0.0570284  0.0273479  0.361808 -0.271936  -9.79855 
               191.1    2.80428 -0.0810061   -89.0093 -66.6558  34.1846 -3.11072  0.392673   -1.2662 -0.505185 0.038549 0.048077 0.141315 -0.00738836    -1.61264    0.113984 -0.000225317  0.000233975 -3.77751e-05 -0.0391265  0.0569427  0.0274019  0.361872 -0.271877  -9.79855 
               191.2  2.76193 0.431898 -88.9004 -66.6561  34.0299  -3.1133  0.392673   -1.2662 -0.505185 0.038549 0.048077 0.141315 -0.0566697   -1.53276  0.0872009 -0.000224012  0.000230461 -3.78295e-05   -0.0391 0.0569251 0.0275975  0.361881 -0.271846  -9.79855 
               191.3  2.70779 0.367112 -88.8048 -66.6557  33.8856 -3.11192  0.392673   -1.2662 -0.505185 0.038549 0.048077 0.141315 -0.00663416    -1.50419   0.0926538 -0.000222224  0.000229505 -3.95709e-05 -0.0390101  0.0568552  0.0276809  0.36192 -0.27175 -9.79855 
               191.4  2.73785 0.385838 -88.8311 -66.6506  33.7423 -3.11336  0.392673   -1.2662 -0.505185 0.038549 0.048077 0.141315 0.0246967  -1.45659 0.0919615 -0.000219793  0.000227701 -3.72518e-05 -0.0389322  0.0567638   0.027808   0.36198 -0.271659  -9.79855 
               191.5  2.73961 0.242898 -88.8771 -66.6402  33.6005 -3.10641  0.392673   -1.2662 -0.505185 0.038549 0.048077 0.141315 0.0417056  -1.47584  0.057687 -0.000220654  0.000229171 -3.73646e-05 -0.0388975  0.0566439  0.0278244  0.362075 -0.271599  -9.79855 
               191.6   2.73899 -0.145133  -88.7741 -66.6287  33.4528 -3.10372  0.392673   -1.2662 -0.505185 0.038549 0.048077 0.141315 0.0509204   -1.5355 0.0737406 -0.000220473  0.000232849 -3.62824e-05 -0.0388745  0.0565187   0.027869  0.362177 -0.271548  -9.79855 
               191.7   2.81066 -0.193166  -88.7928 -66.6167  33.3037 -3.09606  0.392673   -1.2662 -0.505185 0.038549 0.048077 0.141315 0.0359232  -1.49888  0.115294 -0.000226384  0.000228103 -3.57816e-05 -0.0388363  0.0564094  0.0278701  0.362262 -0.271489  -9.79855 
               191.8    2.83311 -0.0574673   -88.6928 -66.6094  33.1642 -3.09148  0.392673   -1.2662 -0.505185 0.038549 0.048077 0.141315 0.0609733  -1.45899  0.113695 -0.000226095  0.000231036 -3.69015e-05 -0.0386979  0.0563817  0.0279606  0.362252 -0.271361  -9.79855 
               191.9   2.79472 -0.193192  -88.6246 -66.6032  33.0198 -3.08665  0.392673   -1.2662 -0.505185 0.038549 0.048077 0.141315 0.0435066  -1.50484 0.0471109 -0.000224442  0.000230832 -3.93656e-05 -0.0386616    0.05636  0.0280118  0.362262 -0.271324  -9.79855 
                 192   2.86149 -0.170875  -88.7544 -66.5955  32.8672 -3.08887  0.392673   -1.2662 -0.505185 0.038549 0.048077 0.141315 0.0568504   -1.4319 0.0546898 -0.000223519  0.000230108 -3.58136e-05 -0.0387159  0.0563278  0.0281031 0.362303 -0.27136 -9.79855 
               192.1    2.77375 -0.0372388   -89.1161 -66.5912  32.7254 -3.08551  0.392673   -1.2662 -0.505185 0.038549 0.048077 0.141315 0.0432892  -1.45988 0.0631818 -0.000225655  0.000227887 -3.16408e-05 -0.0386957  0.0563316  0.0281419  0.362295 -0.271343  -9.79855 
               192.2   2.9144 -0.16075 -89.3143 -66.5883  32.5776 -3.08183  0.392673   -1.2662 -0.505185 0.038549 0.048077 0.141315 0.000791933     -1.4613   0.0143191 -0.000225521  0.000227888 -2.98193e-05 -0.0387015  0.0563609  0.0281579  0.362271 -0.271355  -9.79855 
               192.3    2.95897 -0.0759687   -89.4593 -66.5835  32.4343 -3.07353  0.392673   -1.2662 -0.505185 0.038549 0.048077 0.141315  0.0829356   -1.49039 -0.0120956 -0.000222959  0.000226293 -3.18691e-05 -0.0386697  0.0563728  0.0280962  0.362253 -0.271332  -9.79855 
               192.4    2.86127 -0.0557383   -89.4711 -66.5781  32.2874 -3.07492  0.392673   -1.2662 -0.505185 0.038549 0.048077 0.141315 0.0892728  -1.39204 0.0824274 -0.000218574  0.000224833 -3.24251e-05 -0.0386783  0.0564065  0.0281544  0.362226 -0.271346  -9.79855 
               192.5      2.91 -0.105121  -89.2756 -66.5749  32.1415 -3.06725  0.392673   -1.2662 -0.505185 0.038549 0.048077 0.141315 0.0573217  -1.49779 0.0500311 -0.000218676  0.000226603 -3.51744e-05 -0.0386957  0.0564697  0.0281286  0.362176 -0.271377  -9.79855 
               192.6   2.90412 -0.108332  -89.2416 -66.5678  31.9921   -3.066  0.392673   -1.2662 -0.505185 0.038549 0.048077 0.141315 0.0866897  -1.44425 0.0574398 -0.000216769  0.000225183 -3.39316e-05 -0.0387216  0.0564744  0.0281843  0.362179 -0.271399  -9.79855 
               192.7   2.90507 -0.130499  -89.1256 -66.5589   31.848 -3.05931  0.392673   -1.2662 -0.505185 0.038549 0.048077 0.141315 0.0373852  -1.46893 0.0936136 -0.000217748  0.000227209 -3.66931e-05 -0.0387175  0.0564502  0.0281977 0.362198 -0.27139 -9.79855 
               192.8   2.9014 -0.24067 -89.0485 -66.5548  31.6967 -3.05407  0.392673   -1.2662 -0.505185 0.038549 0.048077 0.141315 0.0357207  -1.49049  0.114917 -0.000218857  0.000229638 -3.52444e-05 -0.0387449  0.0564518  0.0282538  0.362204 -0.271412  -9.79855 
               192.9   2.94049 -0.294401  -89.0733 -66.5524  31.5444 -3.04087  0.392673   -1.2662 -0.505185 0.038549 0.048077 0.141315 0.0150988  -1.54432 0.0873238  -0.00021936  0.000227005 -3.57542e-05 -0.0387489  0.0564649  0.0282222 0.362193 -0.27142 -9.79855 
                 193     2.8872 -0.0868847   -89.0684 -66.5475  31.3925 -3.03544  0.392673   -1.2662 -0.505185 0.038549 0.048077 0.141315   0.02791  -1.46803 0.0764065 -0.000216375  0.000225398 -3.65072e-05 -0.0387906  0.0564294  0.0283044  0.362234 -0.271445  -9.79855 
               193.1  2.87582 -0.38934 -88.9256  -66.546  31.2511 -3.03353  0.392673   -1.2662 -0.505185 0.038549 0.048077 0.141315  0.0349996   -1.50497 0.00693761 -0.000218707  0.000227768 -4.07906e-05 -0.0386716  0.0564374  0.0283356  0.362199 -0.271345  -9.79855 
               193.2  2.84866 -0.34463 -88.8625 -66.5403  31.0984 -3.04302  0.392673   -1.2662 -0.505185 0.038549 0.048077 0.141315  0.0539729   -1.47119 -0.0132322 -0.000217426  0.000224618  -3.8339e-05 -0.0387185   0.056436  0.0284535  0.362212 -0.271382  -9.79855 
               193.3   2.83497 -0.198849  -88.7655 -66.5301  30.9537 -3.04585  0.392673   -1.2662 -0.505185 0.038549 0.048077 0.141315  0.0879365   -1.46083 -0.0447744 -0.000221301  0.000221981 -3.86079e-05 -0.038706 0.0563733  0.028463  0.362263 -0.271356  -9.79855 
               193.4     2.758 -0.220429  -88.6734 -66.5189   30.804  -3.0528  0.392673   -1.2662 -0.505185 0.038549 0.048077 0.141315   0.053644    -1.5389 -0.0515685 -0.000220082    0.0002243 -3.58957e-05 -0.038722 0.0562887 0.0284936  0.362339 -0.271349  -9.79855 
               193.5   2.82658 -0.151859  -88.7793 -66.5136  30.6439 -3.05152  0.392673   -1.2662 -0.505185 0.038549 0.048077 0.141315  0.0529626   -1.56542 -0.0374431 -0.000224614  0.000222869 -3.31479e-05   -0.0388 0.0562825 0.0284199  0.362363 -0.271416  -9.79855 
               193.6   2.8348 0.209088 -88.8952 -66.5104  30.4906 -3.04874  0.392673   -1.2662 -0.505185 0.038549 0.048077 0.141315 0.0608579  -1.49065 0.0395293 -0.000224585  0.000220695 -3.20277e-05 -0.0388088  0.0562824  0.0283889  0.362365 -0.271424  -9.79855 
               193.7   2.77311 0.0576281  -89.2146 -66.5011  30.3437 -3.04099  0.392673   -1.2662 -0.505185 0.038549 0.048077 0.141315 0.0595311  -1.53431 0.0104101 -0.000222639  0.000228778 -3.00066e-05 -0.0387563  0.0562193  0.0283096  0.362406 -0.271365  -9.79855 
               193.8    2.85621 -0.0451564   -89.1098 -66.4905  30.1894 -3.03608  0.392673   -1.2662 -0.505185 0.038549 0.048077 0.141315  0.114115  -1.52023 0.0452205 -0.000223187  0.000231336 -3.53179e-05 -0.0387734  0.0561801  0.0282653  0.362444 -0.271371  -9.79854 
               193.9    2.8272 0.0873366  -89.1627  -66.481  30.0444 -3.02375  0.392673   -1.2662 -0.505185 0.038549 0.048077 0.141315 0.117765 -1.51496 0.027544 -0.000220711   0.00023203 -3.44486e-05 -0.0387003  0.0561743  0.0281779  0.362431 -0.271309  -9.79855 
                 194     2.87285 -0.00121979    -88.9743 -66.4725  29.9019 -3.01869  0.392673   -1.2662 -0.505185 0.038549 0.048077 0.141315  0.100115  -1.46412 0.0347108 -0.000220394  0.000229555 -3.77288e-05 -0.0385934  0.0562048  0.0281736  0.362379 -0.271225  -9.79855 
               194.1  2.85899 -0.20394 -88.8784 -66.4676  29.7494   -3.014  0.392673   -1.2662 -0.505185 0.038549 0.048077 0.141315  0.110028  -1.52124 0.0064703 -0.000220065  0.000235459 -3.72581e-05 -0.038621 0.0563122 0.0281191  0.362294 -0.271275  -9.79855 
               194.2    2.81984 0.00171943   -88.8181 -66.4582  29.6008 -3.01037  0.392673   -1.2662 -0.505185 0.038549 0.048077 0.141315 0.102368 -1.45362 0.108032 -0.000220385  0.000231056 -3.60836e-05 -0.0386141  0.0563376  0.0281398   0.36227 -0.271275  -9.79855 
               194.3   2.83672 -0.131924  -88.6872  -66.454  29.4587 -2.99827  0.392673   -1.2662 -0.505185 0.038549 0.048077 0.141315 0.0501688  -1.53115 0.0911474 -0.000222096  0.000233393 -3.77949e-05 -0.0384945  0.0563771  0.0280993  0.362208 -0.271183  -9.79856 
               194.4    2.83895 -0.0991056   -88.6873 -66.4519  29.3067 -2.98733  0.392673   -1.2662 -0.505185 0.038549 0.048077 0.141315   0.0472 -1.50279 0.140192 -0.000219917  0.000232164 -3.75466e-05 -0.0384865  0.0564234  0.0281151  0.362166 -0.271187  -9.79856 
               194.5   2.85345 -0.122073  -88.7011 -66.4501   29.161 -2.97317  0.392673   -1.2662 -0.505185 0.038549 0.048077 0.141315 0.00789006   -1.50213   0.149688 -0.000218561  0.000233296 -3.82815e-05 -0.0384251  0.0564393  0.0281323  0.362138 -0.271138  -9.79856 
               194.6   2.79537 -0.234963  -88.6568 -66.4495  29.0143 -2.96618  0.392673   -1.2662 -0.505185 0.038549 0.048077 0.141315 0.000645961    -1.54453     0.10374 -0.000215061   0.00023502 -3.83906e-05 -0.0383423  0.0564245  0.0282311  0.362131 -0.271062  -9.79856 
               194.7   2.79491 -0.354089  -88.5972 -66.4468  28.8618 -2.96777  0.392673   -1.2662 -0.505185 0.038549 0.048077 0.141315 0.0278117  -1.54626 0.0480996 -0.000213469  0.000232319 -3.96872e-05 -0.0382976  0.0564006  0.0283495  0.362141 -0.271015  -9.79857 
               194.8     2.7769 0.00344475   -88.5001 -66.4418  28.7092  -2.9712  0.392673   -1.2662 -0.505185 0.038549 0.048077 0.141315 0.0296097  -1.48534 0.0083773 -0.000212919  0.000227756 -4.00349e-05 -0.038316 0.0563457 0.0284544  0.362192 -0.271016  -9.79856 
               194.9    2.80914 -0.0693583   -88.4821  -66.437  28.5684 -2.97533  0.392673   -1.2662 -0.505185 0.038549 0.048077 0.141315    0.0138999     -1.51044 -0.000180142 -0.000214647  0.000229312 -3.88061e-05 -0.0382025  0.0563042  0.0285191    0.3622 -0.270908  -9.79857 
                 195   2.81845 -0.146111  -88.5053 -66.4292  28.4113 -2.97752  0.392673   -1.2662 -0.505185 0.038549 0.048077 0.141315 0.0369638  -1.54962 0.0366435 -0.000215016  0.000229193 -3.63334e-05 -0.0382544  0.0562024  0.0285473    0.3623 -0.270927  -9.79856 
               195.1   2.84789 0.0608969  -88.7326 -66.4262  28.2639 -2.97003  0.392673   -1.2662 -0.505185 0.038549 0.048077 0.141315 -0.00598574    -1.53528   0.0880044  -0.00021398  0.000228102 -3.24321e-05 -0.0381765  0.0561612  0.0285253  0.362316 -0.270851  -9.79856 
               195.2    2.81233 -0.0515936    -89.007 -66.4195  28.1129  -2.9583  0.392673   -1.2662 -0.505185 0.038549 0.048077 0.141315 0.0415425   -1.5592  0.125367 -0.000212686  0.000229792 -3.21241e-05 -0.0381395  0.0560607  0.0285101  0.362393 -0.270795  -9.79856 
               195.3   2.81857 -0.192682  -89.0497 -66.4142  27.9636 -2.94882  0.392673   -1.2662 -0.505185 0.038549 0.048077 0.141315 0.0679845  -1.58138 0.0793494 -0.000210546  0.000232832 -3.64375e-05 -0.0380279  0.0560279  0.0285223  0.362394 -0.270691  -9.79857 
               195.4    2.84308 -0.0453484    -89.073 -66.404 27.8136 -2.9454  0.392673   -1.2662 -0.505185 0.038549 0.048077 0.141315 0.101577 -1.47777 0.079613  -0.00021149  0.000231594 -3.70684e-05 -0.0379615  0.0559976  0.0285857  0.362404 -0.270626  -9.79857 
               195.5   2.80521 0.0127667  -88.9219 -66.3904  27.6668  -2.9409  0.392673   -1.2662 -0.505185 0.038549 0.048077 0.141315   0.105886   -1.49983 0.00758681 -0.000210847  0.000233904 -4.06925e-05 -0.0379575  0.0559483  0.0286022  0.362445 -0.270611  -9.79857 
               195.6   2.79558 -0.085558  -88.7621 -66.3778  27.5245 -2.94928  0.392673   -1.2662 -0.505185 0.038549 0.048077 0.141315 0.160611 -1.45383 0.017287 -0.000212669  0.000232043 -4.12825e-05 -0.0378559   0.055941  0.0287118 0.362427 -0.27052 -9.79857 
               195.7   2.77522 0.0782375   -88.706  -66.365  27.3793 -2.94501  0.392673   -1.2662 -0.505185 0.038549 0.048077 0.141315  0.117557  -1.46876 0.0683043  -0.00021382  0.000233323 -4.07298e-05 -0.0378328  0.0559761  0.0287124  0.362391 -0.270509  -9.79857 
               195.8   2.76814 0.0260248  -88.5173 -66.3599  27.2283 -2.93906  0.392673   -1.2662 -0.505185 0.038549 0.048077 0.141315 0.0744438  -1.48853 0.0894791  -0.00021566  0.000236554 -4.16276e-05 -0.037849 0.0560527 0.0287244   0.36233 -0.270541  -9.79857 
               195.9   2.79023 -0.124556  -88.5834 -66.3531   27.076 -2.93029  0.392673   -1.2662 -0.505185 0.038549 0.048077 0.141315 0.0493967  -1.57924 0.0895929 -0.000216237  0.000238529 -3.92924e-05 -0.0378533  0.0560586  0.0287363  0.362326 -0.270545  -9.79857 
                 196   2.79506 0.0283365  -88.5844 -66.3534  26.9207 -2.91747  0.392673   -1.2662 -0.505185 0.038549 0.048077 0.141315 0.021417 -1.51971 0.215115 -0.000213449  0.000238868 -4.13287e-05 -0.0378332  0.0561246  0.0287639  0.362265 -0.270544  -9.79857 
               196.1    2.80565 -0.0344309   -88.6026 -66.3544  26.7695 -2.90254  0.392673   -1.2662 -0.505185 0.038549 0.048077 0.141315 -0.0171403   -1.64101   0.187992 -0.000212926  0.000241861 -4.49977e-05 -0.0377445  0.0561346  0.0288271  0.362235 -0.270469  -9.79858 
               196.2   2.86682 0.0629572  -88.4586  -66.359   26.607 -2.89344  0.392673   -1.2662 -0.505185 0.038549 0.048077 0.141315 -0.026901  -1.64444  0.189071 -0.000209095  0.000239747 -4.86024e-05 -0.0376959  0.0561723  0.0289295  0.362191 -0.270435  -9.79858 
               196.3  2.81625 0.262302 -88.4374 -66.3565  26.4535 -2.88549  0.392673   -1.2662 -0.505185 0.038549 0.048077 0.141315 -0.0419441   -1.60429   0.184548 -0.000208253  0.000240709 -5.07346e-05 -0.0375873  0.0560548  0.0290935  0.362266 -0.270311  -9.79858 
               196.4  2.81464 0.212694 -88.3372 -66.3548  26.3049 -2.88469  0.392673   -1.2662 -0.505185 0.038549 0.048077 0.141315 -0.0499706   -1.57609   0.140485 -0.000205767  0.000244578 -5.22465e-05 -0.0374449  0.0559576  0.0292972  0.362314 -0.270162  -9.79858 
               196.5     2.80718 -0.00970168    -88.3113 -66.3509  26.1501 -2.88948  0.392673   -1.2662 -0.505185 0.038549 0.048077 0.141315 -0.0296047    -1.6565  0.0656809  -0.00020797  0.000245912 -5.17142e-05 -0.0373572  0.0558168  0.0295059  0.362413 -0.270048  -9.79858 
               196.6   2.8236 0.101127 -88.4832 -66.3468  25.9975 -2.89344  0.392673   -1.2662 -0.505185 0.038549 0.048077 0.141315 -0.0539393   -1.53051    0.10508 -0.000207153  0.000245641 -4.83845e-05 -0.0372689  0.0556699  0.0296875  0.362517 -0.269934  -9.79858 
               196.7    2.78919 -0.0153483   -88.8479 -66.3342  25.8593 -2.89416  0.392673   -1.2662 -0.505185 0.038549 0.048077 0.141315   0.0315342    -1.55042 -0.00401128 -0.000206693  0.000247897  -4.6096e-05 -0.0370778  0.0554179  0.0297941  0.362685 -0.269708  -9.79858 
               196.8   2.82929 -0.142598  -88.9034 -66.3214  25.7146 -2.91117  0.392673   -1.2662 -0.505185 0.038549 0.048077 0.141315  0.063007  -1.50519 -0.112532  -0.00020627  0.000243919 -4.86022e-05 -0.0369692  0.0552808  0.0299287  0.362775 -0.269579  -9.79858 
               196.9    2.81887 -0.0731773   -88.9329 -66.3092  25.5711 -2.92175  0.392673   -1.2662 -0.505185 0.038549 0.048077 0.141315   0.13853   -1.4732 -0.138887 -0.000204579  0.000245121 -4.70848e-05 -0.0368949  0.0552366  0.0298943  0.362794 -0.269506  -9.79858 
                 197   2.77277 0.0815715  -88.8199 -66.2909  25.4281 -2.93156  0.392673   -1.2662 -0.505185 0.038549 0.048077 0.141315  0.154413  -1.35091 -0.166659 -0.000206737  0.000242986 -4.81637e-05 -0.0369164  0.0551737  0.0298293  0.362853 -0.269511  -9.79858 
               197.1   2.80477 -0.134674  -88.6193  -66.282  25.2958 -2.94102  0.392673   -1.2662 -0.505185 0.038549 0.048077 0.141315   0.16271   -1.4261 -0.228371 -0.000210325   0.00024459 -4.81618e-05 -0.0368085  0.0552639  0.0296751   0.36275 -0.269444  -9.79859 
               197.2    2.79102 -0.0433386    -88.592 -66.2685  25.1524 -2.94411  0.392673   -1.2662 -0.505185 0.038549 0.048077 0.141315  0.197799  -1.34025 -0.125655 -0.000209645  0.000239842 -4.58882e-05 -0.0368611  0.0553363  0.0294629 0.362701 -0.26951 -9.79859 
               197.3    2.78188 -0.0382023   -88.4526 -66.2558  25.0191 -2.93296  0.392673   -1.2662 -0.505185 0.038549 0.048077 0.141315  0.181784  -1.37761 -0.142352 -0.000211045  0.000240826 -4.57901e-05 -0.0368352  0.0553947  0.0291598  0.362644 -0.269508  -9.79859 
               197.4   2.80725 -0.210464  -88.4318 -66.2466  24.8801 -2.92838  0.392673   -1.2662 -0.505185 0.038549 0.048077 0.141315   0.168306   -1.35571 -0.0764651 -0.000211553  0.000237501 -4.48389e-05 -0.0368448  0.0555135  0.0289333 0.362545 -0.26955 -9.79859 
               197.5   2.82271 -0.258517  -88.4685 -66.2388  24.7332 -2.91355  0.392673   -1.2662 -0.505185 0.038549 0.048077 0.141315  0.147121  -1.38233 -0.010689 -0.000210659   0.00023865 -4.40248e-05 -0.0369668  0.0556449  0.0286622 0.362463 -0.26969 -9.79859 
               197.6  2.83945 -0.19426 -88.4539 -66.2328  24.5853 -2.89769  0.392673   -1.2662 -0.505185 0.038549 0.048077 0.141315  0.119093  -1.40015 0.0721894  -0.00021089  0.000237691 -4.47282e-05 -0.0370753  0.0557698  0.0284606  0.362382 -0.269816  -9.79859 
               197.7   2.88618 -0.400503  -88.3337 -66.2307  24.4403 -2.88212  0.392673   -1.2662 -0.505185 0.038549 0.048077 0.141315 0.0707301  -1.51174 0.0449016 -0.000211383  0.000238545 -4.77998e-05 -0.0370542  0.0559025  0.0283351  0.362265 -0.269833  -9.79859 
               197.8   2.80979 -0.201113  -88.3285 -66.2316  24.2826  -2.8697  0.392673   -1.2662 -0.505185 0.038549 0.048077 0.141315 0.0379106  -1.45317  0.138114 -0.000208452  0.000234791 -4.65475e-05 -0.0371678  0.0560269  0.0282834 0.362186 -0.26996 -9.79859 
               197.9   2.79609 -0.230011  -88.2208 -66.2272  24.1298  -2.8517  0.392673   -1.2662 -0.505185 0.038549 0.048077 0.141315 0.00172887   -1.51053   0.149124 -0.000207937  0.000240132 -5.04725e-05 -0.0372206  0.0560155  0.0282277  0.362209 -0.270003  -9.79859 
                 198   2.75065 -0.287935  -88.1735 -66.2292  23.9725 -2.84173  0.392673   -1.2662 -0.505185 0.038549 0.048077 0.141315 -0.0603554   -1.56378  0.0408764 -0.000207934  0.000240648 -5.03973e-05 -0.0372833  0.0560282  0.0282628  0.362213 -0.270059  -9.79859 
               198.1   2.85334 -0.333189  -88.3621 -66.2263   23.817 -2.84155  0.392673   -1.2662 -0.505185 0.038549 0.048077 0.141315 -0.0183705   -1.52902   0.083831 -0.000209621  0.000239311 -4.84815e-05 -0.0373004  0.0559672  0.0283395  0.362269 -0.270057  -9.79859 
               198.2    2.76505 -0.0805457   -88.5609 -66.2237  23.6651 -2.83761  0.392673   -1.2662 -0.505185 0.038549 0.048077 0.141315 0.00651531   -1.51354   0.087067   -0.0002089  0.000237266 -4.81209e-05 -0.0373137   0.055863  0.0284004  0.362361 -0.270042  -9.79858 
               198.3   2.82005 -0.295033  -88.6375 -66.2214  23.5132 -2.83382  0.392673   -1.2662 -0.505185 0.038549 0.048077 0.141315 -0.0096483   -1.60268  0.0137088 -0.000209119  0.000240556 -5.22948e-05 -0.0372824  0.0557962  0.0284557   0.36241 -0.269998  -9.79858 
               198.4   2.79321 -0.255717  -88.6197 -66.2104  23.3559 -2.84211  0.392673   -1.2662 -0.505185 0.038549 0.048077 0.141315  0.0501233   -1.49417 -0.0273419 -0.000207972   0.00023703 -5.31373e-05 -0.0373234  0.0556547  0.0285566   0.36254 -0.269997  -9.79858 
               198.5   2.70632 -0.170457  -88.5265 -66.1957  23.2072 -2.84726  0.392673   -1.2662 -0.505185 0.038549 0.048077 0.141315  0.0733554   -1.46752 -0.0529806 -0.000207134  0.000236969 -5.40945e-05 -0.0373592  0.0555203  0.0285622  0.362662 -0.269994  -9.79857 
               198.6   2.72646 -0.214148  -88.3167 -66.1834  23.0585  -2.8539  0.392673   -1.2662 -0.505185 0.038549 0.048077 0.141315   0.12018  -1.48306 -0.140233 -0.000208798  0.000232224 -5.45594e-05 -0.0373841  0.0554614  0.0285018  0.362718 -0.270002  -9.79857 
               198.7   2.74413 -0.190841  -88.2679 -66.1648  22.9108 -2.85694  0.392673   -1.2662 -0.505185 0.038549 0.048077 0.141315  0.137197  -1.48258 -0.107197 -0.000209184  0.000232714 -5.08342e-05 -0.0373832  0.0553679  0.0283854  0.362796 -0.269981  -9.79857 
               198.8     2.74211 -0.00409788     -88.116 -66.1541  22.7624 -2.85658  0.392673   -1.2662 -0.505185 0.038549 0.048077 0.141315   0.107707   -1.41681 -0.0899288 -0.000213433    0.0002311 -5.08889e-05 -0.0374288  0.0554009  0.0282637  0.362779 -0.270029  -9.79857 
               198.9   2.7384 -0.22282 -88.0704 -66.1426  22.6235 -2.85544  0.392673   -1.2662 -0.505185 0.038549 0.048077 0.141315   0.123716    -1.4589 -0.0928328 -0.000215605  0.000233042 -4.98871e-05 -0.0373606  0.0553739  0.0281229  0.362785 -0.269968  -9.79857 
                 199   2.77579 -0.151274  -88.0738 -66.1342  22.4781 -2.84758  0.392673   -1.2662 -0.505185 0.038549 0.048077 0.141315    0.102016    -1.42502 -0.00237686 -0.000213264  0.000230826 -5.03356e-05 -0.0373526  0.0554241  0.0279476  0.362741 -0.269976  -9.79857 
               199.1    2.7095 -0.152703  -88.0943 -66.1253  22.3315 -2.82957  0.392673   -1.2662 -0.505185 0.038549 0.048077 0.141315 0.0814834  -1.46483 0.0478111 -0.000211355  0.000233285 -5.05748e-05 -0.0374064  0.0554338   0.027753  0.362745 -0.270028  -9.79857 
               199.2   2.73847 -0.270545   -88.005  -66.118   22.184 -2.81533  0.392673   -1.2662 -0.505185 0.038549 0.048077 0.141315 0.103203 -1.48618 0.107971 -0.000209866  0.000232996  -5.2316e-05 -0.0373858  0.0554388  0.0276587  0.362736 -0.270013  -9.79857 
               199.3   2.74634 -0.232378  -87.9984 -66.1129  22.0322 -2.79823  0.392673   -1.2662 -0.505185 0.038549 0.048077 0.141315 0.0479169  -1.50382  0.154967 -0.000208595  0.000233516 -5.30834e-05 -0.0373997  0.0554755  0.0275986  0.362708 -0.270035  -9.79857 
               199.4    2.76325 -0.0439442   -87.9312 -66.1114  21.8758 -2.78175  0.392673   -1.2662 -0.505185 0.038549 0.048077 0.141315 0.0282606   -1.5312  0.159887 -0.000205681  0.000233266 -5.43604e-05 -0.0374608  0.0555321  0.0275941  0.362675 -0.270101  -9.79857 
               199.5   2.68335 -0.151681  -87.8693 -66.1108  21.7223 -2.76842  0.392673   -1.2662 -0.505185 0.038549 0.048077 0.141315 0.00174757   -1.56027   0.131275 -0.000200936  0.000233882 -5.67583e-05 -0.0374524   0.055527  0.0276447  0.362678 -0.270091  -9.79857 
               199.6    2.7071 -0.113797  -88.0377  -66.106  21.5699 -2.76365  0.392673   -1.2662 -0.505185 0.038549 0.048077 0.141315 0.0178301  -1.49354  0.164269 -0.000198573  0.000233018 -5.48446e-05 -0.0374242  0.0554778  0.0277461  0.362712 -0.270053  -9.79857 
               199.7  2.66619 0.109153 -88.3182 -66.0999  21.4189 -2.75414  0.392673   -1.2662 -0.505185 0.038549 0.048077 0.141315 0.0462102  -1.52324  0.150202 -0.000199148  0.000234884 -5.31616e-05 -0.0374499  0.0554152  0.0278336  0.362772 -0.270058  -9.79857 
               199.8   2.71908 -0.118044  -88.4795 -66.0886  21.2749 -2.74753  0.392673   -1.2662 -0.505185 0.038549 0.048077 0.141315 0.0430873  -1.51991 0.0928948 -0.000197606  0.000235193 -5.49962e-05 -0.0373426  0.0553075  0.0279363  0.362836 -0.269939  -9.79857 
               199.9   2.63537 -0.192322  -88.4908 -66.0809  21.1273 -2.74594  0.392673   -1.2662 -0.505185 0.038549 0.048077 0.141315 0.0772642  -1.52866 0.0642304 -0.000196151  0.000237386 -5.52892e-05 -0.0372767   0.055265  0.0280335  0.362856 -0.269872  -9.79857 
                 200   2.61716 -0.111414  -88.4342 -66.0688  20.9796 -2.75023  0.392673   -1.2662 -0.505185 0.038549 0.048077 0.141315 0.0677025  -1.42708 0.0880981 -0.000195125  0.000234394 -5.68946e-05 -0.0372639  0.0552054  0.0281769  0.362903 -0.269843  -9.79857 
               200.1   2.60198 -0.209336  -88.2373 -66.0639   20.838 -2.75251  0.392673   -1.2662 -0.505185 0.038549 0.048077 0.141315 0.0384626  -1.52062 0.0119272 -0.00019857 0.000236175 -5.8652e-05 -0.0371916  0.0551904  0.0282761  0.362898 -0.269777  -9.79857 
               200.2   2.58434 -0.275434  -88.1963 -66.0553  20.6851  -2.7567  0.392673   -1.2662 -0.505185 0.038549 0.048077 0.141315 0.0549512  -1.46916 0.0602574 -0.000194673  0.000230321 -5.69234e-05 -0.037236  0.055149 0.0283662  0.362944 -0.269803  -9.79857 
               200.3    2.5983 -0.198166  -88.0632 -66.0449  20.5379 -2.75228  0.392673   -1.2662 -0.505185 0.038549 0.048077 0.141315 0.0593798  -1.48207   0.03142 -0.000197277  0.000230639  -5.8625e-05 -0.0372764  0.0550852   0.028381  0.363007 -0.269821  -9.79857 
               200.4   2.58454 -0.396743  -88.0047 -66.0373  20.3872 -2.75083  0.392673   -1.2662 -0.505185 0.038549 0.048077 0.141315  0.077212   -1.4801 0.0222501 -0.000196546  0.000230665 -5.70637e-05 -0.0373102  0.0550667  0.0283866  0.363031 -0.269845  -9.79856 
               200.5   2.70613 -0.368182  -88.0605 -66.0229  20.2459 -2.75164  0.392673   -1.2662 -0.505185 0.038549 0.048077 0.141315   0.108125   -1.44035 -0.0134542 -0.000198753  0.000228821 -5.46742e-05 -0.0372647  0.0549861  0.0284071  0.363088 -0.269787  -9.79856 
               200.6   2.68604 -0.225369  -88.1017 -66.0115  20.1033  -2.7489  0.392673   -1.2662 -0.505185 0.038549 0.048077 0.141315  0.150054  -1.34933 0.0717707 -0.000196884  0.000225947 -5.23101e-05 -0.037309 0.0550022 0.0284072  0.363085 -0.269828  -9.79856 
               200.7   2.73635 -0.467775  -88.0867 -66.0003  19.9695 -2.73585  0.392673   -1.2662 -0.505185 0.038549 0.048077 0.141315 0.116066 -1.46328  0.06332 -0.000196612  0.000230201 -5.34532e-05 -0.0372314  0.0550383  0.0283307  0.363036 -0.269773  -9.79857 
               200.8   2.77465 -0.522147  -88.0078 -65.9889  19.8192 -2.72642  0.392673   -1.2662 -0.505185 0.038549 0.048077 0.141315  0.10156 -1.47339 0.123581 -0.000194375  0.000227513 -5.33984e-05 -0.0372614   0.055074  0.0283433  0.363013 -0.269806  -9.79857 
               200.9   2.68995 -0.314259  -87.8299  -65.984  19.6614 -2.71058  0.392673   -1.2662 -0.505185 0.038549 0.048077 0.141315 0.0952368  -1.53297  0.208554 -0.000194049  0.000227227 -5.64009e-05 -0.037363 0.0551513  0.028344  0.362973 -0.269911  -9.79857 
                 201   2.59083 -0.294497  -87.7536 -65.9779   19.503 -2.69532  0.392673   -1.2662 -0.505185 0.038549 0.048077 0.141315 0.0582551  -1.54049  0.168058 -0.000190371   0.00022997 -5.71943e-05 -0.0374203  0.0551596  0.0283995  0.36298 -0.26996 -9.79856 
               201.1   2.63896 -0.299964  -87.8869 -65.9749   19.347 -2.68756  0.392673   -1.2662 -0.505185 0.038549 0.048077 0.141315 0.0488633  -1.54765  0.183528 -0.000191713  0.000233544 -5.53469e-05 -0.0374142  0.0551989  0.0284986  0.362945 -0.269963  -9.79856 
               201.2    2.62178 -0.0530056   -88.1105   -65.97  19.1923 -2.68141  0.392673   -1.2662 -0.505185 0.038549 0.048077 0.141315 0.00912112   -1.50194   0.203201 -0.000191699  0.000234985 -5.40371e-05 -0.0374453  0.0551914  0.0286725   0.36296 -0.269984  -9.79856 
               201.3   2.68205 -0.220948   -88.356 -65.9648  19.0455 -2.67721  0.392673   -1.2662 -0.505185 0.038549 0.048077 0.141315 0.0503254  -1.53632 0.0781173 -0.000192862  0.000240456 -5.50777e-05 -0.0373821  0.0551664  0.0288211  0.362965 -0.269923  -9.79857 
               201.4   2.68115 -0.344333  -88.3481 -65.9598  18.9021 -2.68599  0.392673   -1.2662 -0.505185 0.038549 0.048077 0.141315 0.0603283  -1.47075 0.0307479  -0.00019001   0.00023605 -5.74072e-05 -0.0372695  0.0551628  0.0289976  0.362941 -0.269824  -9.79857 
               201.5   2.65114 -0.209364  -88.4822 -65.9493  18.7589 -2.68952  0.392673   -1.2662 -0.505185 0.038549 0.048077 0.141315   0.093147   -1.45329 0.00267974 -0.000188223  0.000235258 -5.46908e-05 -0.0372473  0.0551162  0.0290672  0.362974 -0.269793  -9.79857 
               201.6   2.65406 -0.239885  -88.4521 -65.9436  18.6127 -2.69605  0.392673   -1.2662 -0.505185 0.038549 0.048077 0.141315  0.0561271   -1.45482 -0.0617669   -0.0001882   0.00023329 -5.48981e-05 -0.0372567  0.0551634  0.0291387  0.362937 -0.269811  -9.79857 
               201.7  2.68778 -0.32252 -88.5195 -65.9415  18.4673 -2.70446  0.392673   -1.2662 -0.505185 0.038549 0.048077 0.141315  0.0664394   -1.42282 -0.0899839 -0.000188731  0.000232864 -5.30231e-05 -0.0372556  0.0552174  0.0291338  0.362892 -0.269824  -9.79857 
               201.8  2.67426  -0.1724 -88.8033  -65.934   18.323 -2.71214  0.392673   -1.2662 -0.505185 0.038549 0.048077 0.141315  0.0419048   -1.40729 -0.0488481 -0.000189599  0.000233574 -5.03464e-05 -0.037301 0.0552026 0.0291234  0.362915 -0.269858  -9.79857 
               201.9   2.66577 -0.281384  -88.9371  -65.931  18.1794 -2.71168  0.392673   -1.2662 -0.505185 0.038549 0.048077 0.141315  0.0372387   -1.50592 -0.0832409 -0.000191463  0.000233109 -5.04723e-05 -0.0372807  0.0552067  0.0290379  0.362907 -0.269844  -9.79857 
                 202   2.66706 -0.238605  -89.0931 -65.9227  18.0284 -2.71167  0.392673   -1.2662 -0.505185 0.038549 0.048077 0.141315  0.0608757   -1.47243 -0.0590342 -0.000191192   0.00023125 -5.02369e-05 -0.0373208  0.0551571  0.0289531  0.362958 -0.269867  -9.79857 
               202.1    2.71131 -0.0915061   -89.1497 -65.9215  17.8902 -2.70508  0.392673   -1.2662 -0.505185 0.038549 0.048077 0.141315 0.0188958  -1.37884 0.0144866 -0.000192958  0.000233446 -5.03281e-05 -0.0372553  0.0551954  0.0288334   0.36291 -0.269823  -9.79857 
               202.2   2.65076 -0.245398  -89.2983 -65.9201  17.7444 -2.69842  0.392673   -1.2662 -0.505185 0.038549 0.048077 0.141315  0.0314466   -1.41159 -0.0362219 -0.000190794  0.000234748  -5.1188e-05 -0.0373189   0.055197  0.0287329  0.362924 -0.269879  -9.79857 
               202.3   2.68676 -0.308696   -89.466 -65.9169  17.6039 -2.69349  0.392673   -1.2662 -0.505185 0.038549 0.048077 0.141315  0.0553772   -1.38593 -0.0640987 -0.000187948  0.000230254 -4.88366e-05 -0.0373164   0.055207   0.028597  0.362914 -0.269881  -9.79857 
               202.4   2.61684 -0.175318  -89.6864 -65.9145  17.4644 -2.68836  0.392673   -1.2662 -0.505185 0.038549 0.048077 0.141315  0.0208937   -1.38463 -0.0439366 -0.000188438  0.000228589  -4.8642e-05 -0.0373409  0.0552232  0.0285022  0.362907 -0.269907  -9.79857 
               202.5   2.61715 -0.265316  -89.8873 -65.9112  17.3226 -2.68787  0.392673   -1.2662 -0.505185 0.038549 0.048077 0.141315  0.0108527   -1.40047 -0.0760654 -0.000188873  0.000226885 -4.89975e-05 -0.0373881  0.0552228  0.0284292  0.362918 -0.269948  -9.79857 
               202.6   2.64546 -0.312608  -90.1865 -65.9123  17.1746 -2.68783  0.392673   -1.2662 -0.505185 0.038549 0.048077 0.141315  0.0131744   -1.43035 -0.0627391 -0.000192083  0.000226582 -4.50237e-05 -0.0374577  0.0552783  0.0283239  0.362887 -0.270021  -9.79857 
               202.7    2.7027 -0.167347  -90.5314 -65.9152  17.0282 -2.68124  0.392673   -1.2662 -0.505185 0.038549 0.048077 0.141315 -0.0356278   -1.37809  -0.008917 -0.000193014  0.000226136 -4.45618e-05 -0.037543 0.0553033 0.0282009 0.362885  -0.2701 -9.79856 
               202.8   2.69379 -0.255697  -91.1622 -65.9194  16.8881  -2.6744  0.392673   -1.2662 -0.505185 0.038549 0.048077 0.141315  0.0235485   -1.41313 0.00676995 -0.000193825  0.000224616 -4.12232e-05 -0.0375798  0.0553277  0.0281064  0.362873 -0.270138  -9.79856 
               202.9   2.67922 -0.675004  -91.5258 -65.9176  16.7443 -2.66503  0.392673   -1.2662 -0.505185 0.038549 0.048077 0.141315  0.0486593   -1.50131 -0.0374423 -0.000187543  0.000227677 -4.62967e-05 -0.0375355  0.0553359  0.0279834  0.362856 -0.270105  -9.79856 
                 203   2.67544 -0.494834  -91.4937  -65.918  16.5826 -2.65674  0.392673   -1.2662 -0.505185 0.038549 0.048077 0.141315 0.0380247  -1.43139  0.031215 -0.000187553  0.000224847  -4.8141e-05 -0.037693 0.0554333  0.027853  0.362809 -0.270261  -9.79856 
               203.1   2.71189 -0.341762  -91.4111 -65.917 16.4347 -2.6416  0.392673   -1.2662 -0.505185 0.038549 0.048077 0.141315 0.0199519  -1.48449 0.0334857 -0.000189467  0.000226461 -5.08658e-05 -0.0377394  0.0554856  0.0277254  0.362775 -0.270313  -9.79856 
               203.2   2.69559 -0.415213  -91.2965  -65.917  16.2806 -2.64092  0.392673   -1.2662 -0.505185 0.038549 0.048077 0.141315 0.0571252  -1.43245 0.0159234 -0.000188708  0.000223554 -5.16226e-05 -0.0378094  0.0555404   0.027712  0.362744 -0.270383  -9.79856 
               203.3   2.72234 -0.135157  -91.1957 -65.9157  16.1446 -2.63233  0.392673   -1.2662 -0.505185 0.038549 0.048077 0.141315 -0.00754404    -1.26973   0.0976575  -0.00019217  0.000225704 -5.37077e-05 -0.0377919  0.0555879  0.0276464    0.3627 -0.270379  -9.79856 
               203.4   2.72352 -0.103478  -91.0986 -65.9222  16.0082 -2.62157  0.392673   -1.2662 -0.505185 0.038549 0.048077 0.141315 -0.0149579   -1.35183  0.0568717 -0.000197436  0.000229435 -5.33865e-05 -0.0378996  0.0556561  0.0276198  0.362665 -0.270484  -9.79856 
               203.5   2.68416 -0.861366  -91.2739 -65.9218  15.8633 -2.62189  0.392673   -1.2662 -0.505185 0.038549 0.048077 0.141315  0.0170856   -1.57252 -0.0558012  -0.00018996  0.000232264 -4.96954e-05 -0.0378727  0.0556622  0.0276304  0.362654 -0.270463  -9.79856 
               203.6   2.65987 -0.441742  -91.1785 -65.9199  15.7062 -2.62414  0.392673   -1.2662 -0.505185 0.038549 0.048077 0.141315  0.0349659   -1.46785 -0.0289143 -0.000189298  0.000225619 -5.07189e-05 -0.0379151  0.0556913  0.0276258  0.362638 -0.270505  -9.79856 
               203.7     2.5781 -0.0591977   -91.0609  -65.916  15.5581 -2.62375  0.392673   -1.2662 -0.505185 0.038549 0.048077 0.141315 0.0383052  -1.34993 0.0155368 -0.000193568  0.000229544 -5.02203e-05 -0.0380153  0.0556892  0.0276154   0.36266 -0.270589  -9.79856 
               203.8   2.60743 -0.261098  -91.0196 -65.9142  15.4304 -2.61945  0.392673   -1.2662 -0.505185 0.038549 0.048077 0.141315  0.0747495   -1.37501 -0.0297168 -0.000194526  0.000229817 -5.07472e-05 -0.0379129  0.0557427  0.0275546  0.362594 -0.270514  -9.79856 
               203.9   2.54046 -0.277502     -90.9 -65.9027  15.2923 -2.61956  0.392673   -1.2662 -0.505185 0.038549 0.048077 0.141315   0.166931   -1.31176 -0.0618792 -0.000192823  0.000229126 -4.99375e-05 -0.0379592  0.0557416  0.0275139  0.362605 -0.270554  -9.79856 
                 204    2.4813 -0.274292  -90.4217 -65.8888  15.1547 -2.62386  0.392673   -1.2662 -0.505185 0.038549 0.048077 0.141315  0.161336  -1.28565 -0.161162 -0.000193258  0.000228687 -5.29199e-05 -0.0380494  0.0557822  0.0274343  0.362589 -0.270639  -9.79856 
               204.1   2.53555 -0.303041  -89.9744 -65.8811  15.0211 -2.63872  0.392673   -1.2662 -0.505185 0.038549 0.048077 0.141315  0.120422  -1.19988 -0.112313 -0.000200572  0.000227609 -4.84114e-05 -0.0381697  0.0558861  0.0274013  0.362526 -0.270762  -9.79856 
               204.2   2.50361 -0.388081  -90.1623 -65.8765  14.8889 -2.63597  0.392673   -1.2662 -0.505185 0.038549 0.048077 0.141315  0.117372  -1.25087 -0.130477 -0.000199652  0.000225972 -3.97179e-05 -0.0382672  0.0559855  0.0272084  0.362463 -0.270868  -9.79856 
               204.3   2.45932 -0.271706  -90.3211 -65.8741  14.7592 -2.63056  0.392673   -1.2662 -0.505185 0.038549 0.048077 0.141315  0.0454806   -1.13178 -0.0281884 -0.000199821   0.00022486  -3.8884e-05 -0.038387 0.0560668  0.027022   0.36242 -0.270988  -9.79856 
               204.4   2.52211 -0.110122  -90.6166 -65.8765  14.6373 -2.61435  0.392673   -1.2662 -0.505185 0.038549 0.048077 0.141315  0.0618758   -1.13194 0.00170623 -0.000202006  0.000226249 -3.85285e-05 -0.0385301  0.0561779  0.0268238  0.362356 -0.271135  -9.79855 
               204.5   2.61306 -0.634339  -90.7166 -65.8826  14.5064 -2.60073  0.392673   -1.2662 -0.505185 0.038549 0.048077 0.141315  0.0474348   -1.36805 -0.0346231 -0.000200625  0.000226361 -4.20725e-05 -0.0385942  0.0563481  0.0266249  0.362227 -0.271228  -9.79856 
               204.6   2.64821 -0.450866  -90.6947 -65.8826  14.3596 -2.59864  0.392673   -1.2662 -0.505185 0.038549 0.048077 0.141315 0.0237061  -1.30911 0.0296646 -0.000200895   0.00021988 -4.41546e-05 -0.038711 0.0564497 0.0265577  0.362167 -0.271348  -9.79856 
               204.7   2.55345 0.0969815  -90.4722 -65.8889  14.2216 -2.58163  0.392673   -1.2662 -0.505185 0.038549 0.048077 0.141315 0.0185803  -1.21648 0.0968634 -0.000200156  0.000220129 -4.56292e-05 -0.038854 0.0565645 0.0264234  0.362101 -0.271495  -9.79855 
               204.8   2.55073 -0.222958  -90.4554 -65.8924   14.098  -2.5698  0.392673   -1.2662 -0.505185 0.038549 0.048077 0.141315 0.0184298  -1.27162 0.0479761 -0.000197597   0.00022642 -4.62673e-05 -0.0388558  0.0566225  0.0263605 0.362053 -0.27151 -9.79856 
               204.9   2.58941 -0.383896  -90.4079 -65.8921  13.9701 -2.56455  0.392673   -1.2662 -0.505185 0.038549 0.048077 0.141315 0.0595382  -1.27918 0.0731831 -0.000197166   0.00022435 -4.55823e-05 -0.0388441  0.0566737  0.0263658  0.362008 -0.271511  -9.79856 
                 205   2.53106 -0.291947  -90.2897 -65.8907  13.8435 -2.55705  0.392673   -1.2662 -0.505185 0.038549 0.048077 0.141315 0.00572523    -1.2677    0.06966  -0.00019619  0.000224985 -4.68353e-05 -0.0388298  0.0567031  0.0263441   0.36198 -0.271505  -9.79856 
               205.1   2.51992 -0.385438  -90.2004 -65.8895  13.7152 -2.55109  0.392673   -1.2662 -0.505185 0.038549 0.048077 0.141315 0.00733977   -1.29897  0.0865837 -0.000194985  0.000225518 -4.60292e-05 -0.038825 0.0567077 0.0263683  0.361975 -0.271502  -9.79856 
               205.2    2.5318 -0.409141  -90.2357 -65.8884  13.5896 -2.54254  0.392673   -1.2662 -0.505185 0.038549 0.048077 0.141315 0.018458 -1.30688 0.030546 -0.000194824  0.000225066 -4.40848e-05 -0.0387836  0.0566929  0.0263796  0.361979 -0.271464  -9.79856 
               205.3   2.58713 -0.612173  -90.2062 -65.8909  13.4565 -2.54377  0.392673   -1.2662 -0.505185 0.038549 0.048077 0.141315 0.00373081   -1.25638  0.0886855 -0.000194591  0.000223462  -4.4435e-05 -0.0388031  0.0567588  0.0264428  0.361927 -0.271493  -9.79856 
               205.4   2.49821 -0.428206  -90.2417 -65.8907   13.326 -2.53166  0.392673   -1.2662 -0.505185 0.038549 0.048077 0.141315 -0.0103938   -1.16968   0.103497 -0.000192763  0.000222438 -4.43161e-05 -0.0388798  0.0567458  0.0263978  0.361955 -0.271555  -9.79856 
               205.5   2.55295 -0.414778  -90.1282  -65.891   13.213 -2.51831  0.392673   -1.2662 -0.505185 0.038549 0.048077 0.141315 -0.0102343   -1.16878  0.0807235  -0.00019243  0.000222805 -4.73241e-05 -0.038864 0.0567371 0.0263902 0.361959 -0.27154 -9.79856 
               205.6    2.5617 -0.921168  -90.1649 -65.8863  13.0913 -2.51527  0.392673   -1.2662 -0.505185 0.038549 0.048077 0.141315 -0.00395339    -1.27044   0.0624966 -0.000191056  0.000224292   -4.673e-05 -0.0388774  0.0566952  0.0264565  0.361997 -0.271542  -9.79856 
               205.7   2.52387 -0.946697  -90.0351 -65.8823  12.9587 -2.51246  0.392673   -1.2662 -0.505185 0.038549 0.048077 0.141315 0.0253079  -1.27858 0.0701953 -0.000187569  0.000221256 -4.74274e-05 -0.038909 0.0566758 0.0264809   0.36202 -0.271564  -9.79855 
               205.8   2.41042 -0.585882  -89.9337 -65.8733  12.8307 -2.50336  0.392673   -1.2662 -0.505185 0.038549 0.048077 0.141315 0.00202666   -1.22475  0.0726711 -0.000187858  0.000220925 -4.78332e-05 -0.038963 0.0565894 0.0264787 0.362103 -0.27159 -9.79855 
               205.9   2.37957 -0.583132  -89.9619 -65.8736  12.6971 -2.50107  0.392673   -1.2662 -0.505185 0.038549 0.048077 0.141315  0.0106673    -1.2577 0.00656395 -0.000193278  0.000222195 -4.33314e-05 -0.0390941  0.0566074  0.0265268  0.362117 -0.271703  -9.79855 
                 206   2.42503 -0.449337  -90.1669 -65.8747  12.5646 -2.50509  0.392673   -1.2662 -0.505185 0.038549 0.048077 0.141315 -0.0141159    -1.2289  0.0372106 -0.000191818  0.000221882 -4.14267e-05 -0.039185 0.0566459 0.0265945  0.362104 -0.271786  -9.79855 
               206.1   2.37531 -0.182915  -90.5398 -65.8764   12.434  -2.5023  0.392673   -1.2662 -0.505185 0.038549 0.048077 0.141315 -0.0159878   -1.29968  0.0152858 -0.000192882  0.000222544 -3.59732e-05 -0.0392513  0.0566418  0.0266044  0.362122 -0.271841  -9.79854 
               206.2    2.55625 -0.0634841   -90.7383 -65.8741  12.3015 -2.50399  0.392673   -1.2662 -0.505185 0.038549 0.048077 0.141315   0.0235956    -1.25711 -0.00231301 -0.000191997  0.000223393  -3.8855e-05 -0.0392703   0.056642  0.0266213  0.362126 -0.271856  -9.79854 
               206.3  2.54898 0.317066 -90.7666 -65.871 12.1734 -2.5053  0.392673   -1.2662 -0.505185 0.038549 0.048077 0.141315    0.0419405     -1.19258 -0.000202017 -0.000193762  0.000223504 -3.94047e-05 -0.0393547  0.0566469  0.0266461   0.36214 -0.271928  -9.79854 
               206.4   2.6057 0.251224  -90.797 -65.8646  12.0515 -2.50979  0.392673   -1.2662 -0.505185 0.038549 0.048077 0.141315 0.0624519  -1.13232  -0.01764 -0.000195757  0.000224332 -4.16818e-05 -0.0394016  0.0566563  0.0266664  0.362142 -0.271969  -9.79854 
               206.5  2.59278 0.319866 -90.5967 -65.8603  11.9417 -2.50621  0.392673   -1.2662 -0.505185 0.038549 0.048077 0.141315 0.0507062 -0.987483 0.0655697  -0.00019573  0.000224493 -4.20841e-05 -0.0394316  0.0566841  0.0266396 0.362125   -0.272 -9.79854 
               206.6   2.5386 0.108785 -90.4462 -65.8579  11.8407 -2.49701  0.392673   -1.2662 -0.505185 0.038549 0.048077 0.141315 0.0571738  -1.08424     0.015 -0.000195701  0.000225949 -4.40203e-05 -0.0394208  0.0567098  0.0265846  0.362102 -0.271997  -9.79854 
               206.7   2.57047 -0.405939  -90.4005 -65.8571  11.7241  -2.4974  0.392673   -1.2662 -0.505185 0.038549 0.048077 0.141315  0.0645381   -1.26671 -0.0793846 -0.000193925  0.000226776 -4.28979e-05 -0.0394087  0.0567778  0.0265798  0.362043 -0.272002  -9.79854 
               206.8  2.46216  -0.2441 -90.3345 -65.8519  11.5981 -2.49891  0.392673   -1.2662 -0.505185 0.038549 0.048077 0.141315 0.0471753  -1.10571 0.0907271 -0.000190743  0.000222976   -4.155e-05 -0.0394698  0.0567999  0.0265739  0.362037 -0.272057  -9.79854 
               206.9     2.3658 -0.0234549   -90.1529 -65.8527   11.488 -2.48565  0.392673   -1.2662 -0.505185 0.038549 0.048077 0.141315  0.039949  -1.12286 0.0378753 -0.000193359  0.000224696 -4.30608e-05 -0.0394542  0.0568425  0.0264818  0.361998 -0.272055  -9.79854 
                 207   2.35049 -0.196574  -90.2286 -65.8484  11.3723 -2.47775  0.392673   -1.2662 -0.505185 0.038549 0.048077 0.141315 0.0605144  -1.12626 0.0320973 -0.000192798  0.000223145 -4.13775e-05 -0.0395133  0.0568314  0.0264556   0.36202 -0.272102  -9.79854 
               207.1   2.41424 -0.297384  -90.1786 -65.8394  11.2565 -2.47363  0.392673   -1.2662 -0.505185 0.038549 0.048077 0.141315 0.0794927   -1.1678 0.0393619 -0.000192355  0.000222399  -4.2128e-05 -0.0395402  0.0567851  0.0264518  0.362064 -0.272115  -9.79854 
               207.2  2.38024 -0.33289 -90.2518 -65.8369  11.1294 -2.46774  0.392673   -1.2662 -0.505185 0.038549 0.048077 0.141315 0.0617633  -1.26683 0.0774805 -0.000192435  0.000223721 -4.00415e-05 -0.0396115  0.0568269  0.0264585  0.362045 -0.272183  -9.79854 
               207.3    2.4283 -0.404886  -90.2935 -65.8342  10.9935  -2.4664  0.392673   -1.2662 -0.505185 0.038549 0.048077 0.141315 0.0626286  -1.26592 0.0345622 -0.000192459   0.00022265 -4.12073e-05 -0.0396753  0.0568628  0.0264623  0.362028 -0.272244  -9.79854 
               207.4   2.47304 0.0924765  -90.2101  -65.835  10.8659 -2.46206  0.392673   -1.2662 -0.505185 0.038549 0.048077 0.141315 0.0338282  -1.21077 0.0142366 -0.000192812  0.000217886  -4.2038e-05 -0.0397357  0.0569463  0.0264667  0.361972 -0.272312  -9.79854 
               207.5    2.50672 -0.0423014   -90.2183 -65.8338  10.7534 -2.46805  0.392673   -1.2662 -0.505185 0.038549 0.048077 0.141315 0.0610271  -1.04498 0.0452171 -0.000194154  0.000219288 -4.27946e-05 -0.0397118  0.0569824  0.0265427  0.361936 -0.272298  -9.79854 
               207.6   2.49976 0.0229593  -90.2058 -65.8308  10.6488 -2.45938  0.392673   -1.2662 -0.505185 0.038549 0.048077 0.141315 0.0534864   -1.0078 0.0588526 -0.000192676  0.000220812 -4.31463e-05 -0.0397397  0.0569998  0.0265048  0.361928 -0.272326  -9.79854 
               207.7   2.52855 -0.272381  -90.1531  -65.836  10.5448 -2.45353  0.392673   -1.2662 -0.505185 0.038549 0.048077 0.141315 -0.000317073     -1.11218   0.00865372 -0.000191343  0.000221892 -4.26997e-05 -0.0397225  0.0571102  0.0264913  0.361832 -0.272335  -9.79854 
               207.8   2.51691 -0.615359  -90.3231 -65.8362  10.4283 -2.45588  0.392673   -1.2662 -0.505185 0.038549 0.048077 0.141315  0.0484579    -1.2151 -0.0692606 -0.000190661  0.000221282 -4.01068e-05 -0.0397241   0.057154   0.026479  0.361796 -0.272346  -9.79854 
               207.9   2.46163 -0.438595  -90.3643 -65.8329  10.3022 -2.46162  0.392673   -1.2662 -0.505185 0.038549 0.048077 0.141315  0.0151188    -1.1868 -0.0583638 -0.000190168  0.000218469 -3.91193e-05 -0.0397855  0.0571598   0.026468  0.361805 -0.272399  -9.79854 
                 208   2.41056 -0.227255  -90.5577 -65.8346  10.1781 -2.46297  0.392673   -1.2662 -0.505185 0.038549 0.048077 0.141315  0.0107066   -1.16357 -0.0464022 -0.000191685  0.000216523  -3.5023e-05 -0.0398708  0.0572018  0.0264259  0.361788 -0.272479  -9.79854 
               208.1   2.41374 -0.327556  -90.7274 -65.8369  10.0621 -2.46475  0.392673   -1.2662 -0.505185 0.038549 0.048077 0.141315  0.0110784   -1.13779 -0.0641848 -0.000193357  0.000217743 -3.73195e-05 -0.0398577   0.057245  0.0263605   0.36175 -0.272479  -9.79854 
               208.2   2.39489 -0.227916  -90.7191 -65.8367  9.94507 -2.46345  0.392673   -1.2662 -0.505185 0.038549 0.048077 0.141315   0.038638   -1.12899 -0.0739185  -0.00019453  0.000216827 -3.70572e-05 -0.0399033  0.0572554  0.0262712 0.361751 -0.27252 -9.79854 
               208.3   2.35853 -0.241503  -90.7831 -65.8344  9.82947 -2.46309  0.392673   -1.2662 -0.505185 0.038549 0.048077 0.141315 0.0342384  -1.03538 -0.044615  -0.00019448  0.000218505 -3.74468e-05 -0.0399664  0.0572689  0.0261675  0.361753 -0.272577  -9.79854 
               208.4   2.36448 0.0549647  -90.6816 -65.8312  9.72384 -2.44916  0.392673   -1.2662 -0.505185 0.038549 0.048077 0.141315 -0.011936  -1.05218 0.0593763 -0.000195774  0.000218592 -3.83985e-05 -0.0400215  0.0572515  0.0260329   0.36178 -0.272621  -9.79853 
               208.5   2.40103 -0.370699  -90.6531 -65.8327  9.60772 -2.43296  0.392673   -1.2662 -0.505185 0.038549 0.048077 0.141315 -0.000347686     -1.27192   -0.0166465 -0.000195021  0.000224117 -3.93639e-05 -0.040041 0.0572705 0.0258861  0.361768 -0.272643  -9.79853 
               208.6   2.41325 -0.329047  -90.6703 -65.8282  9.47497 -2.43755  0.392673   -1.2662 -0.505185 0.038549 0.048077 0.141315 -0.00739331    -1.24153  -0.0196385 -0.000192805  0.000219396 -3.68159e-05 -0.0400811  0.0572412  0.0258762  0.361801 -0.272671  -9.79853 
               208.7  2.31812 0.675516  -90.552 -65.8311  9.35962 -2.43118  0.392673   -1.2662 -0.505185 0.038549 0.048077 0.141315 -0.0368143  -0.989092  0.0865493 -0.000192851  0.000214948 -3.78998e-05 -0.0401344  0.0572616  0.0258466 0.361795 -0.27272 -9.79853 
               208.8  2.33386 0.491484 -90.5253  -65.837  9.25983 -2.41448  0.392673   -1.2662 -0.505185 0.038549 0.048077 0.141315 -0.088075   -1.0544  0.136271 -0.000193225  0.000219853 -3.95206e-05 -0.0401484  0.0572729  0.0257978  0.361789 -0.272734  -9.79853 
               208.9   2.43913 -0.301953  -90.7027 -65.8426  9.14264 -2.41219  0.392673   -1.2662 -0.505185 0.038549 0.048077 0.141315 -0.0454083      -1.26 0.00299387 -0.000194103  0.000224565 -3.81348e-05 -0.0401267  0.0572767  0.0258137  0.361781 -0.272717  -9.79853 
                 209  2.42573 0.147595 -90.6966 -65.8436  9.01773 -2.40222  0.392673   -1.2662 -0.505185 0.038549 0.048077 0.141315 -0.0652981    -1.1814   0.100708  -0.00019051  0.000220147 -3.81728e-05 -0.0401873  0.0572352   0.025809  0.361828 -0.272759  -9.79853 
               209.1    2.4309 0.0709961  -90.6337 -65.8438  8.90726 -2.39382  0.392673   -1.2662 -0.505185 0.038549 0.048077 0.141315 -0.00835151    -1.04691    0.163957 -0.000190066  0.000221038 -3.92279e-05 -0.0401791   0.057154  0.0258615  0.361894 -0.272734  -9.79853 
               209.2   2.49437 -0.276389  -90.7118  -65.841  8.80791 -2.38658  0.392673   -1.2662 -0.505185 0.038549 0.048077 0.141315 0.0391342  -1.12941 0.0889095 -0.000191416  0.000223985 -4.10071e-05 -0.0400763  0.0570961  0.0259076   0.36192 -0.272636  -9.79853 
               209.3   2.50265 -0.545876  -90.6929 -65.8353  8.68926 -2.38135  0.392673   -1.2662 -0.505185 0.038549 0.048077 0.141315 0.0400785  -1.18393 0.0932932 -0.000189382  0.000222542 -4.04783e-05 -0.0401084   0.057046  0.0259572  0.361968 -0.272651  -9.79853 
               209.4    2.4411 -0.451423  -90.6641 -65.8301  8.56703 -2.37626  0.392673   -1.2662 -0.505185 0.038549 0.048077 0.141315 0.0554952  -1.13594  0.111246 -0.000185616  0.000221016 -4.02336e-05 -0.040188 0.0570328 0.0260345  0.361995 -0.272713  -9.79852 
               209.5   2.40625 -0.400692  -90.4666 -65.8281  8.45488 -2.36933  0.392673   -1.2662 -0.505185 0.038549 0.048077 0.141315 0.0240877  -1.08322  0.190863 -0.000187901  0.000220842 -4.32913e-05 -0.0402083  0.0570372   0.026121  0.361996 -0.272729  -9.79852 
               209.6   2.49109 -0.690131  -90.4896 -65.8219  8.34113 -2.36223  0.392673   -1.2662 -0.505185 0.038549 0.048077 0.141315 0.0430445  -1.24901 0.0510102 -0.000191352  0.000223602  -4.2402e-05 -0.0401664  0.0570089  0.0261802   0.36201 -0.272688  -9.79852 
               209.7   2.39292 -0.479478  -90.4615  -65.819  8.21827 -2.36379  0.392673   -1.2662 -0.505185 0.038549 0.048077 0.141315 0.00904814   -1.10017  0.0840891 -0.000188962   0.00021964 -4.06073e-05 -0.0401994  0.0570436  0.0262987  0.361988 -0.272721  -9.79852 
               209.8    2.3555 -0.117114  -90.3893 -65.8205  8.11569 -2.36362  0.392673   -1.2662 -0.505185 0.038549 0.048077 0.141315 -0.0364427  -0.950103   0.127223 -0.000191838  0.000220798 -4.11747e-05 -0.0401894  0.0570717  0.0264057  0.361963 -0.272717  -9.79852 
               209.9  2.42538 -0.23659  -90.567  -65.827  8.02034 -2.35835  0.392673   -1.2662 -0.505185 0.038549 0.048077 0.141315 -0.0505449   -1.05667  0.0881566 -0.000195709  0.000224126  -3.9484e-05 -0.0401564  0.0571059  0.0264867  0.361927 -0.272695  -9.79853 
                 210   2.44468 -0.701647  -90.9557 -65.8251  7.90614 -2.36355  0.392673   -1.2662 -0.505185 0.038549 0.048077 0.141315 -0.00141993     -1.2723  -0.0608857 -0.000195958    0.0002253  -3.9542e-05 -0.0401388  0.0570427  0.0265849  0.361976 -0.272666  -9.79853 
               210.1   2.42193 -0.319214  -91.0257 -65.8243  7.77515 -2.37416  0.392673   -1.2662 -0.505185 0.038549 0.048077 0.141315 -0.0169874   -1.16381  0.0116228 -0.000194568  0.000220767 -4.12474e-05 -0.0402399  0.0570336  0.0267198  0.362004 -0.272746  -9.79852 
               210.2    2.36975 -0.0013795   -91.0213 -65.8246  7.66066 -2.37194  0.392673   -1.2662 -0.505185 0.038549 0.048077 0.141315 0.00807817   -1.07091  0.0148893 -0.000194256  0.000219774 -4.15231e-05 -0.0402638  0.0570253  0.0266934  0.362016 -0.272765  -9.79852 
               210.3    2.37318 -0.0130322   -91.0726 -65.8213  7.55022 -2.37057  0.392673   -1.2662 -0.505185 0.038549 0.048077 0.141315 0.0129969  -1.10385 0.0110318 -0.000196027   0.00022268 -4.21529e-05 -0.0402969  0.0570021  0.0267014  0.362042 -0.272787  -9.79852 
               210.4   2.41337 -0.252446  -90.9186 -65.8189  7.43576 -2.36695  0.392673   -1.2662 -0.505185 0.038549 0.048077 0.141315 0.0195789  -1.20098 0.0096983 -0.000196561  0.000224156 -4.33103e-05 -0.0402862  0.0569817  0.0266679  0.362056 -0.272775  -9.79852 
               210.5   2.38868 -0.255484  -90.8396 -65.8159  7.30842 -2.36644  0.392673   -1.2662 -0.505185 0.038549 0.048077 0.141315 0.0153562  -1.19591 0.0187438 -0.000196169  0.000223635 -4.20271e-05 -0.0403588  0.0569623  0.0266693  0.362087 -0.272831  -9.79852 
               210.6   2.36418 0.0360415  -90.8028 -65.8134  7.19386 -2.36128  0.392673   -1.2662 -0.505185 0.038549 0.048077 0.141315 0.0395717  -1.13816  0.060977 -0.000196796  0.000220074 -4.10821e-05 -0.0403426   0.056958  0.0266622  0.362088 -0.272816  -9.79852 
               210.7    2.33796 -0.0511948   -90.6819 -65.8091   7.0783 -2.35635  0.392673   -1.2662 -0.505185 0.038549 0.048077 0.141315 0.0349805  -1.15678 0.0216966 -0.000196787  0.000222625 -4.26086e-05 -0.0403498  0.0569371  0.0266409  0.362106 -0.272819  -9.79852 
               210.8   2.37182 -0.050547  -90.6322 -65.8056   6.9604 -2.35209  0.392673   -1.2662 -0.505185 0.038549 0.048077 0.141315 0.0504757  -1.05721 0.0366596 -0.000198144  0.000222105 -4.07481e-05 -0.0404175  0.0569367  0.0266192  0.362121 -0.272875  -9.79851 
               210.9     2.36281 -0.00644466    -90.6854  -65.809   6.8592 -2.34694  0.392673   -1.2662 -0.505185 0.038549 0.048077 0.141315 0.0331256 -0.997456 0.0649561 -0.000197976  0.000222243 -3.97453e-05 -0.0404068  0.0570071     0.0266   0.36206 -0.272881  -9.79852 
                 211   2.45174 -0.303252  -90.8678 -65.8077  6.74948 -2.34148  0.392673   -1.2662 -0.505185 0.038549 0.048077 0.141315  0.0437361   -1.14094 0.00177173 -0.000199073  0.000223669 -3.75184e-05 -0.040457  0.057021 0.0265793  0.362059 -0.272925  -9.79852 
               211.1   2.52252 -0.472852  -90.9239 -65.8101  6.62582 -2.34365  0.392673   -1.2662 -0.505185 0.038549 0.048077 0.141315  0.0501054   -1.23088 -0.0348183 -0.000197947  0.000221021 -3.77629e-05 -0.0405028  0.0571101  0.0265882  0.361995 -0.272981  -9.79852 
               211.2   2.49184 -0.313748  -90.9034 -65.8091   6.4983 -2.34904  0.392673   -1.2662 -0.505185 0.038549 0.048077 0.141315 -0.00770129    -1.15671  -0.0393164 -0.000195887  0.000219419 -3.82061e-05 -0.0405684  0.0571516  0.0265934  0.361974 -0.273043  -9.79852 
               211.3   2.53574 0.0414937  -90.8791  -65.815  6.38267 -2.34108  0.392673   -1.2662 -0.505185 0.038549 0.048077 0.141315 -0.00547813    -0.98497   0.0556315  -0.00019489  0.000217655 -3.57821e-05 -0.0406394  0.0572348  0.0264839   0.36192 -0.273121  -9.79852 
               211.4  2.58963 0.117608   -90.95 -65.8167  6.28499 -2.32873  0.392673   -1.2662 -0.505185 0.038549 0.048077 0.141315 -0.0224875   -1.01541  0.0470471 -0.000193845   0.00021888  -3.7124e-05 -0.0406494  0.0572507  0.0264186  0.361909 -0.273133  -9.79852 
               211.5   2.60144 -0.435592  -90.9904 -65.8214  6.17472 -2.32784  0.392673   -1.2662 -0.505185 0.038549 0.048077 0.141315 0.00670995   -1.21242  -0.101741 -0.000190687  0.000222544 -3.78376e-05 -0.0406335  0.0573077  0.0263931  0.361859 -0.273132  -9.79852 
               211.6   2.58533 -0.200349  -90.9916 -65.8153  6.04999 -2.33216  0.392673   -1.2662 -0.505185 0.038549 0.048077 0.141315   0.0115482    -1.12548 -0.00433881 -0.000189561  0.000219515 -3.77315e-05 -0.0407203  0.0572591  0.0263885  0.361917 -0.273194  -9.79851 
               211.7  2.52435 0.136055 -90.9235  -65.811  5.93061 -2.32872  0.392673   -1.2662 -0.505185 0.038549 0.048077 0.141315  0.0463581   -1.15138 -0.0660888 -0.000190671  0.000218377  -3.9199e-05 -0.0408115  0.0572102  0.0263306 0.361975 -0.27326 -9.79851 
               211.8   2.65735 0.0107494  -91.0913 -65.8103  5.81197 -2.33233  0.392673   -1.2662 -0.505185 0.038549 0.048077 0.141315  0.0118456   -1.10276 -0.0561107 -0.000194445  0.000218427 -3.58576e-05 -0.0408614  0.0572584  0.0262985  0.361946 -0.273311  -9.79851 
               211.9  2.59036 0.243213  -91.322 -65.8097  5.70261 -2.33036  0.392673   -1.2662 -0.505185 0.038549 0.048077 0.141315 -0.00778646   -0.993881   0.0234709 -0.000193787  0.000218483 -3.20323e-05 -0.0409182  0.0572663  0.0262446  0.361951 -0.273361  -9.79851 
                 212  2.63829 0.101488 -91.5821 -65.8135  5.59808  -2.3187  0.392673   -1.2662 -0.505185 0.038549 0.048077 0.141315 0.0170862  -1.09751 0.0399575 -0.000193867  0.000220668  -3.2129e-05 -0.0409402  0.0573155  0.0261445 0.361915 -0.27339 -9.79851 
               212.1   2.70221 -0.426756  -91.6928 -65.8144  5.47812  -2.3093  0.392673   -1.2662 -0.505185 0.038549 0.048077 0.141315 -0.00311911    -1.26558  -0.0098216 -0.000191354  0.000222552 -3.48299e-05 -0.040954 0.0573377 0.0260461  0.361899 -0.273408  -9.79851 
               212.2   2.70189 -0.360651  -91.6989  -65.818    5.344 -2.30483  0.392673   -1.2662 -0.505185 0.038549 0.048077 0.141315 0.0423538  -1.23923 0.0254437 -0.000189168  0.000221036 -3.30818e-05 -0.0410171  0.0574217  0.0259948  0.361842 -0.273478  -9.79851 
               212.3    2.64402 -0.0118819    -91.584 -65.8161  5.22387  -2.3003  0.392673   -1.2662 -0.505185 0.038549 0.048077 0.141315 -0.00289162    -1.04478   0.0675909 -0.000189673  0.000218769 -3.54635e-05 -0.0410716   0.057428  0.0259858  0.361848 -0.273524  -9.79851 
               212.4    2.69627 -0.0890319   -91.5193 -65.8177  5.11908  -2.2891  0.392673   -1.2662 -0.505185 0.038549 0.048077 0.141315 -0.00485654    -1.05495   0.0885719   -0.0001923  0.000221828 -3.53211e-05 -0.0410902  0.0574598  0.0259472  0.361825 -0.273546  -9.79851 
               212.5   2.73967 -0.471853  -91.5024 -65.8224  5.00767 -2.28049  0.392673   -1.2662 -0.505185 0.038549 0.048077 0.141315 -0.00529551    -1.14322   0.0856083 -0.000191486  0.000221067 -3.43611e-05 -0.041093 0.0575156 0.0259345   0.36178 -0.273559  -9.79851 
               212.6   2.73142 -0.380557  -91.4343 -65.8253  4.88473 -2.27038  0.392673   -1.2662 -0.505185 0.038549 0.048077 0.141315 0.0261798  -1.16389 0.0519853 -0.000188187  0.000220352 -3.62944e-05 -0.0411696  0.0575488  0.0259185  0.361768 -0.273629  -9.79851 
               212.7   2.70504 -0.309848  -91.3953 -65.8239  4.76955 -2.26686  0.392673   -1.2662 -0.505185 0.038549 0.048077 0.141315 0.0385893   -1.0593  0.105721 -0.000184884  0.000220043  -3.5986e-05 -0.0411926  0.0575616  0.0259602 0.361761 -0.27365 -9.79851 
               212.8   2.70339 -0.307297  -91.3477 -65.8228  4.64812 -2.26027  0.392673   -1.2662 -0.505185 0.038549 0.048077 0.141315 0.0318166  -1.19909 0.0154409 -0.000186256  0.000220694 -3.58482e-05 -0.0412955   0.057586  0.0259727  0.361761 -0.273739   -9.7985 
               212.9   2.72225 -0.425086  -91.4256 -65.8189  4.52957 -2.26011  0.392673   -1.2662 -0.505185 0.038549 0.048077 0.141315 0.0710135  -1.07689 0.0631934 -0.000183099  0.000219227 -3.27408e-05 -0.0413177  0.0576067  0.0260055  0.361749 -0.273761   -9.7985 
                 213   2.68855 0.0150188  -91.3617  -65.817  4.42237 -2.25386  0.392673   -1.2662 -0.505185 0.038549 0.048077 0.141315 0.0287463 -0.997266  0.102633 -0.000184309  0.000217003 -3.43037e-05 -0.0413732  0.0576355  0.0260334  0.361736 -0.273812   -9.7985 
               213.1   2.77192 -0.222009  -91.4076 -65.8218  4.32213 -2.24349  0.392673   -1.2662 -0.505185 0.038549 0.048077 0.141315 0.0220095  -1.12295  0.103308 -0.000183168  0.000219894 -3.22954e-05 -0.0413434  0.0577367  0.0260517  0.361647 -0.273806  -9.79851 
               213.2   2.79659 -0.708938  -91.4255 -65.8269  4.19518 -2.24077  0.392673   -1.2662 -0.505185 0.038549 0.048077 0.141315 -0.0114772   -1.28878  0.0271646 -0.000183002  0.000220965 -3.43056e-05 -0.0413628  0.0578204  0.0260888  0.361582 -0.273838  -9.79851 
               213.3     2.7201 -0.0731256   -91.3522 -65.8355  4.06536 -2.23582  0.392673   -1.2662 -0.505185 0.038549 0.048077 0.141315 -0.0826378   -1.15765   0.119161 -0.000178189  0.000214818 -3.56338e-05 -0.0414367  0.0578954  0.0261651  0.361534 -0.273912  -9.79851 
               213.4    2.74847 -0.0219439   -91.3542 -65.8387  3.95973 -2.23088  0.392673   -1.2662 -0.505185 0.038549 0.048077 0.141315 -0.069207  -1.06893 0.0898076 -0.000179272  0.000220469 -3.41895e-05 -0.0413473  0.0578593  0.0262101  0.361547 -0.273831  -9.79851 
               213.5  2.75246  0.14009 -91.3379 -65.8453  3.85115 -2.22398  0.392673   -1.2662 -0.505185 0.038549 0.048077 0.141315 -0.0594057    -1.0161   0.106429 -0.000179265  0.000218257 -3.69612e-05 -0.0414083  0.0578849  0.0262498  0.361538 -0.273886  -9.79851 
               213.6    2.76037 -0.0674857   -91.2406 -65.8479  3.74307 -2.22034  0.392673   -1.2662 -0.505185 0.038549 0.048077 0.141315 -0.0690502   -1.11521  0.0784987 -0.000177262  0.000221276 -3.90859e-05 -0.0414545  0.0578403  0.0263259  0.361583 -0.273914  -9.79851 
               213.7   2.78734 -0.336753  -91.4575 -65.8479  3.61686 -2.22491  0.392673   -1.2662 -0.505185 0.038549 0.048077 0.141315  -0.0283614    -1.22192 -0.00988302 -0.000176821  0.000222507 -3.54762e-05 -0.041558 0.0577893 0.0264044  0.361645 -0.273988   -9.7985 
               213.8   2.73761 0.0845307  -91.4985 -65.8459  3.50269 -2.22614  0.392673   -1.2662 -0.505185 0.038549 0.048077 0.141315 -0.0250602   -1.07817  0.0571959 -0.000175186    0.0002188 -3.61272e-05 -0.0415717    0.05773  0.0264788  0.361697 -0.273986   -9.7985 
               213.9    2.71499 -0.0381537   -91.6576 -65.8431  3.39432 -2.22726  0.392673   -1.2662 -0.505185 0.038549 0.048077 0.141315 0.0493661  -1.12834 -0.018975 -0.000179612  0.000220704 -3.51199e-05 -0.041572 0.0576675 0.0265161  0.361748 -0.273974   -9.7985 
                 214   2.68547 -0.159284  -91.8035 -65.8356  3.28715 -2.22958  0.392673   -1.2662 -0.505185 0.038549 0.048077 0.141315 0.0407537 -0.967609 0.0258212  -0.00017718  0.000219712 -3.63848e-05 -0.0415722  0.0576313  0.0265343  0.361778 -0.273967   -9.7985 
               214.1      2.5911 -0.00648704    -91.6175 -65.8341  3.19321 -2.22697  0.392673   -1.2662 -0.505185 0.038549 0.048077 0.141315 0.00993969  -0.931603  0.0339615 -0.000180747  0.000221171 -3.91059e-05 -0.0415749  0.0576255  0.0265329  0.361783 -0.273968   -9.7985 
               214.2  2.65056 -0.29266 -91.6732 -65.8317  3.10123 -2.21874  0.392673   -1.2662 -0.505185 0.038549 0.048077 0.141315 0.0424503  -1.02715 0.0240632 -0.000182195  0.000222765 -3.80056e-05 -0.0415361  0.0576486  0.0264783  0.361757 -0.273941   -9.7985 
               214.3   2.51942 -0.725458  -91.5123 -65.8292  2.99285 -2.22012  0.392673   -1.2662 -0.505185 0.038549 0.048077 0.141315 0.119934 -1.10023 -0.01658 -0.000180497  0.000222696 -3.98355e-05 -0.0415118  0.0576865  0.0264712  0.361721 -0.273929   -9.7985 
               214.4   2.42613 -0.311343  -91.1024 -65.8218  2.88295 -2.22011  0.392673   -1.2662 -0.505185 0.038549 0.048077 0.141315   0.0907198    -1.02778 -0.00961086 -0.000181134  0.000217853 -4.37663e-05 -0.0415581  0.0577231  0.0264836    0.3617 -0.273973   -9.7985 
               214.5   2.39338 -0.433855  -90.4146 -65.8136  2.77561 -2.22023  0.392673   -1.2662 -0.505185 0.038549 0.048077 0.141315  0.118783 -0.977246 0.0245044 -0.000185294   0.00021797 -4.56949e-05 -0.0416371  0.0577365  0.0264812  0.361704 -0.274041   -9.7985 
               214.6   2.39746 -0.548744  -89.8644  -65.802  2.67382 -2.21389  0.392673   -1.2662 -0.505185 0.038549 0.048077 0.141315  0.102605 -0.988991 0.0168579 -0.000187561  0.000219089 -4.64942e-05 -0.041684 0.0577424 0.0264102  0.361708 -0.274081   -9.7985 
               214.7   2.33599 -0.720553  -89.1432 -65.7859  2.57003 -2.21044  0.392673   -1.2662 -0.505185 0.038549 0.048077 0.141315   0.211055   -1.00894 -0.0148749  -0.00018672  0.000220314 -4.83473e-05 -0.041731   0.05774 0.0263678  0.36172 -0.27412 -9.79849 
               214.8   2.26614 -0.797298  -88.2068 -65.7706  2.45803 -2.21106  0.392673   -1.2662 -0.505185 0.038549 0.048077 0.141315   0.131564   -1.11838 -0.0401506 -0.000187224  0.000218753 -5.08417e-05 -0.0417962  0.0577902  0.0263312  0.361691 -0.274184  -9.79849 
               214.9   2.16509 -0.481594  -87.6471 -65.7581  2.33521 -2.21162  0.392673   -1.2662 -0.505185 0.038549 0.048077 0.141315   0.110434    -1.1691 -0.0340798 -0.000191332  0.000216064 -4.51311e-05 -0.0419237  0.0577998  0.0263077  0.36171 -0.27429 -9.79849 
                 215   2.12886 -0.296261  -87.5866 -65.7475  2.21496 -2.21291  0.392673   -1.2662 -0.505185 0.038549 0.048077 0.141315 0.0877294  -1.08916 0.0139353 -0.000190377  0.000217393 -3.99671e-05 -0.0419662  0.0578297  0.0262528  0.361695 -0.274332  -9.79849 
               215.1  2.06929 0.291897 -87.4944 -65.7459   2.1153 -2.19741  0.392673   -1.2662 -0.505185 0.038549 0.048077 0.141315 0.0983477 -0.937682 0.0799969 -0.000188864  0.000209534 -3.79206e-05 -0.0419981   0.057895  0.0261251   0.36165 -0.274373  -9.79849 
               215.2   2.24864 -0.258667  -87.5858 -65.7373  2.02596 -2.18919  0.392673   -1.2662 -0.505185 0.038549 0.048077 0.141315  0.136058 -0.993602 0.0378366 -0.000190061  0.000214995 -3.66063e-05 -0.0419308  0.0579293  0.0260757  0.361607 -0.274327  -9.79849 
               215.3   2.10632 -0.756197  -87.6033 -65.7318  1.92121  -2.1851  0.392673   -1.2662 -0.505185 0.038549 0.048077 0.141315  0.0632559   -1.06927 0.00371746 -0.000188019  0.000217986  -3.5934e-05 -0.0419136  0.0580004   0.026041 0.361546 -0.27433  -9.7985 
               215.4   2.16228 -0.794688  -87.5377 -65.7255  1.81396 -2.17927  0.392673   -1.2662 -0.505185 0.038549 0.048077 0.141315   0.116911   -1.08194 -0.0459864 -0.000188737  0.000216972 -3.56063e-05  -0.04192 0.0580476 0.0259525   0.36151 -0.274348   -9.7985 
               215.5   2.02699 -0.777431  -87.5484 -65.7223  1.69843  -2.1838  0.392673   -1.2662 -0.505185 0.038549 0.048077 0.141315  0.0534948   -1.16485 -0.0979116 -0.000187377  0.000215335 -3.46227e-05 -0.0419767   0.058138   0.025932  0.361451 -0.274416   -9.7985 
               215.6   2.15676 -0.337695  -87.4816 -65.7188  1.57353 -2.18762  0.392673   -1.2662 -0.505185 0.038549 0.048077 0.141315   0.110369   -1.20269 -0.0893517 -0.000189019  0.000212223 -3.50685e-05 -0.0420553  0.0581887  0.0258767  0.361429 -0.274492   -9.7985 
               215.7  2.33524 0.182456 -87.5072 -65.7115  1.45156  -2.1926  0.392673   -1.2662 -0.505185 0.038549 0.048077 0.141315   0.0457783    -1.06087 -0.00651803 -0.000191929  0.000209316 -3.39256e-05 -0.0421415  0.0582316  0.0258795  0.361416 -0.274571  -9.79849 
               215.8  2.31694 0.433632 -87.5449 -65.7126  1.34726 -2.19125  0.392673   -1.2662 -0.505185 0.038549 0.048077 0.141315  0.0273012  -0.960034 0.00259783  -0.00019209  0.000209692 -3.30311e-05 -0.0421681  0.0583033  0.0258425  0.361365 -0.274611  -9.79849 
               215.9  2.39336 0.321614 -87.7628 -65.7118  1.25582  -2.1821  0.392673   -1.2662 -0.505185 0.038549 0.048077 0.141315 -0.0277854  -0.875991  0.0598413 -0.000192846  0.000212262 -3.12207e-05 -0.0421773  0.0582996  0.0257614   0.36137 -0.274619  -9.79849 
                 216   2.47372 -0.112753  -88.1563 -65.7151  1.16065 -2.16982  0.392673   -1.2662 -0.505185 0.038549 0.048077 0.141315  0.0234797   -1.03309 0.00741722 -0.000192582  0.000217534 -3.08398e-05 -0.042204 0.0583393 0.0256525  0.361346 -0.274652  -9.79849 
               216.1   2.52943 -0.568622  -88.3976 -65.7097  1.04817  -2.1716  0.392673   -1.2662 -0.505185 0.038549 0.048077 0.141315  0.0630369   -1.11504 -0.0424862 -0.000189293  0.000217805 -3.13462e-05 -0.042231 0.0583344 0.0256359  0.361356 -0.274673  -9.79849 
               216.2   2.47383 -0.163243  -88.3638 -65.7066 0.939733 -2.16945  0.392673   -1.2662 -0.505185 0.038549 0.048077 0.141315 0.0529036  -1.00123  0.020736 -0.000186819  0.000213778 -3.27717e-05 -0.0422611  0.0583387  0.0255843   0.36136 -0.274699  -9.79849 
               216.3    2.52726 -0.0934619   -88.4903 -65.6994 0.838613 -2.16013  0.392673   -1.2662 -0.505185 0.038549 0.048077 0.141315 0.0337477  -1.02682 0.0440216 -0.000187099  0.000214035 -3.19394e-05 -0.0422956  0.0583075  0.0255226 0.361394 -0.27472 -9.79849 
               216.4    2.5365 -0.577826  -88.4549 -65.6917  0.72848 -2.15612  0.392673   -1.2662 -0.505185 0.038549 0.048077 0.141315  0.0940265   -1.18954 -0.0243951 -0.000187816  0.000218446 -3.54298e-05 -0.0422913  0.0582779  0.0254765  0.361417 -0.274711  -9.79849 
               216.5   2.63063 -0.441842  -88.0548 -65.6794  0.60164 -2.15411  0.392673   -1.2662 -0.505185 0.038549 0.048077 0.141315  0.147093    -1.212 0.0381541 -0.000185912  0.000214897 -4.10534e-05 -0.0423554  0.0583014  0.0254565  0.361413 -0.274768  -9.79849 
               216.6   2.59045 -0.185362   -87.288 -65.6627 0.475914 -2.14787  0.392673   -1.2662 -0.505185 0.038549 0.048077 0.141315  0.150063  -1.22724 0.0601868 -0.000185509  0.000213501 -4.55354e-05 -0.0424054    0.05827  0.0254394   0.36145 -0.274801  -9.79849 
               216.7  2.61383 -0.30619 -86.4933 -65.6388 0.348457 -2.13627  0.392673   -1.2662 -0.505185 0.038549 0.048077 0.141315  0.261937  -1.29464 0.0643613 -0.000185217  0.000214986 -4.72717e-05 -0.0424444  0.0582348  0.0253688  0.361488 -0.274826  -9.79848 
               216.8   2.57062 -0.416336  -85.0758 -65.6066 0.221675 -2.13031  0.392673   -1.2662 -0.505185 0.038549 0.048077 0.141315 0.315759 -1.23983 0.104488 -0.000183414   0.00021712 -5.68689e-05 -0.0424204  0.0582175  0.0254053  0.361496 -0.274802  -9.79848 
               216.9   2.45633 -0.506144  -83.0831  -65.5732 0.0975249  -2.11942  0.392673   -1.2662 -0.505185 0.038549 0.048077 0.141315    0.3418   -1.2684 0.0785795 -0.000182736  0.000218288  -6.5291e-05 -0.042394 0.0582094 0.0254028  0.361496 -0.274779  -9.79848 
                 217   2.44634 -0.743386  -81.3195  -65.5333 -0.035542  -2.11691  0.392673   -1.2662 -0.505185 0.038549 0.048077 0.141315   0.35959  -1.26495 0.0936584 -0.000182283  0.000221788 -6.50365e-05 -0.0424665  0.0581864  0.0254831  0.361532 -0.274829  -9.79848 
               217.1   2.38842 -0.643629  -79.6243  -65.4911 -0.161866  -2.11216  0.392673   -1.2662 -0.505185 0.038549 0.048077 0.141315   0.43104  -1.22983 0.0741777 -0.000183472  0.000219757 -6.38181e-05 -0.042491 0.0581466 0.0255209   0.36157 -0.274838  -9.79848 
               217.2    2.3144 -0.753973  -78.0414  -65.4425 -0.279641  -2.11016  0.392673   -1.2662 -0.505185 0.038549 0.048077 0.141315  0.455802  -1.20289 0.0293354 -0.000183853  0.000218875 -6.12954e-05 -0.0424548  0.0581145  0.0255663 0.361586  -0.2748 -9.79848 
               217.3    2.1711 -0.906104  -76.3122   -65.391 -0.401878  -2.10652  0.392673   -1.2662 -0.505185 0.038549 0.048077 0.141315    0.48066   -1.23682 -0.0112242 -0.000184134  0.000219655 -6.11873e-05 -0.0424821  0.0580549  0.0255547  0.361641 -0.274803  -9.79848 
               217.4  2.18658 -1.04311 -75.0034  -65.3383 -0.530951  -2.11402  0.392673   -1.2662 -0.505185 0.038549 0.048077 0.141315  0.566334  -1.20222 -0.101458  -0.00018654  0.000217796 -5.44379e-05 -0.042557 0.0580578 0.0255657  0.361663 -0.274862  -9.79848 
               217.5  2.09268 -0.82712 -73.9287  -65.2852 -0.655778  -2.11813  0.392673   -1.2662 -0.505185 0.038549 0.048077 0.141315   0.551714    -1.1619 -0.0885024 -0.000188582  0.000214967 -4.95826e-05 -0.0426465   0.058114  0.0254915   0.36165 -0.274951  -9.79847 
               217.6  2.06951 -1.02723 -72.7708  -65.2266 -0.781259  -2.12016  0.392673   -1.2662 -0.505185 0.038549 0.048077 0.141315   0.589048   -1.18694 -0.0816187 -0.000192499   0.00021621 -4.83712e-05 -0.0427341  0.0581384  0.0253779  0.361662 -0.275029  -9.79847 
               217.7  1.94624 -1.00964 -71.7695  -65.1688 -0.910228  -2.11445  0.392673   -1.2662 -0.505185 0.038549 0.048077 0.141315   0.569465   -1.27308 -0.0408483 -0.000193217  0.000214889 -4.44282e-05 -0.0428461  0.0581551  0.0252181  0.361692 -0.275121  -9.79847 
               217.8  2.03679 -1.10662 -71.1108 -65.1063 -1.03884 -2.10652  0.392673   -1.2662 -0.505185 0.038549 0.048077 0.141315   0.635698   -1.25134 -0.0100764 -0.000196677  0.000214849 -4.03992e-05 -0.0428908  0.0581582  0.0250533  0.361708 -0.275158  -9.79847 
               217.9  1.91502 -1.08444 -70.2933 -65.0481 -1.17403   -2.092  0.392673   -1.2662 -0.505185 0.038549 0.048077 0.141315  0.615822  -1.26318 0.0667505 -0.000193932  0.000215841  -4.1439e-05 -0.0429576  0.0582585  0.0248562 0.361662 -0.27525 -9.79847 
                 218  1.89592 -1.02183 -69.4614 -64.9883 -1.30158 -2.07305  0.392673   -1.2662 -0.505185 0.038549 0.048077 0.141315  0.677684  -1.22837 0.0926029 -0.000197463  0.000213966 -4.34037e-05 -0.0429719  0.0583133   0.024698  0.361629 -0.275286  -9.79847 
               218.1  1.79724 -1.12653 -68.4246 -64.9206 -1.42293 -2.05885  0.392673   -1.2662 -0.505185 0.038549 0.048077 0.141315  0.700572   -1.2012 0.0762262 -0.000195416  0.000214851 -4.70985e-05 -0.0429526   0.058315  0.0246215  0.361619 -0.275274  -9.79847 
               218.2  1.70504 -1.11005 -67.1346 -64.8495   -1.547 -2.04866  0.392673   -1.2662 -0.505185 0.038549 0.048077 0.141315  0.746968  -1.16422 0.0890019 -0.000195014  0.000214936  -5.1059e-05 -0.0430258   0.058358  0.0245938   0.36162 -0.275345  -9.79846 
               218.3  1.59841 -1.06744 -65.7915 -64.7787 -1.66331 -2.03904  0.392673   -1.2662 -0.505185 0.038549 0.048077 0.141315 0.743453 -1.13983 0.100931 -0.000195136  0.000214879 -5.28642e-05 -0.0430202  0.0584165  0.0245975  0.361576 -0.275368  -9.79846 
               218.4  1.46297 -1.21734 -64.3807 -64.7044 -1.78296  -2.0277  0.392673   -1.2662 -0.505185 0.038549 0.048077 0.141315  0.748301  -1.19542 0.0781831 -0.000195458  0.000218298 -5.26013e-05 -0.0430527  0.0584387   0.024571  0.361576 -0.275401  -9.79846 
               218.5  1.41755 -1.11029 -63.2073 -64.6265 -1.90624 -2.02341  0.392673   -1.2662 -0.505185 0.038549 0.048077 0.141315  0.80047 -1.14192 0.115711  -0.00019677   0.00021659 -5.11383e-05 -0.0431169  0.0584667  0.0246514  0.361587 -0.275458  -9.79846 
               218.6   1.34248 -0.990495  -61.8157 -64.5492 -2.01655 -2.01365  0.392673   -1.2662 -0.505185 0.038549 0.048077 0.141315 0.780706 -1.12552 0.110738 -0.000198424  0.000216356 -5.54689e-05 -0.0430766  0.0584751  0.0246731  0.361561 -0.275434  -9.79846 
               218.7  1.29627 -1.09197  -60.157  -64.467 -2.13088 -2.00925  0.392673   -1.2662 -0.505185 0.038549 0.048077 0.141315  0.843595  -1.12388 0.0426171 -0.000200471  0.000215858 -5.95844e-05 -0.0431072  0.0584662  0.0247205 0.361581 -0.27545 -9.79846 
               218.8  1.23732 -1.11247 -58.8381 -64.3839 -2.24468 -2.01107  0.392673   -1.2662 -0.505185 0.038549 0.048077 0.141315  0.858685  -1.10941 0.0336244 -0.000198019  0.000217828 -5.66842e-05 -0.0431148  0.0585097  0.0247813  0.361556 -0.275477  -9.79846 
               218.9  1.19742 -1.03394 -57.5065 -64.2983  -2.3519 -2.00724  0.392673   -1.2662 -0.505185 0.038549 0.048077 0.141315  0.930983  -1.08774 0.0490168 -0.000199022  0.000217837 -5.67489e-05 -0.0430757  0.0585305   0.024785  0.361522 -0.275462  -9.79846 
                 219   1.09992 -0.858068  -55.9952 -64.2035 -2.45201 -2.00202  0.392673   -1.2662 -0.505185 0.038549 0.048077 0.141315 0.919112 -1.00319 0.131822  -0.00019875  0.000216338 -5.93835e-05 -0.0430379  0.0584704  0.0248427  0.361539 -0.275405  -9.79847 
               219.1   1.11624 -0.955326  -54.2359 -64.1086 -2.55074 -1.98929  0.392673   -1.2662 -0.505185 0.038549 0.048077 0.141315  0.978342   -1.0365 0.0549752 -0.000201886  0.000220427 -6.28725e-05 -0.0429988  0.0584383  0.0248039  0.361538 -0.275363  -9.79847 
               219.2   1.07047 -0.926478  -52.7797 -64.0102 -2.65018 -1.98886  0.392673   -1.2662 -0.505185 0.038549 0.048077 0.141315   0.94614 -0.948049 0.0674171 -0.000199003  0.000217965 -6.17156e-05 -0.042997 0.0584276 0.0248735  0.361543 -0.275355  -9.79847 
               219.3   1.02274 -0.727897  -51.3702 -63.9121 -2.73463 -1.98188  0.392673   -1.2662 -0.505185 0.038549 0.048077 0.141315   1.02902 -0.865515 0.0553294 -0.000199679  0.000218821 -6.13097e-05 -0.0429394  0.0583697  0.0248717  0.361545 -0.275286  -9.79847 
               219.4   1.01452 -0.924866  -49.7978 -63.8133 -2.81304 -1.97688  0.392673   -1.2662 -0.505185 0.038549 0.048077 0.141315   1.03088 -0.860942 0.0465173 -0.000200546  0.000219306 -6.47684e-05 -0.0428228  0.0583648  0.0248931  0.361478 -0.275214  -9.79847 
               219.5 0.917069  -1.0295 -48.1236 -63.7071 -2.89852 -1.97643  0.392673   -1.2662 -0.505185 0.038549 0.048077 0.141315    1.06246  -0.862006 0.00458529 -0.000199762  0.000221206 -6.30635e-05 -0.0428278  0.0583422  0.0249288  0.361494 -0.275203  -9.79847 
               219.6 0.846795 -0.94459 -46.9739 -63.5996 -2.98684 -1.97443  0.392673   -1.2662 -0.505185 0.038549 0.048077 0.141315   1.08294  -0.84967 0.0285666 -0.000202102  0.000217637 -5.67883e-05 -0.0428527  0.0583895  0.0249061  0.361484 -0.275246  -9.79847 
               219.7  0.722813 -0.765294  -45.6651 -63.4977 -3.06774 -1.97236  0.392673   -1.2662 -0.505185 0.038549 0.048077 0.141315   1.07524 -0.791112 0.0364136   -0.0002041  0.000213873 -5.80957e-05 -0.0427613  0.0584578  0.0249113  0.361389 -0.275239  -9.79848 
               219.8  0.654916 -0.774636  -44.0405 -63.3838 -3.15337 -1.96116  0.392673   -1.2662 -0.505185 0.038549 0.048077 0.141315   1.11789 -0.823078 0.0737839 -0.000208611  0.000220298 -6.09216e-05 -0.0428339  0.0584615  0.0248371  0.361434 -0.275282  -9.79847 
               219.9  0.517831 -0.755271  -42.6452 -63.2715 -3.23543 -1.95477  0.392673   -1.2662 -0.505185 0.038549 0.048077 0.141315   1.15164 -0.771694 0.0623914 -0.000208126  0.000217856 -5.98531e-05 -0.0428275  0.0584694  0.0248346  0.361426 -0.275284  -9.79847 
                 220  0.359257 -0.520105  -41.2104 -63.1589 -3.30865 -1.94948  0.392673   -1.2662 -0.505185 0.038549 0.048077 0.141315   1.15189 -0.708959 0.0741558 -0.000205441  0.000214999 -6.24509e-05 -0.0427996  0.0584508  0.0248577  0.361416 -0.275257  -9.79847 
               220.1  0.256713 -0.575976  -39.6585 -63.0438 -3.37395 -1.94525  0.392673   -1.2662 -0.505185 0.038549 0.048077 0.141315    1.1726 -0.698235 0.0630852 -0.000205542  0.000216275 -6.31824e-05 -0.0427565  0.0584196  0.0248941  0.361402 -0.275214  -9.79848 
               220.2  0.205817 -0.602787  -38.0673 -62.9223 -3.44798 -1.94187  0.392673   -1.2662 -0.505185 0.038549 0.048077 0.141315   1.19398 -0.701137 0.0675367 -0.000206171  0.000216218 -6.20957e-05 -0.0428179  0.0584251  0.0249302  0.361441 -0.275247  -9.79847 
               220.3  0.141494 -0.497715  -36.8235 -62.8037 -3.52316 -1.93277  0.392673   -1.2662 -0.505185 0.038549 0.048077 0.141315  1.22237 -0.73462 0.117314 -0.000206612  0.000215493 -6.04434e-05 -0.0428261   0.058496  0.0249133 0.361414  -0.2753 -9.79847 
               220.4 0.0981646 -0.444066  -35.5465 -62.6789 -3.59177 -1.92311  0.392673   -1.2662 -0.505185 0.038549 0.048077 0.141315   1.20331 -0.740438  0.128167 -0.000207155  0.000217538 -6.06028e-05 -0.0428333  0.0584447   0.024954  0.361441 -0.275267  -9.79847 
               220.5  0.079277 -0.620193  -34.4394 -62.5516 -3.67836 -1.91213  0.392673   -1.2662 -0.505185 0.038549 0.048077 0.141315   1.28971  -0.85927 0.0481639 -0.000207716  0.000222606 -5.72837e-05 -0.0429389  0.0585218  0.0249367  0.361484 -0.275368  -9.79847 
               220.6 0.0497794 -0.626251  -34.0821  -62.422 -3.76396 -1.91393  0.392673   -1.2662 -0.505185 0.038549 0.048077 0.141315   1.32634 -0.849736   0.04204 -0.000208065  0.000218483 -4.77978e-05 -0.0429193  0.0585319  0.0250372  0.361464 -0.275366  -9.79847 
               220.7 0.0580849 -0.388229  -33.9006 -62.2956 -3.84057 -1.91442  0.392673   -1.2662 -0.505185 0.038549 0.048077 0.141315   1.29488 -0.792314 0.0044473 -0.000207062  0.000217497  -4.5316e-05 -0.0428223  0.0585154  0.0250858  0.361398 -0.275314  -9.79847 
               220.8 0.000991504   -0.303379    -33.4041  -62.172 -3.91572 -1.91553  0.392673   -1.2662 -0.505185 0.038549 0.048077 0.141315   1.21108 -0.686132 0.0294459 -0.000205564  0.000217723 -4.59338e-05 -0.0427961  0.0585229  0.0251334  0.361375 -0.275308  -9.79847 
               220.9 -0.0646501  -0.534018   -33.1452 -62.0483 -3.97862 -1.91169  0.392673   -1.2662 -0.505185 0.038549 0.048077 0.141315   1.29263 -0.696076 0.0212142 -0.000206382   0.00022077 -4.40154e-05 -0.0427354  0.0584667  0.0250888  0.361352 -0.275244  -9.79848 
                 221 -0.110829 -0.682336  -32.5052 -61.9256 -4.03733 -1.90929  0.392673   -1.2662 -0.505185 0.038549 0.048077 0.141315    1.2855 -0.630823 0.0580235 -0.000207724  0.000218673 -4.66165e-05 -0.0425795  0.0584172  0.0251108  0.361254 -0.275148  -9.79848 
               221.1 -0.376036 -0.514292   -31.836  -61.798  -4.0991 -1.89824  0.392673   -1.2662 -0.505185 0.038549 0.048077 0.141315   1.25302 -0.636586 0.0220567 -0.000205874  0.000215522  -4.8522e-05 -0.0425767  0.0583971  0.0250163  0.361262 -0.275133  -9.79848 
               221.2 -0.468639 -0.638551  -31.2706 -61.6735  -4.1637 -1.89664  0.392673   -1.2662 -0.505185 0.038549 0.048077 0.141315    1.27305  -0.670799 0.00362785 -0.000210868  0.000213541 -4.60571e-05 -0.0425574  0.0584196  0.0250088   0.36124 -0.275143  -9.79848 
               221.3 -0.581278 -0.639358  -31.0855 -61.5466 -4.23776 -1.89433  0.392673   -1.2662 -0.505185 0.038549 0.048077 0.141315   1.23961 -0.690447 0.0128324 -0.000209517  0.000213044  -3.9282e-05 -0.0426011  0.0584783  0.0249749  0.361253 -0.275204  -9.79848 
               221.4 -0.482504  -0.80584  -31.1223 -61.4184 -4.31334 -1.88745  0.392673   -1.2662 -0.505185 0.038549 0.048077 0.141315   1.24313 -0.741614 0.0737948 -0.000213086  0.000214011 -3.61202e-05 -0.0426754  0.0585192  0.0249184  0.361297 -0.275261  -9.79848 
               221.5 -0.326261 -0.945842  -31.2451 -61.2965 -4.39361 -1.87146  0.392673   -1.2662 -0.505185 0.038549 0.048077 0.141315   1.23785 -0.710184 0.0935807 -0.000212522  0.000214644 -3.33884e-05 -0.042716 0.0586049 0.0248414    0.3613 -0.275341  -9.79848 
               221.6 -0.0926603   -1.37721   -31.5097 -61.1699 -4.45671 -1.86513  0.392673   -1.2662 -0.505185 0.038549 0.048077 0.141315   1.26225 -0.611612 0.0180364 -0.000213464  0.000216838 -3.38287e-05 -0.042697 0.0585524 0.0248157  0.361304 -0.275295  -9.79848 
               221.7 -0.0159045   -1.23125   -31.1763  -61.045 -4.52269  -1.8636  0.392673   -1.2662 -0.505185 0.038549 0.048077 0.141315   1.26041 -0.581006 0.0344032  -0.00021039  0.000216966 -3.92359e-05 -0.0427257  0.0586171  0.0248017  0.361304 -0.275354  -9.79848 
               221.8 0.0578198  -1.18695  -30.6068 -60.9143 -4.58655 -1.85959  0.392673   -1.2662 -0.505185 0.038549 0.048077 0.141315   1.31939 -0.583306 -0.011655 -0.000209452  0.000215488 -4.22583e-05 -0.0427826  0.0586528  0.0247611  0.361337 -0.275401  -9.79847 
               221.9 0.0621804 -0.979533  -29.8934 -60.7784 -4.64765 -1.85821  0.392673   -1.2662 -0.505185 0.038549 0.048077 0.141315    1.30343  -0.522672 -0.0539678  -0.00020874  0.000212328 -4.37841e-05 -0.0428594  0.0586944   0.024703  0.361383 -0.275459  -9.79847 
                 222 0.0562239 -0.558748  -28.9652 -60.6494 -4.70091 -1.86244  0.392673   -1.2662 -0.505185 0.038549 0.048077 0.141315    1.29044  -0.435953 -0.0721221 -0.000207542  0.000208198 -4.51162e-05 -0.0428904  0.0587646  0.0246839  0.361383 -0.275523  -9.79847 
               222.1 -0.00836742   -0.433423    -27.9089 -60.5156  -4.7556 -1.86295  0.392673   -1.2662 -0.505185 0.038549 0.048077 0.141315    1.25302  -0.468573 -0.0489744 -0.000206603  0.000209848 -4.51686e-05 -0.0430186  0.0588731  0.0246044 0.361447 -0.27565 -9.79846 
               222.2 -0.0360734  -0.530706    -26.895 -60.3809 -4.82212 -1.86149  0.392673   -1.2662 -0.505185 0.038549 0.048077 0.141315   1.31491 -0.461787  -0.06975 -0.000206668  0.000213493 -4.37447e-05 -0.0432134  0.0590782  0.0245083  0.361532 -0.275872  -9.79845 
               222.3 0.0762358 -0.487799  -26.0763 -60.2509 -4.87589 -1.85526  0.392673   -1.2662 -0.505185 0.038549 0.048077 0.141315   1.29395 -0.446624 0.0430101 -0.000206296  0.000214392 -4.24104e-05 -0.0432588   0.059215  0.0243986  0.361525 -0.275993  -9.79845 
               222.4 -0.0754118  -0.543775   -25.2139 -60.1199 -4.92261 -1.83606  0.392673   -1.2662 -0.505185 0.038549 0.048077 0.141315    1.3355 -0.441776  0.121686 -0.000206322  0.000216568 -4.35604e-05 -0.043279 0.0592648  0.024263 0.361528 -0.27604 -9.79845 
               222.5 -0.122168 -0.750596  -24.0054 -59.9836 -4.96583 -1.82164  0.392673   -1.2662 -0.505185 0.038549 0.048077 0.141315   1.44008  -0.44709 0.0312977 -0.000204604  0.000219609 -4.71728e-05 -0.0432489   0.059258  0.0241868  0.361509 -0.276027  -9.79845 
               222.6 -0.211271 -0.405582  -22.8307 -59.8414 -5.01208 -1.81603  0.392673   -1.2662 -0.505185 0.038549 0.048077 0.141315    1.3561 -0.406061  0.110751  -0.0002028 0.000215508 -4.7662e-05 -0.0432793  0.0593024  0.0241855 0.361519 -0.27607 -9.79845 
               222.7 -0.234132 0.0101816  -21.5441 -59.7039 -5.05149 -1.80838  0.392673   -1.2662 -0.505185 0.038549 0.048077 0.141315   1.36276 -0.296792 0.0935273  -0.00020544    0.0002165 -5.05018e-05 -0.0433213  0.0593517  0.0242288 0.361537 -0.27612 -9.79845 
               222.8 -0.188992 -0.158251  -19.6478 -59.5803 -5.07617 -1.80177  0.392673   -1.2662 -0.505185 0.038549 0.048077 0.141315   1.30888 -0.278459  0.146494 -0.000204729  0.000221095 -5.65127e-05 -0.0431753  0.0593489  0.0243112  0.361419 -0.276077  -9.79845 
               222.9 -0.199682 -0.498845  -17.8421 -59.4421 -5.10886 -1.79144  0.392673   -1.2662 -0.505185 0.038549 0.048077 0.141315   1.39747 -0.277141  0.145683 -0.000205184  0.000223149 -5.52713e-05 -0.0432389  0.0593807  0.0243534   0.36146 -0.276119  -9.79845 
                 223 -0.264543 -0.579568   -16.498 -59.3101  -5.1338 -1.77931  0.392673   -1.2662 -0.505185 0.038549 0.048077 0.141315   1.41329 -0.299512  0.136758 -0.000203566  0.000221498 -5.41359e-05 -0.0431223  0.0593708   0.024407  0.361368 -0.276082  -9.79845 
               223.1  -0.20091 -0.775575   -15.178 -59.1706 -5.16082 -1.77412  0.392673   -1.2662 -0.505185 0.038549 0.048077 0.141315   1.43358 -0.332458  0.160457 -0.000203682  0.000223448 -5.13389e-05 -0.043051 0.0593639 0.0245028   0.36131 -0.276059  -9.79846 
               223.2 -0.25171  -0.6644 -14.2015 -59.0243 -5.19562 -1.76672  0.392673   -1.2662 -0.505185 0.038549 0.048077 0.141315  1.52203 -0.34462 0.108691 -0.000201919  0.000222178 -4.65927e-05 -0.043021 0.0593807 0.0246023  0.361279 -0.276065  -9.79846 
               223.3 -0.361461 -0.556423  -13.8012 -58.8806 -5.22597 -1.76438  0.392673   -1.2662 -0.505185 0.038549 0.048077 0.141315   1.41905 -0.335796 0.0929486  -0.00020209  0.000222127 -4.14518e-05 -0.0429206  0.0593356  0.0247077  0.361204 -0.276009  -9.79846 
               223.4 -0.455406 -0.241912  -13.4446 -58.7519  -5.2471 -1.76263  0.392673   -1.2662 -0.505185 0.038549 0.048077 0.141315   1.28032 -0.251982  0.173254 -0.000202638  0.000221568 -4.11535e-05 -0.0428081  0.0592406  0.0248511 0.361126 -0.27591 -9.79847 
               223.5 -0.409862 -0.374889  -12.8791  -58.626 -5.26636 -1.75357  0.392673   -1.2662 -0.505185 0.038549 0.048077 0.141315     1.351 -0.305261  0.150368  -0.00020514  0.000225455 -4.10718e-05 -0.0427297  0.0591502  0.0249691  0.361074 -0.275822  -9.79847 
               223.6 -0.444782 -0.925478  -12.5707 -58.4861 -5.29537 -1.75244  0.392673   -1.2662 -0.505185 0.038549 0.048077 0.141315   1.55296 -0.364549 0.0440794 -0.000204707   0.00022832 -3.92983e-05 -0.0426324  0.0591124  0.0250907  0.360997 -0.275775  -9.79847 
               223.7 -0.447674 -0.648659  -12.5915 -58.3409 -5.31683 -1.75102  0.392673   -1.2662 -0.505185 0.038549 0.048077 0.141315   1.50897 -0.331772  0.086482 -0.000204664  0.000221178 -3.49863e-05 -0.042462 0.0589885 0.0251611  0.360874 -0.275649  -9.79848 
               223.8  -0.47398 -0.291595  -12.5028 -58.1965 -5.34716 -1.74665  0.392673   -1.2662 -0.505185 0.038549 0.048077 0.141315   1.45836 -0.366211 0.0890491 -0.000205095  0.000219657 -3.48441e-05 -0.0423937  0.0589461   0.025224  0.360821 -0.275604  -9.79849 
               223.9 -0.310369 -0.322033  -12.6487 -58.0551  -5.3832 -1.74186  0.392673   -1.2662 -0.505185 0.038549 0.048077 0.141315    1.4542 -0.310983 0.0595053 -0.000204636  0.000222707 -3.17958e-05 -0.0423336  0.0589736  0.0252833  0.360767 -0.275619  -9.79849 
                 224 -0.364248  -0.14769  -12.9469 -57.9225 -5.40818 -1.74046  0.392673   -1.2662 -0.505185 0.038549 0.048077 0.141315   1.34138 -0.281659  0.188634 -0.000200053  0.000223583 -3.08205e-05 -0.0422244  0.0589348  0.0254222  0.360678 -0.275572  -9.79849 
               224.1 -0.318158 -0.439272  -12.6951 -57.7861 -5.43249 -1.73232  0.392673   -1.2662 -0.505185 0.038549 0.048077 0.141315   1.47427 -0.315477 0.0724362 -0.000199784  0.000228341 -3.63344e-05 -0.0421689  0.0588733  0.0255049  0.360637 -0.275514   -9.7985 
               224.2 -0.367709 -0.722715  -12.6017 -57.6318 -5.46052  -1.7315  0.392673   -1.2662 -0.505185 0.038549 0.048077 0.141315   1.45941 -0.309061 0.0950374 -0.000197634  0.000227637 -3.57395e-05 -0.0422199  0.0588069  0.0255864  0.360685 -0.275465   -9.7985 
               224.3 -0.416177 -0.435824  -12.7487 -57.4945 -5.49079 -1.71935  0.392673   -1.2662 -0.505185 0.038549 0.048077 0.141315   1.36558 -0.332759  0.160275 -0.000200045  0.000225518 -3.48634e-05 -0.0421679  0.0587975  0.0256082 0.360643 -0.27545  -9.7985 
               224.4 -0.422578 -0.924598  -12.8539 -57.3589 -5.51941 -1.71545  0.392673   -1.2662 -0.505185 0.038549 0.048077 0.141315   1.42821 -0.337071 0.0499676 -0.000199796  0.000228701 -3.55945e-05 -0.042107 0.0587545 0.0257035  0.360595 -0.275407   -9.7985 
               224.5 -0.456679  -1.03696  -12.7938 -57.2191 -5.54856 -1.71372  0.392673   -1.2662 -0.505185 0.038549 0.048077 0.141315    1.3107 -0.333511  0.127601 -0.000199448  0.000224103 -3.63903e-05 -0.0420985  0.0587045  0.0257686  0.360592 -0.275364   -9.7985 
               224.6 -0.517857  -0.79073  -12.8443 -57.0914 -5.57568 -1.70134  0.392673   -1.2662 -0.505185 0.038549 0.048077 0.141315    1.3431 -0.355467   0.11425 -0.000199326  0.000223912 -3.52777e-05 -0.0420735   0.058637  0.0258017  0.360579 -0.275305   -9.7985 
               224.7 -0.485881   -1.4393  -12.9284  -56.949 -5.60383 -1.69899  0.392673   -1.2662 -0.505185 0.038549 0.048077 0.141315    1.58374  -0.351343 -0.0264137 -0.000199237  0.000227781 -3.50117e-05 -0.0420186  0.0585557    0.02587  0.360543 -0.275231  -9.79851 
               224.8 -0.582021  -1.17607  -13.0111  -56.796 -5.63626 -1.71342  0.392673   -1.2662 -0.505185 0.038549 0.048077 0.141315   1.42092 -0.325518 0.0149957 -0.000198485  0.000222034 -3.60675e-05 -0.0419479  0.0585236  0.0259439  0.360487 -0.275195  -9.79851 
               224.9 -0.700935  0.194357  -13.1772 -56.6667   -5.663 -1.70574  0.392673   -1.2662 -0.505185 0.038549 0.048077 0.141315   1.21522 -0.278111 0.0670196 -0.000198594  0.000216889 -3.44945e-05 -0.0419559  0.0584903   0.025934  0.360498 -0.275169  -9.79851 
                 225  -0.65293 -0.306588  -13.3926 -56.5532 -5.68483 -1.70087  0.392673   -1.2662 -0.505185 0.038549 0.048077 0.141315   1.25597 -0.282041 0.0799999 -0.000202199  0.000227819  -3.5291e-05 -0.0418321  0.0584288  0.0259911  0.360402 -0.275102  -9.79852 
               225.1 -0.558892 -0.792698  -13.3819 -56.4256 -5.71516 -1.69786  0.392673   -1.2662 -0.505185 0.038549 0.048077 0.141315   1.35292 -0.297662 0.0481783 -0.000200582  0.000230169 -3.55989e-05 -0.0417802  0.0584395  0.0260143  0.360358 -0.275104  -9.79852 
               225.2 -0.534421 -0.732616   -13.468 -56.2941 -5.73816 -1.69005  0.392673   -1.2662 -0.505185 0.038549 0.048077 0.141315   1.28008 -0.254559 0.0348321 -0.000201872  0.000226189 -3.53008e-05 -0.0417548   0.058371  0.0259838  0.360346 -0.275045  -9.79852 
               225.3 -0.655058 -0.603269  -13.5134 -56.1794 -5.76267 -1.68144  0.392673   -1.2662 -0.505185 0.038549 0.048077 0.141315   1.01504 -0.203285  0.120051 -0.000200188   0.00022469 -3.66637e-05 -0.0417323  0.0583783  0.0259666  0.360327 -0.275048  -9.79852 
               225.4 -0.636889 -0.695204  -13.3988   -56.08 -5.78276 -1.66508  0.392673   -1.2662 -0.505185 0.038549 0.048077 0.141315   1.05795 -0.232408  0.114682 -0.000200509  0.000225551 -3.76464e-05 -0.0417143  0.0583528  0.0259299  0.360317 -0.275025  -9.79852 
               225.5 -0.569421  -1.41356  -13.5482 -55.9679 -5.80547 -1.66332  0.392673   -1.2662 -0.505185 0.038549 0.048077 0.141315     1.23772   -0.227913 -0.00238461 -0.000202104  0.000230291 -3.55649e-05 -0.0416541  0.0583539  0.0259596  0.360267 -0.275018  -9.79852 
               225.6 -0.665505 -0.997565  -13.6561 -55.8471 -5.83029 -1.66344  0.392673   -1.2662 -0.505185 0.038549 0.048077 0.141315    1.1285 -0.199126 0.0468015  -0.00019998   0.00022476 -3.53087e-05 -0.041658 0.0583748 0.0259852  0.360266 -0.275035  -9.79852 
               225.7 -0.712248 -0.618797   -13.648 -55.7368 -5.85246 -1.65931  0.392673   -1.2662 -0.505185 0.038549 0.048077 0.141315   1.14048 -0.223578 0.0603101 -0.000201925   0.00022456 -3.62424e-05  -0.04166 0.0584058 0.0260226  0.360263 -0.275061  -9.79852 
               225.8 -0.716679  -1.00917  -13.4742 -55.6179 -5.87677 -1.66332  0.392673   -1.2662 -0.505185 0.038549 0.048077 0.141315   1.20386 -0.218466 -0.023449 -0.000204615  0.000228026 -3.83693e-05 -0.0416539  0.0584339  0.0260792  0.360253 -0.275082  -9.79852 
               225.9 -0.841572 -0.555804  -13.3199 -55.4987 -5.90191  -1.6574  0.392673   -1.2662 -0.505185 0.038549 0.048077 0.141315   1.11802 -0.216844 0.0501688 -0.000204019  0.000222878 -3.85091e-05 -0.0417032  0.0584738  0.0260377  0.360289 -0.275122  -9.79852 
                 226 -0.957042 -0.516944  -13.1973 -55.3881 -5.92612  -1.6535  0.392673   -1.2662 -0.505185 0.038549 0.048077 0.141315   1.11866 -0.200192 0.0911452 -0.000204624  0.000227063 -4.01936e-05 -0.0417065  0.0585132  0.0260609  0.360286 -0.275154  -9.79852 
               226.1 -0.965801 -0.691237  -12.9033 -55.2719 -5.94728 -1.64644  0.392673   -1.2662 -0.505185 0.038549 0.048077 0.141315   1.30309 -0.253016 0.0006422 -0.000205133  0.000228748 -4.15454e-05 -0.0416482  0.0585087  0.0260521  0.360239 -0.275143  -9.79852 
               226.2  -1.07752 -0.712927  -12.6643 -55.1439 -5.97321 -1.64833  0.392673   -1.2662 -0.505185 0.038549 0.048077 0.141315   1.28148 -0.285652  0.049149 -0.000206047  0.000226959 -4.21979e-05 -0.041602 0.0585102 0.0261011  0.360199 -0.275138  -9.79852 
               226.3  -1.14858 -0.512728  -12.6429 -55.0108 -6.00067 -1.64678  0.392673   -1.2662 -0.505185 0.038549 0.048077 0.141315   1.31781 -0.279703 0.0152439 -0.000208907  0.000228435 -3.93276e-05 -0.0416301  0.0584937  0.0261101  0.360224 -0.275128  -9.79852 
               226.4    -1.182 -0.484475  -12.7185 -54.8826 -6.02568 -1.64164  0.392673   -1.2662 -0.505185 0.038549 0.048077 0.141315    1.3053  -0.29145 0.0461506 -0.000209927  0.000225409  -3.8916e-05 -0.0415953  0.0584588  0.0260806  0.360201 -0.275095  -9.79852 
               226.5  -1.19096 -0.615375  -12.7993 -54.7505 -6.05523 -1.63457  0.392673   -1.2662 -0.505185 0.038549 0.048077 0.141315    1.3593 -0.314781 0.0597252 -0.000208363   0.00022586 -3.83981e-05 -0.0416032  0.0584476  0.0260449   0.36021 -0.275087  -9.79852 
               226.6  -1.10702 -0.933188  -12.9252 -54.6094 -6.08903  -1.6277  0.392673   -1.2662 -0.505185 0.038549 0.048077 0.141315    1.4842 -0.345296 0.0177712 -0.000210979  0.000226181 -3.81218e-05 -0.0415804  0.0584635  0.0260177   0.36019 -0.275097  -9.79852 
               226.7  -1.1282 -0.91111 -13.1384 -54.4582 -6.12615 -1.62233  0.392673   -1.2662 -0.505185 0.038549 0.048077 0.141315   1.48753  -0.34673 0.0695708 -0.000209922  0.000224658 -3.73717e-05 -0.0416175  0.0584754  0.0260045  0.360219 -0.275112  -9.79852 
               226.8  -1.03253 -0.787718   -13.237 -54.3155 -6.15431 -1.61313  0.392673   -1.2662 -0.505185 0.038549 0.048077 0.141315   1.44251 -0.335614 0.0389648 -0.000209687  0.000223924 -3.80246e-05 -0.0415592  0.0584342  0.0259686  0.360178 -0.275071  -9.79852 
               226.9   -1.0253 -0.921082  -13.1683 -54.1721 -6.18549 -1.61084  0.392673   -1.2662 -0.505185 0.038549 0.048077 0.141315   1.45614 -0.312497  0.011597 -0.000209749  0.000225004 -3.86741e-05 -0.0415396  0.0584179  0.0259923  0.360163 -0.275055  -9.79853 
                 227  -1.00773 -0.958204  -13.3569 -54.0317 -6.21066 -1.61125  0.392673   -1.2662 -0.505185 0.038549 0.048077 0.141315   1.37791 -0.250345 0.0254839 -0.000207544  0.000223147 -3.75526e-05 -0.0415036  0.0583794  0.0260053  0.360138 -0.275019  -9.79853 
               227.1 -0.955212 -0.985274  -13.3604  -53.894 -6.23744 -1.60732  0.392673   -1.2662 -0.505185 0.038549 0.048077 0.141315    1.44307  -0.271332 0.00479232 -0.000207961  0.000225688 -3.86053e-05 -0.0414735  0.0583971  0.0259495  0.360113 -0.275029  -9.79853 
               227.2 -0.944542  -1.10153  -13.3602 -53.7454 -6.26126 -1.60059  0.392673   -1.2662 -0.505185 0.038549 0.048077 0.141315   1.45492  -0.25494 0.0301593 -0.000208491  0.000224196 -3.86455e-05 -0.0414951  0.0583394  0.0258734   0.36014 -0.274985  -9.79853 
               227.3  -1.00558 -0.960639  -13.3746 -53.6015 -6.29315 -1.59294  0.392673   -1.2662 -0.505185 0.038549 0.048077 0.141315   1.40228 -0.264981 0.0259262 -0.000207308  0.000223896 -3.86189e-05 -0.041546 0.0584035   0.02581  0.360175 -0.275044  -9.79853 
               227.4 -1.06361 -1.17303 -13.3575 -53.4616 -6.32456 -1.57982  0.392673   -1.2662 -0.505185 0.038549 0.048077 0.141315   1.43927  -0.29247 0.0894883 -0.000208558  0.000225259 -3.92339e-05 -0.0415371  0.0584634  0.0257284  0.360161 -0.275092  -9.79852 
               227.5 -1.04448 -1.54363 -13.1581 -53.3105 -6.36038  -1.5651  0.392673   -1.2662 -0.505185 0.038549 0.048077 0.141315   1.50039 -0.320609 0.0633775 -0.000209605  0.000228603 -4.01967e-05 -0.041602 0.0585073 0.0256483   0.36021 -0.275136  -9.79852 
               227.6  -1.0466 -1.54567  -13.219 -53.1625 -6.38632 -1.55946  0.392673   -1.2662 -0.505185 0.038549 0.048077 0.141315   1.44533 -0.254624 0.0352527  -0.00021025  0.000224038 -3.79803e-05 -0.0415908  0.0584775  0.0256353 0.360205 -0.27511 -9.79852 
               227.7 -1.02588 -1.48696 -13.0146 -53.0182 -6.41454 -1.55521  0.392673   -1.2662 -0.505185 0.038549 0.048077 0.141315     1.47744   -0.257611 -0.00749408  -0.00021223  0.000224959 -3.93843e-05 -0.041591 0.0585213  0.025592    0.3602 -0.275146  -9.79852 
               227.8 -1.01102 -1.53245 -12.7819 -52.8664 -6.44466 -1.55424  0.392673   -1.2662 -0.505185 0.038549 0.048077 0.141315    1.50487  -0.303914 0.00544917 -0.000213768  0.000221817 -3.87197e-05 -0.0416244  0.0585379  0.0255729  0.360226 -0.275164  -9.79852 
               227.9 -0.972589  -1.24897  -12.8354 -52.7174 -6.47777 -1.54812  0.392673   -1.2662 -0.505185 0.038549 0.048077 0.141315    1.48845  -0.313417 0.00734103 -0.000214773  0.000219947 -3.50769e-05 -0.041593 0.0585756 0.0254982 0.360197 -0.27519 -9.79852 
                 228 -0.988785 -0.935694  -12.9503 -52.5715 -6.50757  -1.5484  0.392673   -1.2662 -0.505185 0.038549 0.048077 0.141315     1.42466   -0.279683 -0.00542813 -0.000214387  0.000220348 -3.33328e-05 -0.0416044  0.0585818  0.0254856  0.360205 -0.275197  -9.79852 
               228.1 -0.963868 -0.940042  -13.1128 -52.4292 -6.54025 -1.54016  0.392673   -1.2662 -0.505185 0.038549 0.048077 0.141315   1.45039 -0.316752 0.0441702 -0.000215748   0.00022271 -2.98613e-05 -0.0416028  0.0586347  0.0254202  0.360198 -0.275239  -9.79852 
               228.2 -0.936732 -0.942694  -13.3628 -52.2849 -6.57553 -1.53353  0.392673   -1.2662 -0.505185 0.038549 0.048077 0.141315   1.45845  -0.31058 0.0942291 -0.000216744  0.000222614 -2.86119e-05  -0.04158 0.0586858 0.0253953  0.360174 -0.275278  -9.79852 
               228.3 -0.999613 -0.830941   -13.532 -52.1374  -6.6106 -1.51886  0.392673   -1.2662 -0.505185 0.038549 0.048077 0.141315   1.53013 -0.342559  0.096193 -0.000215894   0.00022572 -3.07068e-05 -0.0415604  0.0587188   0.025325  0.360155 -0.275302  -9.79852 
               228.4  -1.03409 -0.601791  -13.3536 -51.9836 -6.64567 -1.50776  0.392673   -1.2662 -0.505185 0.038549 0.048077 0.141315   1.53266 -0.365156  0.128003  -0.00021506  0.000223577 -3.46479e-05 -0.0415828  0.0586986  0.0253237  0.360176 -0.275289  -9.79852 
               228.5  -1.08746 -0.322325  -13.4704 -51.8331 -6.68116 -1.49539  0.392673   -1.2662 -0.505185 0.038549 0.048077 0.141315  1.49954  -0.3672 0.140905  -0.00021475  0.000223252 -3.39243e-05 -0.0415617  0.0586889  0.0253475  0.360159 -0.275278  -9.79852 
               228.6   -1.0883 -0.153645  -13.5003 -51.6892 -6.71652 -1.48567  0.392673   -1.2662 -0.505185 0.038549 0.048077 0.141315   1.46987 -0.368362  0.170391 -0.000212212  0.000224052 -3.59217e-05 -0.0414976  0.0586852  0.0254268  0.360106 -0.275267  -9.79852 
               228.7  -1.13908 -0.308342  -13.5069 -51.5412 -6.74846 -1.47661  0.392673   -1.2662 -0.505185 0.038549 0.048077 0.141315   1.52114 -0.402661  0.157444 -0.000211534  0.000228274 -3.47354e-05 -0.0414461  0.0586167  0.0255103  0.360071 -0.275204  -9.79853 
               228.8 -1.03222 -0.19393 -13.5462 -51.3982 -6.78647  -1.4668  0.392673   -1.2662 -0.505185 0.038549 0.048077 0.141315   1.39432 -0.357443  0.204296 -0.000212166  0.000226086 -3.45324e-05 -0.0413955  0.0586264  0.0256432  0.360025 -0.275205  -9.79853 
               228.9  -1.08188 -0.516743  -13.8212 -51.2666 -6.81819 -1.46113  0.392673   -1.2662 -0.505185 0.038549 0.048077 0.141315   1.40909 -0.343891  0.178477 -0.000212338  0.000230157 -3.22077e-05 -0.0412889  0.0585787  0.0257786   0.35994 -0.275152  -9.79853 
                 229 -0.835896  -1.08163  -13.6738 -51.1269 -6.84975 -1.45252  0.392673   -1.2662 -0.505185 0.038549 0.048077 0.141315   1.47239 -0.370393  0.181377 -0.000214504  0.000230107 -3.37359e-05 -0.041201 0.0585466 0.0259075  0.359869 -0.275114  -9.79853 
               229.1 -0.954545  -1.34725  -13.5535  -50.981 -6.88236 -1.44454  0.392673   -1.2662 -0.505185 0.038549 0.048077 0.141315   1.48524 -0.367706  0.144745 -0.000214055  0.000231287 -3.49501e-05 -0.0411623  0.0584903   0.026013  0.359843 -0.275064  -9.79854 
               229.2 -0.853112  -1.22097  -13.2828 -50.8358 -6.91074 -1.44028  0.392673   -1.2662 -0.505185 0.038549 0.048077 0.141315    1.4793 -0.362821  0.163313 -0.000214823  0.000225617 -3.56425e-05 -0.0411127  0.0584056    0.02615   0.35981 -0.274988  -9.79854 
               229.3 -0.868429  -1.17681  -13.0022 -50.6851  -6.9479 -1.42989  0.392673   -1.2662 -0.505185 0.038549 0.048077 0.141315   1.54598 -0.432048  0.230118 -0.000213967    0.0002265 -3.61055e-05 -0.0411073  0.0583773  0.0262554  0.359807 -0.274965  -9.79854 
               229.4 -0.881542   -1.0754  -12.9461 -50.5316 -6.98253 -1.41687  0.392673   -1.2662 -0.505185 0.038549 0.048077 0.141315   1.49034 -0.381402   0.23896 -0.000212675   0.00022351 -3.42528e-05 -0.0410805  0.0582738  0.0263869  0.359796 -0.274877  -9.79854 
               229.5 -0.921541 -0.946896  -12.9293 -50.3889 -7.01464  -1.4048  0.392673   -1.2662 -0.505185 0.038549 0.048077 0.141315   1.45651 -0.392578  0.190934 -0.000210554  0.000224505 -3.48895e-05 -0.0409991  0.0581981   0.026516  0.359737 -0.274805  -9.79855 
               229.6 -0.879743  -1.09787  -12.6959 -50.2515 -7.03981 -1.40511  0.392673   -1.2662 -0.505185 0.038549 0.048077 0.141315   1.45229 -0.307246  0.122665 -0.000211215  0.000225299  -3.6045e-05 -0.0408762  0.0580876  0.0267213  0.359647 -0.274699  -9.79855 
               229.7  -0.9039 -1.17511 -12.4685 -50.1093 -7.06442 -1.40663  0.392673   -1.2662 -0.505185 0.038549 0.048077 0.141315   1.46654 -0.335859 0.0991385 -0.000210888  0.000224657 -3.50612e-05 -0.0408006  0.0579787   0.026885  0.359597 -0.274601  -9.79856 
               229.8 -0.816101  -1.08041  -12.4944 -49.9639 -7.09193 -1.40644  0.392673   -1.2662 -0.505185 0.038549 0.048077 0.141315   1.48207 -0.317673  0.109364 -0.000210526  0.000224284 -3.34433e-05 -0.040761 0.0579221 0.0270215  0.35957 -0.27455 -9.79856 
               229.9 -0.802675  -1.10927  -12.4418 -49.8165 -7.11866 -1.40163  0.392673   -1.2662 -0.505185 0.038549 0.048077 0.141315  1.46553 -0.33927 0.089555 -0.000208663  0.000225232 -3.21691e-05 -0.0407357  0.0578518  0.0270884 0.359557 -0.27449 -9.79856 
                 230 -0.796104  -1.12494  -12.4488 -49.6703 -7.14771 -1.40008  0.392673   -1.2662 -0.505185 0.038549 0.048077 0.141315   1.48959 -0.334985 0.0730184 -0.000208101  0.000225667 -3.27092e-05 -0.0407008  0.0577912  0.0271564  0.359535 -0.274437  -9.79857 
               230.1 -0.830985   -1.0357  -12.5468 -49.5229 -7.17333 -1.39531  0.392673   -1.2662 -0.505185 0.038549 0.048077 0.141315   1.46511 -0.314906 0.0606863 -0.000206374  0.000223341 -3.12261e-05 -0.0406812  0.0577239  0.0271966 0.359526 -0.27438 -9.79857 
               230.2 -0.858105  -1.06648  -12.2882  -49.378 -7.19612 -1.39494  0.392673   -1.2662 -0.505185 0.038549 0.048077 0.141315   1.50472 -0.267079 0.0164773 -0.000205926  0.000222851 -3.43461e-05 -0.0406272  0.0576482  0.0272485  0.359491 -0.274312  -9.79857 
               230.3 -0.886827 -0.944289  -12.0451 -49.2338 -7.21857 -1.39476  0.392673   -1.2662 -0.505185 0.038549 0.048077 0.141315    1.4409 -0.230619 0.0249615 -0.000206216  0.000220942 -3.44511e-05 -0.0405865  0.0576189  0.0272932   0.35946 -0.274283  -9.79857 
               230.4 -0.933606 -0.872551  -11.8257 -49.0983 -7.23136  -1.3929  0.392673   -1.2662 -0.505185 0.038549 0.048077 0.141315   1.40316 -0.167807 0.0382916 -0.000207005  0.000220948 -3.49173e-05 -0.0404882  0.0575321  0.0273011  0.359391 -0.274201  -9.79858 
               230.5 -0.931763  -1.00883  -11.1184   -48.96 -7.24626  -1.3913  0.392673   -1.2662 -0.505185 0.038549 0.048077 0.141315      1.46574    -0.187859 -0.000360208 -0.000207063  0.000225246 -3.97597e-05 -0.0404184  0.0575128  0.0272849  0.359337 -0.274177  -9.79858 
               230.6  -1.02023 -0.807525  -10.2661 -48.8135 -7.26508  -1.3905  0.392673   -1.2662 -0.505185 0.038549 0.048077 0.141315    1.48118  -0.169588 -0.0389252 -0.000206326  0.000220183 -4.29899e-05 -0.0404292  0.0575168  0.0272557  0.359346 -0.274182  -9.79858 
               230.7  -1.11324 -0.495782  -9.45134 -48.6672 -7.27191 -1.38966  0.392673   -1.2662 -0.505185 0.038549 0.048077 0.141315    1.41951 -0.0977239  0.0373894 -0.000206027  0.000218735 -4.36684e-05 -0.0404204  0.0574385  0.0272296  0.359348 -0.274118  -9.79858 
               230.8  -1.15984 -0.215449   -8.1867 -48.5251 -7.28063 -1.38335  0.392673   -1.2662 -0.505185 0.038549 0.048077 0.141315   1.46522 -0.158877 0.0586733 -0.000206948  0.000217976  -4.8008e-05 -0.0403951  0.0573882  0.0272026  0.359334 -0.274074  -9.79858 
               230.9  -1.09098 -0.200779   -7.3283 -48.3771 -7.30063 -1.37226  0.392673   -1.2662 -0.505185 0.038549 0.048077 0.141315   1.50224 -0.236958  0.124737 -0.000208698  0.000218504  -4.5194e-05 -0.0403949  0.0574031  0.0271815  0.359333 -0.274086  -9.79858 
                 231  -1.14249 -0.361489  -7.28347 -48.2234  -7.3224 -1.35879  0.392673   -1.2662 -0.505185 0.038549 0.048077 0.141315   1.56545 -0.233739  0.152935 -0.000208922  0.000221504 -3.68779e-05 -0.0403857   0.057392  0.0271775  0.359327 -0.274077  -9.79858 
               231.1  -1.12832 -0.357359  -7.37115 -48.0737 -7.34021 -1.34659  0.392673   -1.2662 -0.505185 0.038549 0.048077 0.141315   1.54551 -0.228204  0.124555 -0.000209146  0.000221568 -3.54937e-05 -0.0403057  0.0573278  0.0272089  0.359266 -0.274018  -9.79859 
               231.2  -1.06773 -0.467293  -7.34917 -47.9202 -7.35889 -1.34004  0.392673   -1.2662 -0.505185 0.038549 0.048077 0.141315  1.51712 -0.24206 0.135342 -0.000212283  0.000221667 -3.63823e-05  -0.04029 0.0572732  0.027279  0.359256 -0.273972  -9.79859 
               231.3  -1.07754 -0.409347  -7.39815  -47.772 -7.36811 -1.32833  0.392673   -1.2662 -0.505185 0.038549 0.048077 0.141315   1.50974 -0.183804  0.211695 -0.000212368  0.000222693 -3.57746e-05 -0.0402334  0.0571481  0.0273506  0.359217 -0.273867  -9.79859 
               231.4  -1.17695 -0.610582  -7.14868 -47.6324 -7.37372 -1.32006  0.392673   -1.2662 -0.505185 0.038549 0.048077 0.141315   1.50391 -0.143775  0.141334 -0.000209774  0.000223527 -3.84536e-05 -0.0400681  0.0570168  0.0274549  0.359087 -0.273749   -9.7986 
               231.5  -1.15138 -0.597745   -6.5401 -47.4894 -7.37881 -1.31164  0.392673   -1.2662 -0.505185 0.038549 0.048077 0.141315   1.55005 -0.141831 0.0815244 -0.000208788  0.000223491 -4.31461e-05 -0.0399559  0.0569121  0.0275414  0.358999 -0.273658  -9.79861 
               231.6 -1.22377 -0.61956 -6.19534 -47.3434 -7.37682 -1.31085  0.392673   -1.2662 -0.505185 0.038549 0.048077 0.141315     1.4404 0.00341726   0.150829 -0.000209003  0.000222574 -4.27912e-05 -0.039885 0.0567943 0.0276824  0.358944 -0.273558  -9.79861 
               231.7  -1.28407 -0.453309  -5.39841 -47.2121 -7.36679  -1.3104  0.392673   -1.2662 -0.505185 0.038549 0.048077 0.141315   1.37902 0.0408169 0.0972974 -0.000208336  0.000226444 -4.68391e-05 -0.0397304  0.0566767  0.0278149  0.358821 -0.273454  -9.79862 
               231.8  -1.23948 -0.520228  -4.28713 -47.0728 -7.36498 -1.30814  0.392673   -1.2662 -0.505185 0.038549 0.048077 0.141315    1.45815 -0.0249691   0.101805  -0.00020987   0.00022546 -5.09922e-05 -0.0397049  0.0566516  0.0278983  0.358799 -0.273433  -9.79862 
               231.9  -1.24433 -0.693444   -3.8315 -46.9312 -7.36737 -1.30845  0.392673   -1.2662 -0.505185 0.038549 0.048077 0.141315    1.49087 -0.0330739  0.0259168 -0.000210107  0.000226168 -4.63911e-05 -0.0396408  0.0566491  0.0280219  0.358744 -0.273428  -9.79862 
                 232  -1.20432 -0.780294  -3.68337 -46.7882 -7.37397 -1.31055  0.392673   -1.2662 -0.505185 0.038549 0.048077 0.141315    1.50659 -0.0330315  0.0390488  -0.00021089  0.000225857 -4.23842e-05 -0.0395535  0.0567186  0.0280822  0.358669 -0.273481  -9.79862 
               232.1   -1.2584 -0.561735  -3.32286 -46.6468 -7.37739 -1.30267  0.392673   -1.2662 -0.505185 0.038549 0.048077 0.141315   1.40665 -0.047379  0.161797 -0.000210134  0.000223525 -4.19981e-05 -0.0395069  0.0567065  0.0280881 0.358631 -0.27347 -9.79863 
               232.2  -1.23696 -0.681423  -3.12184 -46.5085 -7.37745 -1.29048  0.392673   -1.2662 -0.505185 0.038549 0.048077 0.141315     1.49161 -0.00744206   0.0843511  -0.00021039  0.000226198 -4.09239e-05 -0.0394445  0.0566774     0.0281   0.35858 -0.273445  -9.79863 
               232.3  -1.26442 -0.829034  -2.63381 -46.3629 -7.37343 -1.28157  0.392673   -1.2662 -0.505185 0.038549 0.048077 0.141315   1.49046 0.0171924  0.128554 -0.000208247  0.000225624 -4.38331e-05 -0.0394143  0.0566342  0.0281357  0.358555 -0.273409  -9.79863 
               232.4  -1.31504 -0.753796  -1.96427 -46.2075  -7.3744 -1.27423  0.392673   -1.2662 -0.505185 0.038549 0.048077 0.141315    1.54102 -0.0175842   0.114535 -0.000209171    0.0002266 -4.55696e-05 -0.0394607  0.0566322  0.0282012  0.358592 -0.273408  -9.79863 
               232.5  -1.35204 -0.825303  -1.81175 -46.0526 -7.37985 -1.27561  0.392673   -1.2662 -0.505185 0.038549 0.048077 0.141315    1.55204 -0.0535577  0.0503382 -0.000210071  0.000228162 -4.22936e-05 -0.0394416  0.0566604  0.0283177  0.358573 -0.273431  -9.79863 
               232.6  -1.33314 -0.529843   -1.8674 -45.9006 -7.38234 -1.27335  0.392673   -1.2662 -0.505185 0.038549 0.048077 0.141315    1.55404 -0.0501595  0.0476151 -0.000210036  0.000227909 -3.88566e-05 -0.0394194  0.0566541  0.0283862  0.358554 -0.273426  -9.79863 
               232.7  -1.34722 -0.548866  -1.88161 -45.7522 -7.38845 -1.27617  0.392673   -1.2662 -0.505185 0.038549 0.048077 0.141315    1.49555 -0.0627959  0.0652224 -0.000210925  0.000227448 -3.87154e-05 -0.039352 0.0566475 0.0284837  0.358497 -0.273421  -9.79863 
               232.8  -1.34039 -0.408615  -2.09286 -45.6056 -7.39066 -1.27342  0.392673   -1.2662 -0.505185 0.038549 0.048077 0.141315     1.5359 -0.0819019   0.037918 -0.000210983  0.000228174 -3.65907e-05 -0.0393178  0.0565804  0.0285271  0.358468 -0.273367  -9.79864 
               232.9  -1.28619 -0.523049  -2.35421 -45.4609  -7.3937 -1.27292  0.392673   -1.2662 -0.505185 0.038549 0.048077 0.141315    1.45545 -0.0286435  0.0400154 -0.000210899  0.000227838  -3.6275e-05 -0.0392451  0.0565641  0.0285832  0.358407 -0.273354  -9.79864 
                 233  -1.29042 -0.570625  -2.25265 -45.3196 -7.39343 -1.27114  0.392673   -1.2662 -0.505185 0.038549 0.048077 0.141315    1.45656 -0.0195437  0.0530506 -0.000210108  0.000230676 -3.78454e-05 -0.0391949  0.0565285  0.0286104  0.358365 -0.273326  -9.79864 
               233.1  -1.33755 -0.552889  -2.25044  -45.171 -7.39446 -1.26601  0.392673   -1.2662 -0.505185 0.038549 0.048077 0.141315    1.44395 -0.0394323  0.0705327 -0.000209988  0.000226921  -3.7061e-05 -0.039238 0.0565055 0.0286091    0.3584 -0.273307  -9.79864 
               233.2  -1.26334 -0.643613  -2.27736 -45.0247  -7.3975  -1.2569  0.392673   -1.2662 -0.505185 0.038549 0.048077 0.141315    1.51015 -0.0370662  0.0162647 -0.000208969  0.000227264 -3.56368e-05 -0.0392272  0.0565098  0.0285552 0.358392 -0.27331 -9.79864 
               233.3  -1.33159 -0.543196  -2.26425 -44.8796 -7.40212 -1.25169  0.392673   -1.2662 -0.505185 0.038549 0.048077 0.141315   1.48194 -0.115894 0.0626922 -0.000206948  0.000225026  -3.4987e-05 -0.0391802  0.0565048  0.0285635  0.358354 -0.273307  -9.79864 
               233.4  -1.26592 -0.500998  -2.28655 -44.7284 -7.41353 -1.24698  0.392673   -1.2662 -0.505185 0.038549 0.048077 0.141315    1.47181 -0.0877216   0.105998   -0.0002075  0.000225592 -3.27292e-05 -0.0392178  0.0565239  0.0286195  0.358383 -0.273322  -9.79864 
               233.5  -1.28824 -0.549037  -2.63325 -44.5819 -7.41788 -1.24064  0.392673   -1.2662 -0.505185 0.038549 0.048077 0.141315    1.49712 -0.0414302  0.0934622 -0.000206451  0.000227337  -3.1505e-05 -0.0391644  0.0564895   0.028628  0.358339 -0.273295  -9.79864 
               233.6  -1.22033 -0.359491  -2.37416 -44.4342 -7.41889 -1.23346  0.392673   -1.2662 -0.505185 0.038549 0.048077 0.141315    1.52715 -0.0967528  0.0505976 -0.000206275   0.00022563 -3.44925e-05 -0.039147 0.0564224 0.0286221  0.358325 -0.273241  -9.79864 
               233.7  -1.26268 -0.439725  -2.14629 -44.2823 -7.42263 -1.22896  0.392673   -1.2662 -0.505185 0.038549 0.048077 0.141315    1.54026 -0.0689279   0.100316 -0.000206032  0.000222957 -3.46716e-05 -0.0391359  0.0563498  0.0286837  0.358313 -0.273182  -9.79865 
               233.8  -1.24313 -0.437411  -1.94188 -44.1274 -7.42505 -1.22373  0.392673   -1.2662 -0.505185 0.038549 0.048077 0.141315     1.5254 -0.0778569   0.101521 -0.000203893  0.000225097 -3.58255e-05 -0.0391387  0.0562978    0.02874 0.358314 -0.27314 -9.79865 
               233.9  -1.34508 -0.476401   -1.5632 -43.9744 -7.42905 -1.21976  0.392673   -1.2662 -0.505185 0.038549 0.048077 0.141315    1.54939 -0.0814385  0.0678262 -0.000204893   0.00022692  -3.7906e-05 -0.0391249   0.056242  0.0287897  0.358301 -0.273095  -9.79865 
                 234  -1.33124 -0.389741  -1.35218 -43.8277 -7.42856 -1.21077  0.392673   -1.2662 -0.505185 0.038549 0.048077 0.141315    1.58453 -0.0901551  0.0915321 -0.000203763  0.000224724  -3.7496e-05 -0.0390256  0.0561412  0.0287885  0.358219 -0.273015  -9.79865 
               234.1  -1.43465 -0.304372  -1.39068 -43.6728 -7.43361 -1.20465  0.392673   -1.2662 -0.505185 0.038549 0.048077 0.141315    1.52424 -0.0885772   0.126049 -0.000203515  0.000222506 -3.68688e-05 -0.0390173  0.0560702  0.0288476   0.35821 -0.272958  -9.79866 
               234.2  -1.40234 -0.421541  -1.52661 -43.5256 -7.43619 -1.20323  0.392673   -1.2662 -0.505185 0.038549 0.048077 0.141315   1.53233 -0.122647 0.0408144 -0.000203915  0.000225729  -3.5568e-05 -0.0389546  0.0559746    0.02893  0.358156 -0.272881  -9.79866 
               234.3  -1.36903 -0.465397  -1.74914 -43.3796 -7.44105 -1.20219  0.392673   -1.2662 -0.505185 0.038549 0.048077 0.141315    1.47248 -0.0803507  0.0402916  -0.00020404  0.000223329 -3.28635e-05 -0.0389012  0.0559067  0.0289629  0.358111 -0.272827  -9.79866 
               234.4  -1.36274 -0.628241  -2.02572 -43.2328 -7.44337 -1.20575  0.392673   -1.2662 -0.505185 0.038549 0.048077 0.141315    1.54119  -0.046281 -0.0644354 -0.000204362  0.000226064 -3.15792e-05 -0.0388583  0.0558389  0.0289772  0.358075 -0.272773  -9.79867 
               234.5  -1.29819 -0.439822  -2.00341 -43.0794 -7.44071 -1.20816  0.392673   -1.2662 -0.505185 0.038549 0.048077 0.141315    1.44772 -0.0173384 -0.0974736 -0.000205228  0.000221311 -3.25649e-05 -0.0389111  0.0557782  0.0289504  0.358117 -0.272723  -9.79867 
               234.6  -1.39403 -0.530942  -1.95368 -42.9366 -7.43769 -1.21617  0.392673   -1.2662 -0.505185 0.038549 0.048077 0.141315     1.46058 -0.00325333  -0.0856322 -0.000206334  0.000225206 -3.33745e-05 -0.0388951  0.0557154   0.028913  0.358104 -0.272673  -9.79867 
               234.7  -1.35056 -0.466201  -2.08382 -42.7947 -7.43471 -1.21984  0.392673   -1.2662 -0.505185 0.038549 0.048077 0.141315     1.4118 0.00946224  -0.113339 -0.000206619  0.000221548  -3.0899e-05 -0.0388651  0.0557102  0.0288141  0.358082 -0.272669  -9.79867 
               234.8  -1.36096 -0.384711  -2.10829 -42.6484 -7.43696   -1.213  0.392673   -1.2662 -0.505185 0.038549 0.048077 0.141315    1.49163 -0.0321762 -0.0719391 -0.000209172  0.000222293 -2.97509e-05 -0.0388976  0.0557605   0.028653  0.358114 -0.272709  -9.79867 
               234.9  -1.32067 -0.368434  -2.15913 -42.4952 -7.43983 -1.21093  0.392673   -1.2662 -0.505185 0.038549 0.048077 0.141315    1.45543 -0.0999174  0.0609007 -0.000211847  0.000220816 -2.66183e-05 -0.038931 0.0557466 0.0285626  0.358143 -0.272697  -9.79867 
                 235     -1.278 -0.0500079   -2.55921 -42.3511 -7.44874 -1.19158  0.392673   -1.2662 -0.505185 0.038549 0.048077 0.141315    1.49388  0.0047541 0.00718187 -0.000214686  0.000220849 -2.40148e-05 -0.0389084  0.0557747  0.0283768  0.358129 -0.272719  -9.79867 
               235.1  -1.13666 -0.239193   -2.4949 -42.2053 -7.45075 -1.18435  0.392673   -1.2662 -0.505185 0.038549 0.048077 0.141315    1.46453 0.00696687  0.0318711 -0.000212702  0.000220678 -2.79006e-05 -0.0388745  0.0557986  0.0283386  0.358103 -0.272739  -9.79867 
               235.2 -1.16892 -0.21388 -2.16201 -42.0582 -7.44625 -1.17843  0.392673   -1.2662 -0.505185 0.038549 0.048077 0.141315    1.45474   0.029119 -0.0389562  -0.00021226  0.000222734 -2.96423e-05 -0.0388877  0.0557534  0.0282896  0.358115 -0.272702  -9.79867 
               235.3  -1.38018 -0.540375  -2.03107 -41.9132 -7.44437 -1.18169  0.392673   -1.2662 -0.505185 0.038549 0.048077 0.141315     1.44645   0.0332929 -0.00672139 -0.000212245  0.000222113 -2.87679e-05 -0.0388705  0.0557609  0.0282685  0.358102 -0.272709  -9.79867 
               235.4  -1.33687 -0.231928  -1.74138 -41.7637 -7.44232 -1.17273  0.392673   -1.2662 -0.505185 0.038549 0.048077 0.141315   1.48965 0.0437976 0.0184894 -0.000213551  0.000220941  -2.8548e-05 -0.0388939  0.0557816  0.0281588  0.358124 -0.272725  -9.79867 
               235.5  -1.34899 -0.166718  -1.55294 -41.6147 -7.44341 -1.16503  0.392673   -1.2662 -0.505185 0.038549 0.048077 0.141315     1.47674 -0.00543037   0.0252521 -0.000213862  0.000221351 -2.82547e-05 -0.0389157   0.055819  0.0281164  0.358143 -0.272755  -9.79866 
               235.6  -1.42304 -0.339289  -1.58814 -41.4703 -7.44614 -1.15569  0.392673   -1.2662 -0.505185 0.038549 0.048077 0.141315    1.47725 -0.0190479  0.0498494  -0.00021306  0.000223478 -2.57533e-05 -0.0388959  0.0558467  0.0280867  0.358128 -0.272777  -9.79866 
               235.7  -1.44869 -0.636686  -1.71371 -41.3173 -7.45167 -1.15503  0.392673   -1.2662 -0.505185 0.038549 0.048077 0.141315    1.47119 -0.0131469  0.0488157 -0.000214361  0.000224536 -2.49608e-05 -0.0389196  0.0558778   0.028083  0.358148 -0.272802  -9.79866 
               235.8   -1.3927 -0.433872  -1.81253 -41.1686 -7.45779 -1.14789  0.392673   -1.2662 -0.505185 0.038549 0.048077 0.141315    1.51226 -0.0512321  0.0171396 -0.000215668  0.000222456 -2.52471e-05 -0.0389239  0.0559069  0.0280145  0.358153 -0.272825  -9.79866 
               235.9  -1.37299 -0.455213  -2.00634 -41.0194  -7.4613 -1.14403  0.392673   -1.2662 -0.505185 0.038549 0.048077 0.141315     1.49942 -0.00912359  -0.0482781 -0.000215387  0.000219698 -2.39254e-05 -0.0389388  0.0559215  0.0279748  0.358167 -0.272836  -9.79866 
                 236  -1.42647 -0.511157  -2.04868 -40.8753 -7.46006 -1.14352  0.392673   -1.2662 -0.505185 0.038549 0.048077 0.141315   1.44019 0.0051419 0.0292003  -0.00021702  0.000217729 -2.44919e-05 -0.0389173  0.0559038  0.0279658  0.358149 -0.272823  -9.79866 
               236.1  -1.47088 -0.671274  -1.86851 -40.7313 -7.45723 -1.14448  0.392673   -1.2662 -0.505185 0.038549 0.048077 0.141315    1.36495 0.00197261  0.0556484 -0.000217683  0.000217637 -2.53874e-05 -0.0389147    0.05586  0.0279414  0.358147 -0.272787  -9.79866 
               236.2  -1.45928 -0.712027  -2.06148  -40.586 -7.45638  -1.1322  0.392673   -1.2662 -0.505185 0.038549 0.048077 0.141315     1.49712 -0.00192242  -0.0844118 -0.000219247  0.000218968 -2.24986e-05 -0.038959 0.0558662  0.027811  0.358186 -0.272791  -9.79866 
               236.3  -1.43797 -0.874076  -2.06061 -40.4434 -7.45332 -1.12631  0.392673   -1.2662 -0.505185 0.038549 0.048077 0.141315  1.43301 0.040456 0.013369 -0.000218307  0.000213613 -2.23722e-05 -0.0389495  0.0558906  0.0277466  0.358181 -0.272811  -9.79866 
               236.4 -1.55552 -1.05301 -1.92005 -40.2928 -7.45783 -1.12235  0.392673   -1.2662 -0.505185 0.038549 0.048077 0.141315    1.46887 -0.0325702  0.0888185 -0.000218062  0.000216242 -2.24419e-05 -0.0389781  0.0559207  0.0277058  0.358205 -0.272835  -9.79866 
               236.5  -1.51564 -0.808439  -2.23281 -40.1399  -7.4639 -1.10516  0.392673   -1.2662 -0.505185 0.038549 0.048077 0.141315    1.52679 0.00770515   0.103658 -0.000217437  0.000212605 -2.09126e-05 -0.0390177  0.0559536  0.0275851  0.35824 -0.27286 -9.79866 
               236.6  -1.33777 -0.668027  -2.20435 -39.9881 -7.46154 -1.09017  0.392673   -1.2662 -0.505185 0.038549 0.048077 0.141315    1.58397 -0.0261453  0.0509876 -0.000219628  0.000213201 -2.49784e-05 -0.0390083  0.0559551  0.0275329  0.358234 -0.272861  -9.79866 
               236.7  -1.44183 -0.637743  -1.91619 -39.8302 -7.46485 -1.07958  0.392673   -1.2662 -0.505185 0.038549 0.048077 0.141315   1.49223 0.0044759   0.13378 -0.000218028  0.000213465 -2.65551e-05 -0.0390581  0.0559819   0.027575  0.358273 -0.272882  -9.79866 
               236.8  -1.42942 -0.793679  -1.79838  -39.679  -7.4677 -1.07864  0.392673   -1.2662 -0.505185 0.038549 0.048077 0.141315  1.47649 0.049989 0.132908 -0.000218874  0.000217872  -2.7336e-05 -0.0390309  0.0560206  0.0276484   0.35825 -0.272914  -9.79866 
               236.9  -1.42952 -0.646728  -1.58402 -39.5351 -7.46613 -1.07349  0.392673   -1.2662 -0.505185 0.038549 0.048077 0.141315    1.51749  0.0388275 0.00233305 -0.000219596  0.000221648  -2.8832e-05 -0.038966 0.0560362  0.027655  0.358198 -0.272927  -9.79866 
                 237   -1.4909 -0.528121  -1.27703 -39.3847 -7.46269 -1.06768  0.392673   -1.2662 -0.505185 0.038549 0.048077 0.141315    1.54545 -0.0353834  0.0399684 -0.000218051  0.000218936 -2.92661e-05 -0.0389819  0.0560237  0.0276767   0.35821 -0.272917  -9.79866 
               237.1  -1.50093 -0.751433  -1.26574 -39.2328 -7.46807 -1.06405  0.392673   -1.2662 -0.505185 0.038549 0.048077 0.141315    1.48379 -0.0143968   0.133226 -0.000220047   0.00021986 -2.66419e-05 -0.0389687  0.0560549  0.0277319  0.358199 -0.272942  -9.79866 
               237.2  -1.46542 -0.738413  -1.46825 -39.0825 -7.47189 -1.05761  0.392673   -1.2662 -0.505185 0.038549 0.048077 0.141315    1.50555 -0.0283771  0.0931079 -0.000219249  0.000223968 -2.51291e-05 -0.0389441  0.0560746  0.0277409  0.358179 -0.272958  -9.79866 
               237.3  -1.47432 -0.612832  -1.53501   -38.94 -7.47607 -1.04995  0.392673   -1.2662 -0.505185 0.038549 0.048077 0.141315    1.47946 -0.0797697 0.00900321 -0.000219323  0.000221463 -2.48787e-05 -0.0388753   0.056081  0.0277233  0.358125 -0.272965  -9.79866 
               237.4  -1.46663 -0.692636  -1.80435 -38.7944 -7.47902 -1.04862  0.392673   -1.2662 -0.505185 0.038549 0.048077 0.141315    1.52295 -0.0483408 -0.0208006 -0.000218757  0.000221997 -2.15031e-05 -0.0388634  0.0560625  0.0277528 0.358114 -0.27295 -9.79866 
               237.5  -1.40282 -0.841371  -2.01706 -38.6412 -7.48195 -1.05726  0.392673   -1.2662 -0.505185 0.038549 0.048077 0.141315    1.43983 -0.0133051  0.0477274 -0.000220614  0.000219021 -2.18143e-05 -0.0388691   0.056061  0.0278301  0.358117 -0.272949  -9.79866 
               237.6   -1.3849 -0.686003  -1.88083  -38.495 -7.48666 -1.05137  0.392673   -1.2662 -0.505185 0.038549 0.048077 0.141315     1.5039 -0.0824445 -0.0044571  -0.00022184  0.000220822 -2.52585e-05 -0.0388434   0.056066  0.0277446  0.358098 -0.272953  -9.79866 
               237.7   -1.3845 -0.614275  -2.01507 -38.3455 -7.49443 -1.04225  0.392673   -1.2662 -0.505185 0.038549 0.048077 0.141315    1.54555 -0.0561124 -0.0269379 -0.000222269  0.000216088 -2.29575e-05 -0.0388417  0.0560607  0.0276444  0.358099 -0.272949  -9.79866 
               237.8  -1.31593 -0.709648  -2.19485 -38.1961 -7.49773  -1.0367  0.392673   -1.2662 -0.505185 0.038549 0.048077 0.141315    1.52296 -0.0585668  0.0630165 -0.000220916  0.000216044  -2.2503e-05 -0.0388086  0.0560438  0.0276161  0.358073 -0.272936  -9.79866 
               237.9  -1.29097 -0.682542  -2.10076 -38.0483 -7.50385 -1.03014  0.392673   -1.2662 -0.505185 0.038549 0.048077 0.141315    1.5082 -0.112459 0.0799447 -0.00022305 0.000212785 -2.4194e-05 -0.0387195  0.0560125  0.0275744  0.358002 -0.272912  -9.79866 
                 238 -1.23395 -0.47956 -2.28748 -37.9023  -7.5115 -1.01784  0.392673   -1.2662 -0.505185 0.038549 0.048077 0.141315     1.54873  -0.0683789 -0.00132163 -0.000223946  0.000214976 -2.34349e-05 -0.0386631  0.0559973  0.0275044  0.357958 -0.272901  -9.79867 
               238.1  -1.24068 -0.579219  -2.39852 -37.7573  -7.5114 -1.01507  0.392673   -1.2662 -0.505185 0.038549 0.048077 0.141315    1.52417 -0.0472101 0.00623203 -0.000223865  0.000213557 -2.39022e-05 -0.0385845  0.0559484  0.0275052  0.357894 -0.272863  -9.79867 
               238.2  -1.28628 -0.546839  -2.07378 -37.6093 -7.51151 -1.00995  0.392673   -1.2662 -0.505185 0.038549 0.048077 0.141315    1.51258 -0.0478686   0.114422 -0.000223193   0.00021343 -2.67842e-05 -0.0385399  0.0559022  0.0275108  0.357858 -0.272826  -9.79867 
               238.3  -1.37266 -0.665918  -1.94204 -37.4569  -7.5089 -1.00184  0.392673   -1.2662 -0.505185 0.038549 0.048077 0.141315    1.52867 -0.0212885  0.0753209 -0.000224121  0.000215291 -2.67869e-05 -0.0385298  0.0558136  0.0274858   0.35785 -0.272756  -9.79867 
               238.4  -1.37307 -0.575125  -1.76166  -37.3087  -7.50876 -0.991791  0.392673   -1.2662 -0.505185 0.038549 0.048077 0.141315     1.5292 -0.0201804  0.0741972 -0.000224198  0.000214617 -2.85257e-05 -0.0384902  0.0557847  0.0274799  0.357818 -0.272733  -9.79868 
               238.5  -1.35702 -0.675985   -1.5029  -37.1573  -7.50555 -0.986163  0.392673   -1.2662 -0.505185 0.038549 0.048077 0.141315   1.51497 -0.061887  0.085098 -0.000225881  0.000216811 -2.88081e-05 -0.0384838   0.055725  0.0275227  0.357811 -0.272686  -9.79868 
               238.6  -1.37446 -0.743773  -1.43295  -37.0044  -7.51121 -0.984861  0.392673   -1.2662 -0.505185 0.038549 0.048077 0.141315    1.57916 -0.0343938  0.0343416 -0.000226654  0.000217486 -2.80508e-05 -0.0384558  0.0557031  0.0275428  0.357788 -0.272669  -9.79868 
               238.7  -1.10828 -0.344091   -1.7049 -36.8528 -7.50967 -0.98506  0.392673   -1.2662 -0.505185 0.038549 0.048077 0.141315     1.51765  -0.0271116 -0.00881804  -0.00022932  0.000214655 -2.56925e-05 -0.0384177  0.0556772  0.0275692  0.357757 -0.272649  -9.79868 
               238.8  -1.12358 -0.161646   -1.7901  -36.7005  -7.51479 -0.986886  0.392673   -1.2662 -0.505185 0.038549 0.048077 0.141315    1.49007 -0.0520881  0.0527438 -0.000229629  0.000216469 -2.61034e-05 -0.0384437  0.0556773  0.0275957  0.357777 -0.272648  -9.79868 
               238.9 -0.959886 -0.145363  -2.08967  -36.5517  -7.51715 -0.975379  0.392673   -1.2662 -0.505185 0.038549 0.048077 0.141315   1.50379 -0.036316 0.0634689 -0.000230383  0.000214449 -2.39718e-05 -0.0384468  0.0556429  0.0275588   0.35778 -0.272621  -9.79868 
                 239 -0.853513 -0.543462  -2.29712   -36.404  -7.51678 -0.971235  0.392673   -1.2662 -0.505185 0.038549 0.048077 0.141315   1.49991 0.0115231 0.0457146 -0.000230772  0.000220818 -2.58397e-05 -0.0384144  0.0556178  0.0275707  0.357753 -0.272602  -9.79868 
               239.1 -0.946667 -0.805667  -2.06031  -36.2653  -7.51212 -0.965111  0.392673   -1.2662 -0.505185 0.038549 0.048077 0.141315    1.42368 -0.0014215  0.0168221 -0.000229307  0.000219393 -2.96035e-05 -0.0383334  0.0555893  0.0275594 0.357688 -0.27258 -9.79869 
               239.2 -1.07882 -1.19208 -1.87728  -36.1173  -7.51362 -0.961072  0.392673   -1.2662 -0.505185 0.038549 0.048077 0.141315    1.49822  0.0590306 -0.0783916 -0.000229046  0.000219594 -2.90582e-05 -0.0383607  0.0556203   0.027509  0.357712 -0.272604  -9.79868 
               239.3 -1.23419 -1.21635 -1.96999  -35.9686  -7.50581 -0.967407  0.392673   -1.2662 -0.505185 0.038549 0.048077 0.141315    1.47157  0.0925866 -0.0700676 -0.000228614  0.000214683 -2.71067e-05 -0.0383697  0.0556163  0.0274773   0.35772 -0.272601  -9.79868 
               239.4 -1.35762 -1.05799 -1.75756  -35.8184  -7.50065 -0.968712  0.392673   -1.2662 -0.505185 0.038549 0.048077 0.141315    1.4994 0.0677734  -0.10979 -0.000229465   0.00021311 -2.80023e-05 -0.0383896  0.0556393  0.0273757  0.357738 -0.272619  -9.79868 
               239.5  -1.53205 -0.843755  -1.85335  -35.6671  -7.49966 -0.964281  0.392673   -1.2662 -0.505185 0.038549 0.048077 0.141315    1.46139  0.0513542 -0.0251541 -0.000229896  0.000213609 -2.56894e-05 -0.0384311  0.0556846  0.0272566  0.357774 -0.272655  -9.79868 
               239.6  -1.52349 -0.921562  -1.97696  -35.5263  -7.49773 -0.961577  0.392673   -1.2662 -0.505185 0.038549 0.048077 0.141315  1.45171 0.059307 -0.10021 -0.000231415  0.000217351  -2.5351e-05 -0.0383742  0.0557575   0.027143  0.357732 -0.272714  -9.79868 
               239.7 -1.65694 -1.05789 -1.67774  -35.3819  -7.49732 -0.960332  0.392673   -1.2662 -0.505185 0.038549 0.048077 0.141315    1.45933   0.048934 -0.0596295 -0.000233555  0.000215578 -2.69607e-05 -0.0383574  0.0558039  0.0270276  0.357721 -0.272751  -9.79868 
               239.8  -1.7266  -1.0346 -1.49414  -35.2344  -7.49393 -0.957412  0.392673   -1.2662 -0.505185 0.038549 0.048077 0.141315   1.45808 0.0615322 -0.142219 -0.000234225  0.000215001 -2.67525e-05 -0.0383693  0.0558367  0.0268794  0.357734 -0.272777  -9.79868 
               239.9 -1.80341 -0.92107   -1.397  -35.0894  -7.48867 -0.955317  0.392673   -1.2662 -0.505185 0.038549 0.048077 0.141315   1.42655 0.0991302 -0.141916 -0.000236686  0.000213203 -2.50738e-05 -0.038406 0.0558747 0.0267009  0.357767 -0.272806  -9.79868 
                 240  -1.79547 -0.840778  -1.13887 -34.9431 -7.48513 -0.95712  0.392673   -1.2662 -0.505185 0.038549 0.048077 0.141315   1.41161 0.0748278 -0.146869  -0.00023797  0.000213049 -2.49908e-05 -0.0384647  0.0559316  0.0265606  0.357817 -0.272849  -9.79867 
               240.1 -1.80795 -0.80765 -1.05986  -34.8021  -7.48643 -0.956251  0.392673   -1.2662 -0.505185 0.038549 0.048077 0.141315   1.39333 0.0460171 -0.138579  -0.00023955   0.00021278 -2.40335e-05 -0.0384664  0.0560178  0.0263671  0.357823 -0.272917  -9.79867 
               240.2   -1.7175 -0.711708  -1.20707  -34.6568  -7.48786 -0.955028  0.392673   -1.2662 -0.505185 0.038549 0.048077 0.141315   1.37549 0.0257454 -0.141107 -0.000242019  0.000210797  -2.2494e-05 -0.0385426   0.056118  0.0261782  0.357889 -0.272994  -9.79867 
               240.3   -1.6327 -0.748725  -1.29713 -34.5103 -7.49182 -0.95103  0.392673   -1.2662 -0.505185 0.038549 0.048077 0.141315    1.36375  0.0208386 -0.0854459 -0.000246069  0.000209809 -2.04812e-05 -0.0386402  0.0562035  0.0259823  0.357972 -0.273058  -9.79866 
               240.4  -1.56946 -0.762687  -1.52684  -34.3659  -7.49893 -0.935559  0.392673   -1.2662 -0.505185 0.038549 0.048077 0.141315     1.4341 -0.0219877 -0.0423629 -0.000248124   0.00021084 -1.85807e-05 -0.0387116  0.0562946  0.0257313  0.358035 -0.273127  -9.79866 
               240.5   -1.4929 -0.907417  -1.84312  -34.2114  -7.50487 -0.921013  0.392673   -1.2662 -0.505185 0.038549 0.048077 0.141315    1.46705 -0.0228533  0.0135595 -0.000249891  0.000207961 -1.82514e-05 -0.038807 0.0563423 0.0255371  0.358116 -0.273161  -9.79865 
               240.6  -1.46577 -0.819307  -1.79033   -34.057  -7.51355 -0.904975  0.392673   -1.2662 -0.505185 0.038549 0.048077 0.141315    1.53572 -0.0740469  0.0640346 -0.000249745   0.00021023 -2.21468e-05 -0.0388735   0.056379  0.0253839  0.358172 -0.273188  -9.79865 
               240.7  -1.44656 -0.800805  -1.79937  -33.9016  -7.52483 -0.887745  0.392673   -1.2662 -0.505185 0.038549 0.048077 0.141315    1.53518 -0.0977232   0.129954 -0.000249508  0.000209789 -2.39565e-05 -0.0388965  0.0563993  0.0252927  0.358193 -0.273203  -9.79865 
               240.8  -1.4197 -0.71109 -2.03215  -33.7433  -7.52882 -0.868971  0.392673   -1.2662 -0.505185 0.038549 0.048077 0.141315     1.5414 -0.0739966    0.13664 -0.000249382  0.000212222 -2.24857e-05 -0.0389402  0.0563583  0.0252206  0.358228 -0.273169  -9.79865 
               240.9  -1.40948 -0.618686  -1.94892  -33.5899  -7.53496 -0.852767  0.392673   -1.2662 -0.505185 0.038549 0.048077 0.141315  1.55473 -0.13309  0.22109 -0.000248749  0.000210704 -2.41368e-05 -0.0389243  0.0563261  0.0252322  0.358215 -0.273144  -9.79865 
                 241  -1.37321 -0.681208  -1.98554  -33.4369  -7.54467 -0.834114  0.392673   -1.2662 -0.505185 0.038549 0.048077 0.141315   1.56961 -0.129017  0.267477 -0.000248583   0.00021428 -2.43376e-05 -0.0388942  0.0562769  0.0253048  0.358189 -0.273106  -9.79865 
               241.1   -1.3491 -0.853323  -2.28602 -33.2887 -7.55053 -0.82217  0.392673   -1.2662 -0.505185 0.038549 0.048077 0.141315   1.57351 -0.067402   0.21087 -0.000247796  0.000215932 -2.41345e-05 -0.0387984  0.0562298  0.0254331  0.358109 -0.273071  -9.79866 
               241.2  -1.44096 -0.837711  -2.04748  -33.1343  -7.55388 -0.814348  0.392673   -1.2662 -0.505185 0.038549 0.048077 0.141315    1.59777 -0.0942308   0.199955 -0.000245045  0.000213902 -2.82832e-05 -0.0387488   0.056164  0.0255746 0.358066 -0.27302 -9.79866 
               241.3  -1.42523 -0.714323  -1.83477  -32.9795  -7.55119 -0.812286  0.392673   -1.2662 -0.505185 0.038549 0.048077 0.141315    1.56754 -0.0371625  0.0693225  -0.00024481  0.000213324 -2.94376e-05 -0.0387023  0.0560417  0.0257165  0.358025 -0.272925  -9.79866 
               241.4  -1.42097 -0.515735  -1.61603  -32.8379  -7.54188 -0.818679  0.392673   -1.2662 -0.505185 0.038549 0.048077 0.141315   1.43848 0.0319424 0.0319838 -0.000243514  0.000209825  -2.9297e-05 -0.0385953  0.0559526  0.0258547  0.357936 -0.272856  -9.79867 
               241.5   -1.4121 -0.468058  -1.04102   -32.698  -7.53377 -0.826657  0.392673   -1.2662 -0.505185 0.038549 0.048077 0.141315    1.50207  0.0139621 -0.0124965 -0.000245994  0.000211209  -3.1284e-05 -0.0385282  0.0558971  0.0259568   0.35788 -0.272814  -9.79867 
               241.6  -1.37862 -0.538522 -0.732735  -32.5539  -7.52885 -0.834882  0.392673   -1.2662 -0.505185 0.038549 0.048077 0.141315     1.51883 -0.00576144  -0.0525328 -0.000246667  0.000208376 -2.93678e-05 -0.0384446  0.0558435  0.0260079  0.357812 -0.272772  -9.79868 
               241.7  -1.3266 -0.38341 -0.83587  -32.4057  -7.52938 -0.840011  0.392673   -1.2662 -0.505185 0.038549 0.048077 0.141315    1.45119  0.0345978 -0.0432368 -0.000247685  0.000207207 -2.47397e-05  -0.03843 0.0558537 0.0260016  0.357801 -0.272781  -9.79868 
               241.8  -1.28704 -0.301112 -0.893039  -32.2619   -7.5264 -0.842328  0.392673   -1.2662 -0.505185 0.038549 0.048077 0.141315    1.42377  -0.018998 -0.0392436 -0.000249534  0.000209014 -2.15207e-05 -0.0384267  0.0558403   0.025986 0.357799 -0.27277 -9.79868 
               241.9  -1.22191 -0.517878  -0.87817  -32.1154  -7.52966 -0.840481  0.392673   -1.2662 -0.505185 0.038549 0.048077 0.141315    1.42966  0.0199902 -0.0484604 -0.000250795  0.000209659 -2.13435e-05 -0.0384671  0.0558613  0.0258991  0.357833 -0.272786  -9.79867 
                 242  -1.21606 -0.642895   -1.1903  -31.9685  -7.52605 -0.836934  0.392673   -1.2662 -0.505185 0.038549 0.048077 0.141315     1.51347   0.0421802 -0.00373506 -0.000250502  0.000209879  -1.9192e-05 -0.0384633   0.055857  0.0258053  0.357832 -0.272782  -9.79867 
               242.1 -1.16361 -0.51804 -1.16391  -31.8197  -7.52176 -0.823441  0.392673   -1.2662 -0.505185 0.038549 0.048077 0.141315   1.48792 0.0105838 0.0539342 -0.000250728  0.000207393 -1.99832e-05 -0.038452 0.0558422 0.0256854  0.357826 -0.272771  -9.79868 
               242.2  -1.22766 -0.456651  -1.11977  -31.6683  -7.52482 -0.809336  0.392673   -1.2662 -0.505185 0.038549 0.048077 0.141315    1.50331 -0.0271803  0.0905655 -0.000249567  0.000211339 -2.15006e-05 -0.0384805  0.0558655  0.0256261   0.35785 -0.272788  -9.79867 
               242.3  -1.15496 -0.581272  -1.18085  -31.5128  -7.52575 -0.800662  0.392673   -1.2662 -0.505185 0.038549 0.048077 0.141315   1.51814 0.0479502 0.0644905 -0.000249863  0.000211934 -2.20174e-05 -0.0385163  0.0558818  0.0256162 0.357879  -0.2728 -9.79867 
               242.4  -1.14909 -0.396194  -1.16822  -31.3678  -7.52219 -0.792104  0.392673   -1.2662 -0.505185 0.038549 0.048077 0.141315   1.50663 0.0236648 0.0663395 -0.000247784  0.000212293 -2.27195e-05 -0.0384602  0.0558885  0.0256111  0.357835 -0.272807  -9.79867 
               242.5  -1.20138 -0.399991  -1.06176 -31.2217 -7.52229 -0.78725  0.392673   -1.2662 -0.505185 0.038549 0.048077 0.141315   1.43227 0.0148107 0.0677693 -0.000246738  0.000212268 -2.35721e-05 -0.0384528  0.0559147  0.0256268  0.357829 -0.272828  -9.79867 
               242.6  -1.23351 -0.404751  -1.31036  -31.0816  -7.52074 -0.785164  0.392673   -1.2662 -0.505185 0.038549 0.048077 0.141315      1.463  0.0653312 0.00877588 -0.000246375   0.00021383 -2.09375e-05 -0.0384162  0.0559293  0.0256581   0.3578 -0.27284 -9.79867 
               242.7  -1.14518 -0.518938  -1.22112  -30.9355  -7.51774 -0.785059  0.392673   -1.2662 -0.505185 0.038549 0.048077 0.141315   1.47804 0.0398105 0.0719008 -0.000249081  0.000210803 -2.17965e-05 -0.0383986  0.0559593   0.025681  0.357786 -0.272864  -9.79867 
               242.8  -1.22943 -0.440427 -0.955169  -30.7821  -7.51676 -0.779298  0.392673   -1.2662 -0.505185 0.038549 0.048077 0.141315   1.47745 0.0284349 0.0223198 -0.000250055  0.000209652 -2.31979e-05 -0.0384466   0.055971  0.0256747  0.357825 -0.272872  -9.79867 
               242.9  -1.23109 -0.593583 -0.858415 -30.6315 -7.51457 -0.77845  0.392673   -1.2662 -0.505185 0.038549 0.048077 0.141315    1.46491  0.0675725 -0.0212094  -0.00025157   0.00021089 -2.30442e-05 -0.0384828  0.0559998  0.0256601  0.357854 -0.272894  -9.79867 
                 243  -1.29233  -0.52953 -0.600148  -30.4872  -7.51013 -0.779698  0.392673   -1.2662 -0.505185 0.038549 0.048077 0.141315     1.4557  0.0548582 0.00141639 -0.000250316  0.000210502 -2.32357e-05  -0.03847 0.0560224 0.0256729  0.357844 -0.272912  -9.79867 
               243.1  -1.29692 -0.577284 -0.334955  -30.3383  -7.50345 -0.772665  0.392673   -1.2662 -0.505185 0.038549 0.048077 0.141315    1.49322  0.0176696 0.00572327 -0.000250708  0.000210146 -2.36437e-05 -0.0384862   0.056001  0.0255938  0.357859 -0.272895  -9.79867 
               243.2  -1.30602 -0.520384 -0.319511   -30.186   -7.5018 -0.769878  0.392673   -1.2662 -0.505185 0.038549 0.048077 0.141315     1.47926     0.02753 -0.00258849 -0.000251816  0.000209597 -2.12363e-05 -0.0385298  0.0560183  0.0255472  0.357894 -0.272907  -9.79867 
               243.3  -1.29858 -0.520073  -0.44054  -30.0342  -7.50105 -0.763215  0.392673   -1.2662 -0.505185 0.038549 0.048077 0.141315   1.47094 0.0244903 0.0372087   -0.0002537  0.000210106 -1.93261e-05 -0.0385741  0.0560479  0.0254785  0.357932 -0.272929  -9.79867 
               243.4  -1.33498 -0.473236 -0.551886   -29.887   -7.5033 -0.757466  0.392673   -1.2662 -0.505185 0.038549 0.048077 0.141315     1.44856 -0.00503856   0.0501729 -0.000253738  0.000210402 -1.78431e-05 -0.0385895  0.0560709  0.0254496  0.357945 -0.272947  -9.79867 
               243.5  -1.30955 -0.561576 -0.864785  -29.7375  -7.50144 -0.749673  0.392673   -1.2662 -0.505185 0.038549 0.048077 0.141315   1.50953 0.0452466 0.0341135 -0.000253047  0.000210398 -1.76528e-05 -0.0386121  0.0560667  0.0254086  0.357964 -0.272943  -9.79867 
               243.6  -1.33921 -0.468887 -0.965218  -29.5845  -7.50114 -0.742423  0.392673   -1.2662 -0.505185 0.038549 0.048077 0.141315   1.51336 0.0149325  0.109411 -0.000251486  0.000211411 -1.87705e-05 -0.0386198  0.0560954  0.0254027  0.357971 -0.272965  -9.79866 
               243.7  -1.31004 -0.320065 -0.898017  -29.4317  -7.50185 -0.731266  0.392673   -1.2662 -0.505185 0.038549 0.048077 0.141315    1.53753 -0.0317259   0.125097 -0.000252801  0.000210571 -2.11021e-05 -0.0386118  0.0560828  0.0253888  0.357965 -0.272955  -9.79867 
               243.8   -1.35648 -0.0220565   -1.05644  -29.2814  -7.50285 -0.715486  0.392673   -1.2662 -0.505185 0.038549 0.048077 0.141315    1.53963 -0.0014438   0.134086 -0.000249575  0.000210142 -2.02543e-05 -0.0385649  0.0560817  0.0253775  0.357928 -0.272956  -9.79867 
               243.9 -1.38557 0.102888 -1.11792 -29.1373 -7.50459 -0.70716  0.392673   -1.2662 -0.505185 0.038549 0.048077 0.141315     1.44011 -0.00599733     0.14908 -0.000246633  0.000208866 -2.25731e-05 -0.0385155  0.0561085  0.0254529  0.357888 -0.272978  -9.79867 
                 244    -1.3391 -0.0117046  -0.971967  -28.9947  -7.50445 -0.704766  0.392673   -1.2662 -0.505185 0.038549 0.048077 0.141315   1.42144 0.0194825  0.122916 -0.000245889  0.000212167  -2.3917e-05 -0.038514 0.0561107  0.025583 0.357884 -0.27298 -9.79867 
               244.1  -1.38085 -0.315763  -1.14558 -28.8546 -7.49984 -0.70166  0.392673   -1.2662 -0.505185 0.038549 0.048077 0.141315   1.42701 0.0609505  0.064274 -0.000246067  0.000213585 -2.22174e-05 -0.0384991  0.0560866  0.0256828  0.357869 -0.272962  -9.79867 
               244.2  -1.37425 -0.535358  -1.14143   -28.714  -7.49083 -0.702414  0.392673   -1.2662 -0.505185 0.038549 0.048077 0.141315   1.43484  0.058727 0.0354712 -0.000243554  0.000214192 -2.14698e-05 -0.0384819  0.0560795  0.0257494  0.357853 -0.272957  -9.79867 
               244.3  -1.43821 -0.562729 -0.858499  -28.5665  -7.48652 -0.703002  0.392673   -1.2662 -0.505185 0.038549 0.048077 0.141315   1.47571 0.0370153 0.0103299 -0.000246578  0.000214274 -2.25298e-05 -0.0384996  0.0560915  0.0257968  0.357866 -0.272966  -9.79867 
               244.4  -1.42057 -0.459866 -0.717467  -28.4133  -7.48505 -0.708562  0.392673   -1.2662 -0.505185 0.038549 0.048077 0.141315    1.41716   0.104738 -0.0296598 -0.000246759  0.000212305 -2.14422e-05 -0.0385808  0.0561582   0.025837   0.35793 -0.273016  -9.79866 
               244.5  -1.47583 -0.421348 -0.499146    -28.27  -7.47867 -0.710096  0.392673   -1.2662 -0.505185 0.038549 0.048077 0.141315    1.43128  0.0674997 -0.0357547 -0.000249236  0.000211553 -2.22452e-05 -0.038599 0.0561906 0.0258274  0.357945 -0.273041  -9.79866 
               244.6  -1.51821 -0.566012 -0.228491  -28.1208  -7.47288 -0.712129  0.392673   -1.2662 -0.505185 0.038549 0.048077 0.141315    1.44716  0.0452604 -0.0290329 -0.000250804  0.000212529 -2.29097e-05 -0.0386545  0.0561986  0.0258048   0.35799 -0.273045  -9.79866 
               244.7  -1.50418 -0.640115 -0.199944  -27.9694  -7.47472 -0.710476  0.392673   -1.2662 -0.505185 0.038549 0.048077 0.141315    1.48933 0.00788226 -0.0373075 -0.000251758  0.000212089 -2.10782e-05 -0.0386987  0.0562488  0.0257474  0.358027 -0.273083  -9.79866 
               244.8  -1.47555 -0.549007 -0.381188  -27.8202  -7.47822 -0.707187  0.392673   -1.2662 -0.505185 0.038549 0.048077 0.141315    1.43888  0.0100516 -0.0340583 -0.000251669  0.000208879 -1.89335e-05 -0.0387282  0.0563007  0.0256743  0.358053 -0.273123  -9.79866 
               244.9   -1.4246 -0.661374 -0.432767  -27.6718  -7.48062 -0.704132  0.392673   -1.2662 -0.505185 0.038549 0.048077 0.141315    1.40271 -0.0298455 -0.0371265 -0.000253661  0.000210039 -1.92393e-05 -0.0387876  0.0563163  0.0255862  0.358103 -0.273133  -9.79866 
                 245  -1.37875 -0.655647 -0.751921 -27.5256 -7.48274 -0.69959  0.392673   -1.2662 -0.505185 0.038549 0.048077 0.141315    1.42195  0.0215215 -0.0913395 -0.000253125  0.000207831 -1.72114e-05 -0.0388502  0.0563495  0.0254824  0.358155 -0.273156  -9.79865 
               245.1  -1.34263 -0.846287 -0.905435  -27.3819  -7.48299 -0.699968  0.392673   -1.2662 -0.505185 0.038549 0.048077 0.141315    1.41088  0.0557661 -0.0720365 -0.000254179   0.00020739 -1.69874e-05 -0.0388646  0.0564029  0.0253746   0.35817 -0.273197  -9.79865 
               245.2  -1.32682 -0.675359 -0.863616  -27.2327  -7.47906 -0.695679  0.392673   -1.2662 -0.505185 0.038549 0.048077 0.141315    1.43038  0.0144039 -0.0302676 -0.000253859  0.000206717 -1.67467e-05 -0.0389548  0.0564177  0.0252591  0.358244 -0.273205  -9.79865 
               245.3   -1.3143 -0.710257 -0.932648  -27.0828  -7.48075 -0.685023  0.392673   -1.2662 -0.505185 0.038549 0.048077 0.141315    1.43403  0.0654614 -0.0226464 -0.000255431  0.000206821 -1.63352e-05 -0.039025 0.0564632  0.025114  0.358303 -0.273238  -9.79864 
               245.4  -1.27327 -0.627322  -1.09684  -26.9387  -7.47675 -0.680685  0.392673   -1.2662 -0.505185 0.038549 0.048077 0.141315    1.38708  0.0800474 -0.0378883 -0.000255818  0.000207135 -1.61495e-05 -0.0390595  0.0564937  0.0250189  0.358333 -0.273261  -9.79864 
               245.5  -1.29504 -0.632951 -0.992639  -26.7924  -7.47355 -0.677628  0.392673   -1.2662 -0.505185 0.038549 0.048077 0.141315   1.38212  0.035767 -0.067459 -0.000256151  0.000206961 -1.68126e-05 -0.0391276  0.0565201  0.0248993   0.35839 -0.273279  -9.79864 
               245.6  -1.32175 -0.483966  -1.18187  -26.6421  -7.47758 -0.674017  0.392673   -1.2662 -0.505185 0.038549 0.048077 0.141315    1.42229 0.00761582  -0.047599  -0.00025669  0.000205219 -1.42131e-05 -0.0392469  0.0565981  0.0247882  0.358487 -0.273336  -9.79864 
               245.7  -1.20908 -0.655106  -1.32694  -26.4923   -7.4823 -0.661066  0.392673   -1.2662 -0.505185 0.038549 0.048077 0.141315     1.47868 -0.00696322   0.0370303 -0.000258506  0.000205573 -1.34986e-05 -0.0392914  0.0566838  0.0246355  0.358527 -0.273401  -9.79863 
               245.8  -1.23447 -0.536588   -1.1191 -26.3377 -7.48873 -0.64306  0.392673   -1.2662 -0.505185 0.038549 0.048077 0.141315    1.49333 -0.0479861   0.137652 -0.000258502  0.000205105 -1.59532e-05 -0.0393487  0.0567223   0.024541  0.358575 -0.273429  -9.79863 
               245.9  -1.12623 -0.721001 -0.934777  -26.1839  -7.49396 -0.622214  0.392673   -1.2662 -0.505185 0.038549 0.048077 0.141315    1.52683 -0.0399129   0.105242 -0.000260018  0.000206587 -1.77176e-05 -0.0393744   0.056731  0.0244527  0.358597 -0.273435  -9.79863 
                 246  -1.17736 -0.794693 -0.801534  -26.0368  -7.49502 -0.608614  0.392673   -1.2662 -0.505185 0.038549 0.048077 0.141315    1.50067 -0.0300177   0.133124 -0.000258292  0.000203804 -1.82129e-05 -0.0393364  0.0567021  0.0244475  0.358567 -0.273414  -9.79863 
               246.1  -1.18962 -0.938268 -0.468217  -25.8835  -7.49423 -0.599314  0.392673   -1.2662 -0.505185 0.038549 0.048077 0.141315    1.56493 -0.0296299  0.0732742 -0.000256193  0.000204677 -1.90561e-05 -0.0393364  0.0566591  0.0244802 0.358565 -0.27338 -9.79863 
               246.2  -1.30393 -0.816571 -0.389492  -25.7248  -7.49379 -0.599439  0.392673   -1.2662 -0.505185 0.038549 0.048077 0.141315    1.57456 -0.0648978   0.051517 -0.000255508  0.000200817 -1.82419e-05 -0.0393489  0.0565988  0.0245473  0.358572 -0.273333  -9.79863 
               246.3  -1.30369 -0.539135  -0.52559  -25.5676  -7.49178 -0.598382  0.392673   -1.2662 -0.505185 0.038549 0.048077 0.141315   1.54073 -0.057898 0.0351402 -0.000258204  0.000201887 -1.67601e-05 -0.0393562  0.0565165  0.0245838  0.358575 -0.273269  -9.79863 
               246.4   -1.2817 -0.280494 -0.558915  -25.4196  -7.48769 -0.604288  0.392673   -1.2662 -0.505185 0.038549 0.048077 0.141315     1.43921 -0.00676919  -0.0274972 -0.000257271  0.000202599 -1.58375e-05 -0.0393382  0.0564358  0.0246609  0.358557 -0.273207  -9.79864 
               246.5  -1.27046 -0.297702 -0.751899  -25.2804  -7.48308 -0.606005  0.392673   -1.2662 -0.505185 0.038549 0.048077 0.141315    1.42043  0.0128748 -0.0277539 -0.000258408  0.000202634 -1.37351e-05 -0.0393244  0.0563834  0.0246619  0.358545 -0.273167  -9.79864 
               246.6  -1.23495 -0.641254 -0.991415  -25.1403  -7.47873 -0.606479  0.392673   -1.2662 -0.505185 0.038549 0.048077 0.141315    1.43677  0.0545473 -0.0197728  -0.00025756  0.000201032 -1.16122e-05 -0.0393059  0.0563725  0.0246276  0.358531 -0.273159  -9.79864 
               246.7  -1.21627  -0.82193 -0.926307  -24.9976  -7.47627 -0.603431  0.392673   -1.2662 -0.505185 0.038549 0.048077 0.141315    1.42992  0.0227758 -0.0243394 -0.000258755  0.000201206 -1.29335e-05 -0.0392912  0.0563921   0.024571  0.358522 -0.273175  -9.79864 
               246.8  -1.21584 -0.750869 -0.967491  -24.8528  -7.47221 -0.600549  0.392673   -1.2662 -0.505185 0.038549 0.048077 0.141315    1.42331  0.0432686 -0.0948051 -0.000259755  0.000200637 -1.29362e-05 -0.0393146  0.0563777  0.0244706  0.358542 -0.273163  -9.79864 
               246.9    -1.143 -0.746953  -1.20239  -24.7074  -7.46808 -0.599019  0.392673   -1.2662 -0.505185 0.038549 0.048077 0.141315    1.40899  0.0896779 -0.0433324 -0.000260715  0.000199494 -1.04773e-05 -0.039352 0.0564228 0.0243512  0.358574 -0.273197  -9.79864 
                 247  -1.11456 -0.547721  -1.08369 -24.5596 -7.46654 -0.59208  0.392673   -1.2662 -0.505185 0.038549 0.048077 0.141315    1.45803  0.0275762 -0.0210172 -0.000264162  0.000198875 -1.24513e-05 -0.0394024  0.0564834  0.0242376  0.358618 -0.273242  -9.79863 
               247.1  -1.11551 -0.517984  -1.13114 -24.4098 -7.46952 -0.58158  0.392673   -1.2662 -0.505185 0.038549 0.048077 0.141315    1.46281 -0.0267778  0.0503859 -0.000265459  0.000199349 -1.19953e-05 -0.0394455  0.0565172  0.0241312  0.358654 -0.273267  -9.79863 
               247.2  -1.05853 -0.494925  -1.43261  -24.2536  -7.47361 -0.569208  0.392673   -1.2662 -0.505185 0.038549 0.048077 0.141315     1.53345 -0.00389973     0.10792 -0.000265144  0.000198216 -9.02086e-06 -0.0395073  0.0565494  0.0240528 0.358705 -0.27329 -9.79863 
               247.3  -1.01958 -0.486243  -1.25745  -24.0985  -7.47844 -0.549653  0.392673   -1.2662 -0.505185 0.038549 0.048077 0.141315    1.58407 -0.0699177   0.198652 -0.000268039  0.000202339 -1.24723e-05 -0.0395051  0.0565663  0.0240002  0.358705 -0.273304  -9.79863 
               247.4 -0.971929 -0.493387  -1.02317 -23.9411 -7.48404 -0.53233  0.392673   -1.2662 -0.505185 0.038549 0.048077 0.141315  1.57359 -0.06186 0.189117 -0.000268181  0.000202614 -1.43638e-05 -0.0394906  0.0565454  0.0240266  0.358692 -0.273288  -9.79863 
               247.5  -1.00571 -0.619851 -0.900205  -23.7866  -7.48764 -0.520691  0.392673   -1.2662 -0.505185 0.038549 0.048077 0.141315      1.568 -0.0544033   0.179864 -0.000267171  0.000204307   -1.559e-05 -0.0394637   0.056513  0.0240961  0.358669 -0.273263  -9.79863 
               247.6  -1.01408 -0.633569 -0.545971  -23.6362  -7.48875 -0.512089  0.392673   -1.2662 -0.505185 0.038549 0.048077 0.141315    1.54152 -0.0508498   0.142937 -0.000265516    0.0002024 -1.84411e-05 -0.0394043  0.0564612  0.0242039   0.35862 -0.273224  -9.79863 
               247.7  -1.09203 -0.771852 -0.364657 -23.4859 -7.48722 -0.50952  0.392673   -1.2662 -0.505185 0.038549 0.048077 0.141315    1.57648 -0.0767586   0.119865 -0.000263719  0.000204304 -1.91938e-05 -0.0393523  0.0563674  0.0243184  0.358575 -0.273153  -9.79864 
               247.8  -1.09765  -0.79167 -0.490998  -23.3314  -7.48774 -0.508515  0.392673   -1.2662 -0.505185 0.038549 0.048077 0.141315    1.54925 -0.0670774  0.0964084 -0.000262492  0.000203232 -1.68589e-05 -0.0393198  0.0562931  0.0244297  0.358545 -0.273096  -9.79864 
               247.9  -1.07071 -0.766336 -0.607061   -23.183  -7.48732 -0.508473  0.392673   -1.2662 -0.505185 0.038549 0.048077 0.141315     1.52864  -0.0524022 -0.00554774 -0.000263638  0.000203551 -1.47176e-05 -0.0392605  0.0562287  0.0244802  0.358496 -0.273048  -9.79864 
                 248  -1.03245 -0.638172 -0.743259  -23.0401  -7.48195 -0.515248  0.392673   -1.2662 -0.505185 0.038549 0.048077 0.141315    1.47291 -0.0191683  -0.049108 -0.000264116  0.000202481 -1.30689e-05 -0.0392094  0.0561346  0.0245425  0.358453 -0.272976  -9.79865 
               248.1  -1.03346 -0.805181  -1.00536     -22.9  -7.47409 -0.526468  0.392673   -1.2662 -0.505185 0.038549 0.048077 0.141315   1.46705 0.0700962  -0.10971 -0.000265192  0.000203485 -1.06206e-05 -0.0391278  0.0560661  0.0245546  0.358388 -0.272926  -9.79865 
               248.2  -1.05693 -0.466036 -0.954174  -22.7577  -7.46391 -0.533097  0.392673   -1.2662 -0.505185 0.038549 0.048077 0.141315   1.40846  0.062636 -0.119716 -0.000266842  0.000199485 -1.12229e-05 -0.0391088  0.0560229  0.0245043  0.358373 -0.272893  -9.79865 
               248.3  -1.05273 -0.459177 -0.906966  -22.6157  -7.45775 -0.535371  0.392673   -1.2662 -0.505185 0.038549 0.048077 0.141315   1.41417 0.0603398 -0.110881 -0.000269046  0.000199703 -1.10085e-05 -0.0391226  0.0560087  0.0244038  0.358385 -0.272882  -9.79865 
               248.4  -1.01266 -0.414829   -1.0774  -22.4739  -7.45027 -0.536726  0.392673   -1.2662 -0.505185 0.038549 0.048077 0.141315    1.38118   0.104555 -0.0930759 -0.000269224  0.000201487 -7.47403e-06 -0.0391487  0.0560279  0.0243017  0.358408 -0.272896  -9.79865 
               248.5  -1.08551 -0.482034  -1.05207  -22.3314  -7.45018 -0.531066  0.392673   -1.2662 -0.505185 0.038549 0.048077 0.141315    1.40994  0.0117757 -0.0174102 -0.000268061  0.000202859 -4.87932e-06 -0.039192 0.0561136 0.0241687  0.358447 -0.272962  -9.79865 
               248.6   -1.0383 -0.486845  -1.01871  -22.1821  -7.45554 -0.515112  0.392673   -1.2662 -0.505185 0.038549 0.048077 0.141315     1.42832 0.000320385   0.0675471 -0.000267236  0.000200746 -5.69727e-06 -0.0392619  0.0561768  0.0240172  0.358506 -0.273009  -9.79864 
               248.7 -0.973582 -0.632848  -1.37779  -22.0332  -7.46106 -0.495427  0.392673   -1.2662 -0.505185 0.038549 0.048077 0.141315   1.52534 0.0225961  0.132889 -0.000268923   0.00020189 -4.45918e-06 -0.039276 0.0562514 0.0238841  0.358522 -0.273066  -9.79864 
               248.8  -0.95773 -0.558801  -1.19009   -21.876  -7.46583 -0.474314  0.392673   -1.2662 -0.505185 0.038549 0.048077 0.141315    1.5556 -0.043735  0.240853  -0.00026793  0.000199613 -7.69834e-06 -0.0393073   0.056289  0.0238513  0.358547 -0.273094  -9.79864 
               248.9 -0.926331 -0.545643 -0.968765  -21.7166  -7.47359 -0.448776  0.392673   -1.2662 -0.505185 0.038549 0.048077 0.141315     1.611 -0.069973  0.241456 -0.000268474  0.000201151 -1.08756e-05 -0.0393239   0.056303  0.0238398  0.358561 -0.273105  -9.79864 
                 249  -0.85177 -0.537396  -0.85888  -21.5588  -7.47502 -0.434522  0.392673   -1.2662 -0.505185 0.038549 0.048077 0.141315    1.55336 -0.0365432   0.230242 -0.000268255   0.00020295 -1.36323e-05 -0.0393089  0.0562724  0.0239436  0.358546 -0.273081  -9.79864 
               249.1  -0.91465 -0.524433 -0.529977 -21.4091 -7.47298 -0.42579  0.392673   -1.2662 -0.505185 0.038549 0.048077 0.141315    1.56333 -0.0269181   0.205029 -0.000266752   0.00020434 -1.60815e-05 -0.039247   0.05622 0.0240927  0.358494 -0.273042  -9.79864 
               249.2 -0.973618 -0.593009 -0.250561  -21.2583  -7.46797 -0.422137  0.392673   -1.2662 -0.505185 0.038549 0.048077 0.141315   1.57839 -0.028518  0.200399 -0.000265224  0.000203944  -1.6865e-05 -0.0391851  0.0561232  0.0242763  0.358439 -0.272968  -9.79865 
               249.3  -0.99342 -0.602946 -0.269676 -21.1096 -7.46379 -0.41711  0.392673   -1.2662 -0.505185 0.038549 0.048077 0.141315    1.59558 -0.0289171   0.189989 -0.000264232  0.000205004 -1.53486e-05 -0.0390816  0.0560372  0.0244521  0.358354 -0.272904  -9.79865 
               249.4  -1.01481 -0.502355 -0.255477  -20.9628  -7.46118 -0.413113  0.392673   -1.2662 -0.505185 0.038549 0.048077 0.141315    1.53073 -0.0582699   0.162535 -0.000264339  0.000204528 -1.54823e-05 -0.0389933   0.055967  0.0246079   0.35828 -0.272852  -9.79866 
               249.5  -1.06419 -0.666153  -0.21052  -20.8132  -7.46404 -0.412842  0.392673   -1.2662 -0.505185 0.038549 0.048077 0.141315    1.58482 -0.0608843   0.146125 -0.000262909  0.000207927 -1.60732e-05 -0.0389595   0.055925  0.0247889 0.358249 -0.27282 -9.79866 
               249.6  -1.01536 -0.804905 -0.498224  -20.6652   -7.4633 -0.416867  0.392673   -1.2662 -0.505185 0.038549 0.048077 0.141315    1.54069 0.00411098  0.0417284 -0.000262517  0.000205015 -1.41325e-05 -0.0388643    0.05587   0.024934 0.358171 -0.27278 -9.79866 
               249.7  -1.07482 -0.780495 -0.536961  -20.5206  -7.45625 -0.420796  0.392673   -1.2662 -0.505185 0.038549 0.048077 0.141315    1.48498  0.0328619 -0.0116722 -0.000262067  0.000202756 -1.47052e-05 -0.038801 0.0558092 0.0250129  0.358118 -0.272735  -9.79867 
               249.8  -1.14694 -0.741172 -0.432663  -20.3802  -7.44804 -0.430057  0.392673   -1.2662 -0.505185 0.038549 0.048077 0.141315    1.42763  0.0251335 -0.0770418 -0.000262416   0.00020071 -1.47117e-05 -0.0387588  0.0557532  0.0250795  0.358083 -0.272694  -9.79867 
               249.9  -1.16218 -0.844144 -0.569204  -20.2399  -7.43874 -0.439879  0.392673   -1.2662 -0.505185 0.038549 0.048077 0.141315   1.42289  0.127631 -0.135747  -0.00026351   0.00019983 -1.27744e-05 -0.0387223  0.0557304  0.0250614  0.358054 -0.272677  -9.79867 
                 250  -1.16052 -0.634234 -0.460308  -20.0995  -7.42613 -0.442906  0.392673   -1.2662 -0.505185 0.038549 0.048077 0.141315    1.39714    0.10987 -0.0670065 -0.000266284  0.000196915 -1.36362e-05 -0.038726 0.0557464 0.0249852 0.358059 -0.27269 -9.79867 
               250.1   -1.1966 -0.762797 -0.214784   -19.949  -7.41986 -0.437662  0.392673   -1.2662 -0.505185 0.038549 0.048077 0.141315    1.48689  0.0629021 -0.0333763 -0.000268794  0.000198529 -1.29925e-05 -0.0387874  0.0557628  0.0248642  0.358109 -0.272701  -9.79867 
               250.2   -1.1855 -0.637722 -0.487871  -19.8025  -7.41376 -0.429703  0.392673   -1.2662 -0.505185 0.038549 0.048077 0.141315    1.46068   0.120195 -0.0341514 -0.000269507  0.000196969 -1.06892e-05 -0.0387928  0.0557934  0.0247463  0.358117 -0.272724  -9.79867 
               250.3  -1.15408  -0.65251 -0.393181  -19.6597  -7.40599 -0.427031  0.392673   -1.2662 -0.505185 0.038549 0.048077 0.141315    1.40916    0.12562 -0.0491432 -0.000269584  0.000197169 -1.13844e-05 -0.0387748  0.0558455  0.0246688  0.358106 -0.272765  -9.79867 
               250.4  -1.21148 -0.602463 -0.124011  -19.5144  -7.40021 -0.423814  0.392673   -1.2662 -0.505185 0.038549 0.048077 0.141315    1.41549   0.133266 -0.0194301 -0.000268898  0.000198542 -1.29176e-05 -0.0388217  0.0559218  0.0245837  0.358146 -0.272821  -9.79866 
               250.5   -1.22734  -0.671576 -0.0393878 -19.3652 -7.39599 -0.41284  0.392673   -1.2662 -0.505185 0.038549 0.048077 0.141315   1.46211  0.132159 0.0374816 -0.000269723  0.000198222 -1.21432e-05 -0.0388798  0.0560222  0.0244668  0.358197 -0.272896  -9.79866 
               250.6  -1.25941 -0.545353  0.237375 -19.2164  -7.3916 -0.40111  0.392673   -1.2662 -0.505185 0.038549 0.048077 0.141315   1.43074   0.12006 0.0283135 -0.000269882  0.000196476 -1.45509e-05 -0.0389171  0.0561006  0.0243836   0.35823 -0.272955  -9.79866 
               250.7  -1.30912 -0.531172  0.769647  -19.0692   -7.3822 -0.394546  0.392673   -1.2662 -0.505185 0.038549 0.048077 0.141315   1.48024 0.0842208 0.0230316 -0.000269174  0.000199425  -1.7261e-05 -0.0389531  0.0561374  0.0243326  0.358259 -0.272982  -9.79865 
               250.8  -1.36835 -0.563361   1.18969 -18.9109   -7.381 -0.38732  0.392673   -1.2662 -0.505185 0.038549 0.048077 0.141315   1.53059 0.0548441 0.0310851 -0.000268826  0.000197493 -1.66907e-05 -0.0390348  0.0561948  0.0242922  0.358325 -0.273023  -9.79865 
               250.9  -1.36339 -0.515369   1.03721  -18.7586  -7.37578 -0.379592  0.392673   -1.2662 -0.505185 0.038549 0.048077 0.141315   1.52783  0.043505 0.0666572 -0.000270089  0.000196498 -1.23757e-05 -0.0390325  0.0561904  0.0242701  0.358324 -0.273019  -9.79865 
                 251  -1.34605 -0.542407  0.986145  -18.605 -7.37607 -0.37413  0.392673   -1.2662 -0.505185 0.038549 0.048077 0.141315     1.4501 0.00709848  0.0992505 -0.000270924  0.000196621 -1.11008e-05 -0.0390628  0.0562068  0.0242793 0.358347 -0.27303 -9.79865 
               251.1  -1.35348 -0.582737   0.70356 -18.4549 -7.37396 -0.36196  0.392673   -1.2662 -0.505185 0.038549 0.048077 0.141315   1.54004 0.0231337 0.0429006 -0.000271359  0.000198284 -1.01837e-05 -0.0390802  0.0562012  0.0242299  0.358361 -0.273025  -9.79865 
               251.2 -1.32241 -0.76936 0.589901  -18.3033  -7.37155 -0.357172  0.392673   -1.2662 -0.505185 0.038549 0.048077 0.141315   1.49242 0.0376194 0.0651623 -0.000269639  0.000197335 -9.86675e-06 -0.0390688   0.056222  0.0242309  0.358354 -0.273042  -9.79865 
               251.3  -1.34403 -0.678927  0.699554  -18.1585  -7.36755 -0.354511  0.392673   -1.2662 -0.505185 0.038549 0.048077 0.141315   1.50649 0.0209769 0.0587168  -0.00027146  0.000197252 -1.09435e-05 -0.0390248  0.0562075   0.024246  0.358319 -0.273033  -9.79865 
               251.4    -1.351 -0.702696  0.627639  -18.0094  -7.36354 -0.348078  0.392673   -1.2662 -0.505185 0.038549 0.048077 0.141315   1.49025 0.0156058   0.08826 -0.000270709  0.000194917 -9.23275e-06 -0.039018 0.0561779 0.0242646  0.358312 -0.273011  -9.79865 
               251.5  -1.35147 -0.802203  0.488949  -17.8616   -7.3632 -0.337053  0.392673   -1.2662 -0.505185 0.038549 0.048077 0.141315    1.53392 0.00488792  0.0611343 -0.000269873  0.000197771  -8.2689e-06 -0.038989 0.0562006 0.0242317  0.358292 -0.273029  -9.79865 
               251.6  -1.40633 -0.811201  0.619118  -17.7071  -7.36095 -0.334541  0.392673   -1.2662 -0.505185 0.038549 0.048077 0.141315    1.48593 -0.0230483  0.0341186 -0.000269185  0.000196026 -8.87407e-06 -0.0390027  0.0561684  0.0242599    0.3583 -0.273004  -9.79865 
               251.7  -1.41928 -0.750782  0.421223  -17.5605  -7.35536 -0.329093  0.392673   -1.2662 -0.505185 0.038549 0.048077 0.141315    1.54217 0.00691658  -0.054203 -0.000270437  0.000197973  -7.7098e-06 -0.0389847  0.0560914  0.0242135  0.358283 -0.272947  -9.79865 
               251.8  -1.34689 -0.941047  0.295656  -17.4136  -7.35044 -0.333052  0.392673   -1.2662 -0.505185 0.038549 0.048077 0.141315     1.50763   0.0389354 -0.00984738 -0.000270621  0.000194198  -7.3561e-06 -0.0389243  0.0560728   0.024222  0.358236 -0.272935  -9.79866 
               251.9  -1.38196 -0.836112  0.609797  -17.2656   -7.3468 -0.331917  0.392673   -1.2662 -0.505185 0.038549 0.048077 0.141315    1.52974  0.0195795 -0.0332134 -0.000271552  0.000194998 -9.17763e-06 -0.0388933  0.0560648   0.024201  0.358213 -0.272931  -9.79866 
                 252  -1.43412 -0.881635  0.783406  -17.1203  -7.33538 -0.333369  0.392673   -1.2662 -0.505185 0.038549 0.048077 0.141315   1.42616 0.0977263  -0.10823 -0.000270608  0.000192913 -8.53104e-06 -0.038872 0.0560002 0.0241456  0.358194 -0.272883  -9.79866 
               252.1 -1.46691 -0.86558 0.978606  -16.9803   -7.3195 -0.337515  0.392673   -1.2662 -0.505185 0.038549 0.048077 0.141315    1.42181   0.131181 -0.0834217 -0.000270402  0.000195331 -7.62526e-06 -0.0388588  0.0559587  0.0240604  0.358184 -0.272852  -9.79866 
               252.2  -1.45093 -0.775504   1.24354  -16.8403  -7.30161 -0.336563  0.392673   -1.2662 -0.505185 0.038549 0.048077 0.141315    1.37986   0.147287 -0.0983973 -0.000273545   0.00019329 -6.05054e-06 -0.0388633  0.0559306  0.0239478 0.358188 -0.27283 -9.79866 
               252.3  -1.50458 -0.828593   1.44489  -16.6962  -7.29075 -0.333358  0.392673   -1.2662 -0.505185 0.038549 0.048077 0.141315    1.42726   0.179075 -0.0794517 -0.000274164  0.000195101 -5.43443e-06 -0.0389111  0.0559776  0.0238037  0.358229 -0.272863  -9.79866 
               252.4 -1.51357 -0.74018  1.58314  -16.5536  -7.27763 -0.324537  0.392673   -1.2662 -0.505185 0.038549 0.048077 0.141315    1.41898   0.133114 -0.0172274 -0.000274591  0.000191198  -5.0176e-06 -0.0389221   0.056024  0.0236472  0.358243 -0.272897  -9.79866 
               252.5  -1.57872 -0.779985   1.76781  -16.4043  -7.27366 -0.309675  0.392673   -1.2662 -0.505185 0.038549 0.048077 0.141315   1.45578 0.0965865   0.03849 -0.000275665  0.000193302  -5.4143e-06 -0.0389766  0.0561017  0.0234773  0.358291 -0.272953  -9.79865 
               252.6 -1.57062 -0.62969  1.74128  -16.2551  -7.26734 -0.295991  0.392673   -1.2662 -0.505185 0.038549 0.048077 0.141315   1.46994  0.116482 0.0271368  -0.00027552  0.000193461 -4.73526e-06 -0.0390132  0.0561475  0.0233832  0.358323 -0.272985  -9.79865 
               252.7  -1.59579 -0.681274   1.79405  -16.1016  -7.26146 -0.288875  0.392673   -1.2662 -0.505185 0.038549 0.048077 0.141315  1.51736 0.126178 0.027612 -0.000276821  0.000195437 -5.17625e-06 -0.0390332   0.056219   0.023323  0.358344 -0.273038  -9.79865 
               252.8  -1.64005 -0.225421   2.25339  -15.9469  -7.25344 -0.281626  0.392673   -1.2662 -0.505185 0.038549 0.048077 0.141315   1.49036 0.0804996 0.0803349 -0.000275928  0.000191041 -8.15485e-06 -0.0390806  0.0562567  0.0233128  0.358382 -0.273064  -9.79865 
               252.9   -1.6804 -0.141927    2.6815 -15.8006  -7.2464 -0.26913  0.392673   -1.2662 -0.505185 0.038549 0.048077 0.141315  1.50092 0.103189 0.077025  -0.00027414  0.000191003 -9.69116e-06 -0.0390712   0.056259  0.0232791  0.358376 -0.273066  -9.79865 
                 253  -1.63289 -0.344908    2.9288  -15.6542  -7.23173 -0.263595  0.392673   -1.2662 -0.505185 0.038549 0.048077 0.141315   1.48848   0.17279 0.0841017 -0.000273891  0.000193581 -9.62238e-06 -0.0390408  0.0562279  0.0233139   0.35835 -0.273045  -9.79865 
               253.1  -1.67182 -0.359336   3.44362  -15.5135  -7.21213 -0.258778  0.392673   -1.2662 -0.505185 0.038549 0.048077 0.141315   1.44017  0.161253 0.0599542 -0.000272966  0.000193951 -1.07305e-05 -0.0389762  0.0562031  0.0233359 0.358299 -0.27303 -9.79865 
               253.2   -1.7623 -0.243998   4.02268   -15.372  -7.18945 -0.254871  0.392673   -1.2662 -0.505185 0.038549 0.048077 0.141315    1.4227  0.182252 0.0335227 -0.000273304  0.000190328 -1.11686e-05 -0.0389675  0.0561308  0.0233379  0.358287 -0.272976  -9.79865 
               253.3  -1.65892 -0.377739   4.34552  -15.2371  -7.16861 -0.257379  0.392673   -1.2662 -0.505185 0.038549 0.048077 0.141315    1.40136   0.259108 -0.0223761 -0.000271497  0.000195483 -9.87871e-06 -0.0389048   0.056141  0.0233738  0.358239 -0.272989  -9.79865 
               253.4  -1.64305 -0.375364   4.92378  -15.1009  -7.14293 -0.257738  0.392673   -1.2662 -0.505185 0.038549 0.048077 0.141315   1.34113   0.28795 0.0274052 -0.000272888  0.000192756 -9.54952e-06 -0.0388959  0.0561473  0.0233839  0.358233 -0.272994  -9.79865 
               253.5  -1.66031 -0.448608   5.64595  -14.9642  -7.11528 -0.252084  0.392673   -1.2662 -0.505185 0.038549 0.048077 0.141315  1.36575  0.28861 0.027293 -0.000273465  0.000191691 -1.08306e-05 -0.0389004  0.0561648  0.0233467  0.358239 -0.273007  -9.79865 
               253.6  -1.76968 -0.586628    6.3501 -14.8257 -7.08981  -0.2485  0.392673   -1.2662 -0.505185 0.038549 0.048077 0.141315    1.44681   0.316737 -0.0672241 -0.000272333  0.000191574 -1.10063e-05 -0.0389026  0.0562058  0.0232924  0.358245 -0.273037  -9.79865 
               253.7  -1.70734 -0.395727   7.08887  -14.6757  -7.06258 -0.244846  0.392673   -1.2662 -0.505185 0.038549 0.048077 0.141315  1.49015 0.300778 0.044955 -0.000272948  0.000189182  -1.0629e-05 -0.0389369  0.0562574  0.0232378  0.358278 -0.273072  -9.79865 
               253.8  -1.72909 -0.290816   7.59674  -14.5225   -7.0328 -0.235626  0.392673   -1.2662 -0.505185 0.038549 0.048077 0.141315   1.48758  0.280207 0.0746828 -0.000274364  0.000189508 -1.05818e-05 -0.038972 0.0562643 0.0231917  0.358306 -0.273073  -9.79865 
               253.9  -1.74907 -0.294214   8.12568  -14.3697  -7.00753 -0.226592  0.392673   -1.2662 -0.505185 0.038549 0.048077 0.141315   1.54789  0.278257 0.0824748 -0.000273235  0.000192154  -1.0735e-05 -0.0389938  0.0562905  0.0231788 0.358326 -0.27309 -9.79865 
                 254  -1.81001 -0.340685   8.45366  -14.2168   -6.9832 -0.215387  0.392673   -1.2662 -0.505185 0.038549 0.048077 0.141315  1.54068 0.250464 0.120495 -0.000271924  0.000191179 -1.05095e-05 -0.0389638  0.0563107  0.0231782  0.358306 -0.273109  -9.79865 
               254.1   -1.8015 -0.151075   8.83422 -14.0664 -6.96007 -0.20756  0.392673   -1.2662 -0.505185 0.038549 0.048077 0.141315   1.55406  0.228439 0.0900367 -0.000271398  0.000191118   -1.112e-05 -0.0389264  0.0563076  0.0232096  0.358277 -0.273112  -9.79865 
               254.2   -1.81701 -0.0957663    9.09625  -13.9239  -6.93525 -0.204683  0.392673   -1.2662 -0.505185 0.038549 0.048077 0.141315   1.46713  0.287214 0.0738789 -0.000271556  0.000188593 -1.09694e-05 -0.0388384   0.056296  0.0232682  0.358208 -0.273116  -9.79865 
               254.3   -1.79542 -0.0678602    9.55121  -13.7815  -6.90715 -0.203319  0.392673   -1.2662 -0.505185 0.038549 0.048077 0.141315   1.46717  0.269612 0.0845217 -0.000269993  0.000190459 -1.05225e-05 -0.0387946  0.0562829  0.0233359  0.358172 -0.273113  -9.79865 
               254.4   -1.81146 -0.0852655    9.85278    -13.64  -6.87711 -0.197115  0.392673   -1.2662 -0.505185 0.038549 0.048077 0.141315  1.50988 0.249033 0.143049 -0.000271239  0.000188703 -9.25205e-06 -0.0387376  0.0562175  0.0233763  0.358119 -0.273074  -9.79866 
               254.5 -1.82336  -0.2261   9.8283   -13.495  -6.85057 -0.187461  0.392673   -1.2662 -0.505185 0.038549 0.048077 0.141315  1.52939 0.276345 0.104747   -0.0002695  0.000191577 -6.57884e-06 -0.0386702  0.0561992  0.0234077  0.358065 -0.273072  -9.79866 
               254.6  -1.85662 -0.210814    9.8039  -13.3523  -6.82055 -0.180962  0.392673   -1.2662 -0.505185 0.038549 0.048077 0.141315  1.40623 0.299918 0.103849 -0.000270413  0.000191766 -7.02021e-06 -0.0386132   0.056184  0.0234409  0.35802 -0.27307 -9.79866 
               254.7   -1.93652 -0.0490038     10.001  -13.2168  -6.79092 -0.176364  0.392673   -1.2662 -0.505185 0.038549 0.048077 0.141315   1.40259  0.259172 0.0798879 -0.000271918  0.000192042 -7.81841e-06 -0.0385923   0.056145  0.0235104  0.357996 -0.273046  -9.79866 
               254.8 -1.93583 -0.41645  9.85072    -13.08  -6.76094 -0.176087  0.392673   -1.2662 -0.505185 0.038549 0.048077 0.141315   1.43242  0.324598 0.0562003 -0.000273155  0.000191024 -5.48479e-06 -0.0385381   0.056117  0.0235913  0.357949 -0.273035  -9.79866 
               254.9  -1.94551 -0.401982   9.86956  -12.9373  -6.72947 -0.178017  0.392673   -1.2662 -0.505185 0.038549 0.048077 0.141315   1.44012  0.333652 0.0516539 -0.000272276  0.000191356 -5.75403e-06 -0.0385139  0.0561227  0.0236531  0.357931 -0.273044  -9.79866 
                 255  -1.97614 -0.192928   9.97601  -12.7931  -6.69792 -0.173959  0.392673   -1.2662 -0.505185 0.038549 0.048077 0.141315   1.42749  0.289955 0.0840488 -0.000274167  0.000189644 -5.68849e-06 -0.0385253  0.0561271  0.0236744   0.35794 -0.273045  -9.79866 
               255.1  -1.94303 -0.183418   10.1998   -12.643  -6.66774 -0.166183  0.392673   -1.2662 -0.505185 0.038549 0.048077 0.141315  1.52125 0.320497 0.116491 -0.000274308  0.000192282 -6.85395e-06 -0.0385581  0.0561307  0.0237012  0.357964 -0.273042  -9.79866 
               255.2 -1.88339  -0.1674  10.3386  -12.4921   -6.6351 -0.156079  0.392673   -1.2662 -0.505185 0.038549 0.048077 0.141315  1.46068 0.306409 0.117385 -0.000274891  0.000192596 -8.62599e-06 -0.0385649  0.0561296  0.0237315  0.357968 -0.273041  -9.79866 
               255.3 -1.97614 -0.11021  10.6753  -12.3447  -6.60807 -0.152119  0.392673   -1.2662 -0.505185 0.038549 0.048077 0.141315  1.47017 0.272573 0.137449 -0.000273574  0.000194023 -1.10913e-05 -0.0385638  0.0561578  0.0238104  0.357971 -0.273062  -9.79866 
               255.4   -2.02795 -0.0759643    10.7906  -12.1968  -6.57428 -0.146071  0.392673   -1.2662 -0.505185 0.038549 0.048077 0.141315   1.49962  0.273218 0.0910778 -0.000274443  0.000191817 -1.03012e-05 -0.0385786  0.0560898  0.0238704 0.357968 -0.27301 -9.79866 
               255.5   -2.06392 -0.0733259    10.6915  -12.0431  -6.54155 -0.140749  0.392673   -1.2662 -0.505185 0.038549 0.048077 0.141315  1.49777 0.288659 0.101421 -0.000272684  0.000193686 -7.22445e-06 -0.0386156  0.0560497  0.0239295  0.357986 -0.272975  -9.79866 
               255.6   -2.0614 0.0125617   10.7451  -11.9035  -6.51468 -0.140362  0.392673   -1.2662 -0.505185 0.038549 0.048077 0.141315   1.40734  0.289332 0.0844405 -0.000275044  0.000191144 -7.60202e-06 -0.0385561  0.0560483   0.024033   0.35794 -0.272986  -9.79867 
               255.7  -2.10873 -0.170864   10.5954  -11.7634  -6.48076 -0.139824  0.392673   -1.2662 -0.505185 0.038549 0.048077 0.141315   1.49241  0.308521 0.0501439 -0.000274912  0.000194741 -5.12844e-06 -0.0385229  0.0559915  0.0241041  0.357904 -0.272951  -9.79867 
               255.8  -2.07738 -0.322588    10.562  -11.6172   -6.4489 -0.138365  0.392673   -1.2662 -0.505185 0.038549 0.048077 0.141315  1.46513 0.299615  0.10378  -0.00027406  0.000194167 -5.44573e-06 -0.0384977  0.0559761  0.0241692  0.357881 -0.272946  -9.79867 
               255.9  -2.17651 -0.193577   10.4626  -11.4761  -6.41843 -0.129801  0.392673   -1.2662 -0.505185 0.038549 0.048077 0.141315  1.45301 0.292444 0.112943 -0.000273642  0.000194392 -6.07172e-06 -0.0384531  0.0559526  0.0241904  0.357844 -0.272937  -9.79867 
                 256  -2.17042 -0.171902   10.4224  -11.3273  -6.38441 -0.122937  0.392673   -1.2662 -0.505185 0.038549 0.048077 0.141315   1.54728  0.332585 0.0254799  -0.00027346   0.00019346 -6.41332e-06 -0.0384779  0.0559178  0.0242473  0.357854 -0.272908  -9.79867 
               256.1  -2.15561 -0.259218   10.3665  -11.1747  -6.35262 -0.125268  0.392673   -1.2662 -0.505185 0.038549 0.048077 0.141315  1.51996 0.344702 0.038212 -0.000272037  0.000197385 -7.01451e-06 -0.0384667   0.055945  0.0243223 0.357849 -0.27293 -9.79867 
               256.2   -2.1619 -0.130335   10.3739  -11.0308  -6.32217 -0.122287  0.392673   -1.2662 -0.505185 0.038549 0.048077 0.141315  1.44711 0.276522 0.124867 -0.000273439  0.000195053 -6.15652e-06 -0.0384113  0.0559358  0.0243788  0.357806 -0.272935  -9.79867 
               256.3  -2.15555 -0.207152   10.1964  -10.8882  -6.29326 -0.116958  0.392673   -1.2662 -0.505185 0.038549 0.048077 0.141315   1.48869  0.337307 0.0198557 -0.000273995  0.000196561  -5.7689e-06 -0.038372 0.0559372 0.0244045  0.357777 -0.272944  -9.79867 
               256.4  -2.07902 -0.451085   10.1889  -10.7486  -6.26525 -0.119943  0.392673   -1.2662 -0.505185 0.038549 0.048077 0.141315     1.43568    0.370402 -0.00926434 -0.000273962  0.000196111 -6.19238e-06 -0.0382905  0.0559924  0.0244374  0.357727 -0.272999  -9.79867 
               256.5  -2.13879 -0.344558    10.392  -10.6082  -6.23406 -0.118989  0.392673   -1.2662 -0.505185 0.038549 0.048077 0.141315   1.42698  0.314278 0.0207012 -0.000273975  0.000195095 -7.87705e-06 -0.0382595  0.0560158  0.0244527  0.357708 -0.273022  -9.79867 
               256.6 -2.16968 -0.43771  10.5805  -10.4679  -6.20474 -0.118619  0.392673   -1.2662 -0.505185 0.038549 0.048077 0.141315    1.42945   0.332032 -0.0152864  -0.00027409  0.000195584 -8.50737e-06 -0.0382235  0.0560388  0.0244562  0.357686 -0.273046  -9.79867 
               256.7  -2.15355 -0.344303   10.6449  -10.3241  -6.17077 -0.118863  0.392673   -1.2662 -0.505185 0.038549 0.048077 0.141315   1.43232  0.328848 0.0100864 -0.000272985  0.000196551 -7.31361e-06 -0.0382114   0.056051  0.0244337   0.35768 -0.273057  -9.79867 
               256.8   -2.06563 -0.0977938    10.8454 -10.1775 -6.14158 -0.11182  0.392673   -1.2662 -0.505185 0.038549 0.048077 0.141315   1.50668  0.338544 0.0180429  -0.00027532  0.000196933 -7.48413e-06 -0.038239 0.0560945  0.024381  0.357709 -0.273082  -9.79867 
               256.9  -1.98921 -0.077581   10.8711  -10.0254  -6.10921 -0.102926  0.392673   -1.2662 -0.505185 0.038549 0.048077 0.141315     1.554  0.305419 0.0871508 -0.000274563  0.000197862 -6.22029e-06 -0.0382544  0.0560877  0.0243438   0.35772 -0.273074  -9.79867 
                 257  -1.88714 -0.260374   10.7463   -9.86518   -6.08286 -0.0942858  0.392673   -1.2662 -0.505185 0.038549 0.048077 0.141315   1.60635  0.292142 0.0885716 -0.000274246  0.000197232  -5.5363e-06 -0.0382767  0.0561324  0.0243436  0.357745 -0.273102  -9.79867 
               257.1  -1.83635 -0.140721    10.574   -9.70544   -6.06191 -0.0838659  0.392673   -1.2662 -0.505185 0.038549 0.048077 0.141315  1.62329 0.207673 0.109557 -0.000273074  0.000199033 -4.03053e-06 -0.0382442  0.0561646  0.0243425  0.357727 -0.273132  -9.79867 
               257.2  -1.72116 -0.119022   10.2664   -9.55492   -6.03844 -0.0786821  0.392673   -1.2662 -0.505185 0.038549 0.048077 0.141315  1.58099   0.2558 0.092591 -0.000272232  0.000197023 -3.57109e-06 -0.0381636  0.0561443  0.0243982  0.357664 -0.273133  -9.79867 
               257.3  -1.72791 -0.231593    10.143   -9.40812   -6.01296 -0.0750654  0.392673   -1.2662 -0.505185 0.038549 0.048077 0.141315  1.57599 0.258439  0.12054 -0.000270283  0.000197986 -3.18172e-06 -0.0380356  0.0561101  0.0244747  0.357563 -0.273133  -9.79867 
               257.4   -1.71443 -0.0852848    10.0235   -9.26336   -5.98661 -0.0706402  0.392673   -1.2662 -0.505185 0.038549 0.048077 0.141315    1.5093  0.254654 0.0917384 -0.000269073  0.000195659 -3.46637e-06 -0.0379468  0.0560702  0.0245395  0.357489 -0.273121  -9.79868 
               257.5   -1.69854 -0.0712475    10.0057   -9.12528   -5.95943 -0.0655839  0.392673   -1.2662 -0.505185 0.038549 0.048077 0.141315   1.52977  0.248895 0.0529367 -0.000269093  0.000197547 -3.93351e-06 -0.0378306  0.0560232  0.0245931  0.357395 -0.273109  -9.79868 
               257.6   -1.675 -0.24719  9.89864   -8.98243   -5.93107 -0.0661223  0.392673   -1.2662 -0.505185 0.038549 0.048077 0.141315   1.48498  0.296894 0.0389531 -0.000269809  0.000197333 -4.03481e-06 -0.0377409   0.055986  0.0246617  0.357321 -0.273099  -9.79868 
               257.7   -1.66601 -0.0817906     9.8505   -8.84308   -5.90245 -0.0657903  0.392673   -1.2662 -0.505185 0.038549 0.048077 0.141315   1.44305  0.237609 0.0559259 -0.000269862   0.00019706 -3.64784e-06 -0.0376713  0.0559599  0.0247043  0.357265 -0.273094  -9.79869 
               257.8  -1.66499 -0.153826   9.84307   -8.69886   -5.87159 -0.0622127  0.392673   -1.2662 -0.505185 0.038549 0.048077 0.141315   1.47357  0.294945 0.0361497 -0.000270632  0.000196814 -3.89845e-06 -0.0376752  0.0559101  0.0247253  0.357258 -0.273057  -9.79869 
               257.9  -1.63014 -0.279146   9.79769    -8.5582    -5.8406 -0.0591488  0.392673   -1.2662 -0.505185 0.038549 0.048077 0.141315   1.47232  0.310961 0.0514672 -0.000270745  0.000196194  -2.9243e-06 -0.037612 0.0559026 0.0247443  0.357211 -0.273063  -9.79869 
                 258  -1.64777 -0.254382   9.96911   -8.41695   -5.80705 -0.0531002  0.392673   -1.2662 -0.505185 0.038549 0.048077 0.141315   1.47726  0.325524 0.0746095 -0.000271264  0.000195195 -3.23339e-06 -0.0375786  0.0558868  0.0247618  0.357183 -0.273058  -9.79869 
               258.1  -1.68147 -0.196245   10.1776   -8.27188   -5.77703 -0.0469427  0.392673   -1.2662 -0.505185 0.038549 0.048077 0.141315   1.50219  0.321663 0.0809185 -0.000271114  0.000195493 -3.29301e-06 -0.0375419  0.0558948  0.0247789 0.357158 -0.27307 -9.79869 
               258.2  -1.65051 -0.280298   10.3069    -8.1232   -5.74635 -0.0421242  0.392673   -1.2662 -0.505185 0.038549 0.048077 0.141315    1.4711  0.364985 0.0660311 -0.00027254 0.000195511 -3.4016e-06 -0.0375279    0.05592  0.0248062  0.357151 -0.273091  -9.79869 
               258.3  -1.68361 -0.130149   10.5916   -7.97837   -5.71164 -0.0381114  0.392673   -1.2662 -0.505185 0.038549 0.048077 0.141315    1.4767  0.322597 0.0415667 -0.000271601  0.000194921 -3.56911e-06 -0.0375201  0.0559068  0.0248315  0.357143 -0.273083  -9.79869 
               258.4   -1.7024 -0.249099   10.7839   -7.83497    -5.6791 -0.0335583  0.392673   -1.2662 -0.505185 0.038549 0.048077 0.141315   1.45466  0.322728 0.0810621  -0.00027072  0.000195716 -2.58614e-06 -0.0374946  0.0559176  0.0248619  0.357126 -0.273096  -9.79869 
               258.5    -1.806 -0.386673   10.8405   -7.68712   -5.64707 -0.0294526  0.392673   -1.2662 -0.505185 0.038549 0.048077 0.141315   1.51574  0.326542 0.0528576 -0.000269961  0.000198154 -1.49663e-06 -0.0374778  0.0559186  0.0248921  0.357113 -0.273099  -9.79869 
               258.6  -1.75272 -0.345819   10.7808   -7.54132   -5.61486 -0.0272294  0.392673   -1.2662 -0.505185 0.038549 0.048077 0.141315   1.42705  0.292541 0.0415925 -0.000271361  0.000194694 -6.41397e-07 -0.0374597  0.0559095  0.0249265  0.357097 -0.273096  -9.79869 
               258.7  -1.78849 -0.404343   10.5009   -7.39851   -5.58165 -0.0234302  0.392673   -1.2662 -0.505185 0.038549 0.048077 0.141315   1.43013  0.337226 0.0318296 -0.000270311  0.000196151   3.6165e-06 -0.0374783   0.055882  0.0249306  0.357106 -0.273073  -9.79869 
               258.8  -1.75144 -0.728079    10.256    -7.2565   -5.55308 -0.0231158  0.392673   -1.2662 -0.505185 0.038549 0.048077 0.141315   1.44178  0.342726 0.0289597 -0.000270759  0.000196527   3.5673e-06 -0.0374291  0.0559265   0.024948  0.357078 -0.273114  -9.79869 
               258.9 -1.70828 -0.54925  10.1124  -7.11133  -5.52314 -0.020492  0.392673   -1.2662 -0.505185 0.038549 0.048077 0.141315    1.43165   0.326279 0.00146299 -0.000270995  0.000195545  4.26847e-06 -0.0374287    0.05597  0.0249423  0.357086 -0.273146  -9.79869 
                 259  -1.62796 -0.367279   10.0699    -6.9634   -5.49411 -0.0190571  0.392673   -1.2662 -0.505185 0.038549 0.048077 0.141315     1.3984   0.344089 -0.0139201 -0.000272901  0.000193889  4.29725e-06 -0.0374892  0.0560366  0.0249207  0.357142 -0.273182  -9.79869 
               259.1  -1.64216 -0.312084   10.0126   -6.81762   -5.46594 -0.0192619  0.392673   -1.2662 -0.505185 0.038549 0.048077 0.141315   1.40514  0.359128 0.0347988 -0.000271332  0.000195417  4.48282e-06 -0.0375106  0.0561074  0.0248999  0.357171 -0.273229  -9.79869 
               259.2  -1.56544 -0.200611   9.92302   -6.67819   -5.43465 -0.0100514  0.392673   -1.2662 -0.505185 0.038549 0.048077 0.141315   1.35569  0.296109 0.0905315 -0.000273344  0.000195422  3.54412e-06 -0.0375063  0.0561447  0.0248469  0.357176 -0.273257  -9.79869 
               259.3   -1.51603 -0.0582296    9.91983   -6.53492   -5.40897 0.00119965  0.392673   -1.2662 -0.505185 0.038549 0.048077 0.141315   1.38289  0.318626 0.0338381 -0.000276033    0.0001961  5.17719e-06 -0.0375751  0.0562018  0.0247975  0.357237 -0.273285  -9.79868 
               259.4  -1.42903 -0.448579   9.74489  -6.39444  -5.38363 0.0019779  0.392673   -1.2662 -0.505185 0.038549 0.048077 0.141315    1.35762   0.350097 -0.0622944 -0.000276948  0.000197252  6.92137e-06 -0.0375875  0.0562895   0.024776  0.357262 -0.273346  -9.79868 
               259.5  -1.44743 -0.286181   9.88372     -6.25954      -5.3537 -0.000245949  0.392673   -1.2662 -0.505185 0.038549 0.048077 0.141315   1.34391  0.361702 -0.022441 -0.000276929  0.000193575  6.42876e-06 -0.0375902  0.0563595  0.0247677  0.357276 -0.273395  -9.79868 
               259.6 -1.45703 -0.36708  10.1509    -6.11798    -5.32661 0.000265571  0.392673   -1.2662 -0.505185 0.038549 0.048077 0.141315    1.34412   0.338746 -0.0183786  -0.0002787 0.000193424 5.70384e-06 -0.0376434  0.0564535  0.0247442  0.357332 -0.273453  -9.79867 
               259.7  -1.42345 -0.341296   10.3152    -5.97174    -5.29225 8.84539e-05  0.392673   -1.2662 -0.505185 0.038549 0.048077 0.141315    1.34293    0.39443 -0.0854015 -0.000279053  0.000192819  7.14879e-06 -0.037751 0.0565065 0.0246767   0.35742 -0.273472  -9.79867 
               259.8  -1.43748 -0.258017   10.5719   -5.82829   -5.25607 0.00208217  0.392673   -1.2662 -0.505185 0.038549 0.048077 0.141315    1.33766   0.367135 -0.0293284 -0.000280976   0.00019328  6.66203e-06 -0.0378527  0.0565703  0.0245788 0.357507  -0.2735 -9.79867 
               259.9  -1.51473 -0.251434   10.7961   -5.68012   -5.22332 0.00898519  0.392673   -1.2662 -0.505185 0.038549 0.048077 0.141315    1.41031   0.338777 0.00773983 -0.000280816  0.000194227   8.0085e-06 -0.0379673  0.0566259  0.0244941  0.357601 -0.273519  -9.79866 
                 260  -1.50077 -0.432026   10.7909  -5.52388  -5.19749 0.0174179  0.392673   -1.2662 -0.505185 0.038549 0.048077 0.141315   1.46911  0.321383 0.0348085 -0.000280677  0.000195639  8.67993e-06 -0.038067 0.0567036 0.0244093  0.357689 -0.273557  -9.79866 
               260.1  -1.45616 -0.317926    10.651  -5.36779  -5.17301 0.0291001  0.392673   -1.2662 -0.505185 0.038549 0.048077 0.141315    1.4974  0.278297 0.0776715 -0.000279825  0.000195947  9.88896e-06 -0.038143 0.0567835 0.0243497 0.357759  -0.2736 -9.79865 
               260.2  -1.50153 -0.400101   10.4919  -5.21463  -5.14907 0.0413157  0.392673   -1.2662 -0.505185 0.038549 0.048077 0.141315 1.44592 0.26463 0.10895 -0.000280307  0.000195449  9.63394e-06 -0.0381972  0.0568176   0.024326  0.357805 -0.273615  -9.79865 
               260.3  -1.50207 -0.612457   10.3282  -5.06979  -5.12521 0.0484611  0.392673   -1.2662 -0.505185 0.038549 0.048077 0.141315   1.52747  0.271358 0.0816811 -0.000277358  0.000195886    1.035e-05 -0.0381586   0.056837  0.0243314  0.357781 -0.273636  -9.79865 
               260.4  -1.52753 -0.584474   10.3014  -4.91958  -5.09697 0.0589752  0.392673   -1.2662 -0.505185 0.038549 0.048077 0.141315   1.46348  0.280884 0.0991748 -0.00027633 0.000191925 9.37665e-06 -0.0381633  0.0568473  0.0243342  0.357786 -0.273642  -9.79865 
               260.5  -1.57209 -0.486488   10.2363  -4.77421  -5.06676 0.0637785  0.392673   -1.2662 -0.505185 0.038549 0.048077 0.141315   1.42512  0.289186 0.0728145 -0.000277435  0.000191857  1.02106e-05 -0.0381741  0.0568208  0.0243654  0.357788 -0.273621  -9.79865 
               260.6  -1.54664 -0.628876   10.1939  -4.62916   -5.0399 0.0662514  0.392673   -1.2662 -0.505185 0.038549 0.048077 0.141315  1.51495 0.333163 0.051333 -0.000280149  0.000192323   9.3121e-06 -0.0381374  0.0568361  0.0243869  0.357764 -0.273639  -9.79865 
               260.7  -1.53392 -0.372344   10.0106  -4.48288  -5.00389 0.0699048  0.392673   -1.2662 -0.505185 0.038549 0.048077 0.141315   1.46715  0.327658 0.0501311 -0.000278605  0.000191381  1.14384e-05 -0.0381066  0.0568043  0.0244109  0.357736 -0.273622  -9.79865 
               260.8  -1.55763 -0.205441   10.0936  -4.33768  -4.97635 0.0744704  0.392673   -1.2662 -0.505185 0.038549 0.048077 0.141315   1.49545  0.298547 0.0118329 -0.000278492   0.00019237  1.02246e-05 -0.0381214   0.056823  0.0244322  0.357749 -0.273633  -9.79865 
               260.9  -1.54093 -0.495396   9.83527 -4.19144 -4.94282 0.068376  0.392673   -1.2662 -0.505185 0.038549 0.048077 0.141315    1.48837    0.37172 -0.0572066 -0.000277123  0.000194634  1.18306e-05 -0.0380836  0.0568118   0.024461   0.35772 -0.273632  -9.79866 
                 261  -1.51841 -0.572757   9.99305  -4.03867  -4.90427 0.0693253  0.392673   -1.2662 -0.505185 0.038549 0.048077 0.141315   1.53915  0.389535 0.0880439 -0.000278635  0.000193453  9.75554e-06 -0.0380898  0.0568164  0.0244363  0.357725 -0.273634  -9.79865 
               261.1  -1.58031 -0.440813   10.3486  -3.88999   -4.8723 0.0832649  0.392673   -1.2662 -0.505185 0.038549 0.048077 0.141315  1.52336 0.324207 0.113995 -0.000281501  0.000191732  7.49147e-06 -0.038026 0.0568351 0.0243769  0.357684 -0.273659  -9.79866 
               261.2  -1.61373 -0.498489   10.7031  -3.74366   -4.8397 0.0969556  0.392673   -1.2662 -0.505185 0.038549 0.048077 0.141315   1.51182  0.354452 0.0656514 -0.000281463  0.000190912  4.67815e-06 -0.0379762  0.0568391   0.024342  0.35765 -0.27367 -9.79866 
               261.3  -1.74276 -0.592812   10.8325 -3.59831 -4.80677 0.104611  0.392673   -1.2662 -0.505185 0.038549 0.048077 0.141315  1.54082 0.314024 0.129113 -0.00027991 0.000189994 6.68691e-06 -0.0379164  0.0568391  0.0243664  0.357606 -0.273681  -9.79866 
               261.4 -1.60373 -0.45346  11.1866 -3.44905 -4.77824 0.117358  0.392673   -1.2662 -0.505185 0.038549 0.048077 0.141315  1.57846 0.271299 0.142727 -0.00027997 0.000189128 4.80571e-06 -0.0378584  0.0568428  0.0244032  0.357565 -0.273694  -9.79866 
               261.5  -1.66641 -0.497695   11.0782 -3.29697 -4.75393 0.127687  0.392673   -1.2662 -0.505185 0.038549 0.048077 0.141315  1.54899 0.222379 0.162358 -0.000277767  0.000191124  8.14888e-06 -0.0377934  0.0568285  0.0244488  0.357515 -0.273696  -9.79866 
               261.6   -1.4291 -0.626993   10.9535 -3.15036 -4.72676 0.138406  0.392673   -1.2662 -0.505185 0.038549 0.048077 0.141315   1.5607 0.280307 0.168725 -0.000277335  0.000190259  7.99211e-06 -0.0377138  0.0567965  0.0245324  0.357451 -0.273688  -9.79866 
               261.7   -1.4986 -0.508448   10.6542 -3.00234  -4.6998 0.141055  0.392673   -1.2662 -0.505185 0.038549 0.048077 0.141315  1.56039 0.226572 0.159829 -0.000272855  0.000191368  1.05713e-05 -0.0376313   0.056754  0.0246808  0.357381 -0.273674  -9.79867 
               261.8  -1.29527 -0.501814   10.5594 -2.85334   -4.674 0.149051  0.392673   -1.2662 -0.505185 0.038549 0.048077 0.141315  1.63129 0.272427 0.110376 -0.00027428 0.000192725 8.46616e-06 -0.0375432  0.0567281   0.024765  0.357312 -0.273672  -9.79867 
               261.9  -1.39886 -0.418339   10.5007 -2.69903 -4.64652  0.14822  0.392673   -1.2662 -0.505185 0.038549 0.048077 0.141315   1.60603  0.279612 0.0891969 -0.000267607  0.000193884  9.51253e-06 -0.0374546  0.0566946  0.0248915   0.35724 -0.273665  -9.79867 
                 262  -1.42371 -0.145294   10.4773 -2.55084 -4.61463 0.144937  0.392673   -1.2662 -0.505185 0.038549 0.048077 0.141315    1.5267  0.271494 0.0788428 -0.000267333  0.000192925  9.10772e-06 -0.0373734  0.0566295  0.0250286  0.357168 -0.273634  -9.79868 
               262.1   -1.54702 -0.0936999    10.4909  -2.4108 -4.58411 0.147127  0.392673   -1.2662 -0.505185 0.038549 0.048077 0.141315   1.57317  0.272056 0.0522351 -0.000266782  0.000193649  9.53769e-06 -0.0372409  0.0565505  0.0250821  0.357058 -0.273603  -9.79868 
               262.2  -1.47878 -0.177171   10.3925 -2.26432 -4.54986 0.145844  0.392673   -1.2662 -0.505185 0.038549 0.048077 0.141315   1.52182  0.298705 0.0924119 -0.000267015  0.000193902   9.4035e-06 -0.0371418  0.0564817   0.025156  0.356973 -0.273572  -9.79868 
               262.3 -1.59612 0.127762  10.4546 -2.12663 -4.51967 0.151802  0.392673   -1.2662 -0.505185 0.038549 0.048077 0.141315   1.4356  0.23176 0.114153 -0.000265343  0.000192313  9.28528e-06 -0.0370566  0.0564139  0.0252189 0.356899 -0.27354 -9.79869 
               262.4   -1.5581 -0.559811   10.4024 -1.98631 -4.48702 0.152826  0.392673   -1.2662 -0.505185 0.038549 0.048077 0.141315   1.53475  0.327934 0.0527123 -0.000267194  0.000195615  9.02833e-06 -0.0369832  0.0563297  0.0252662   0.35683 -0.273494  -9.79869 
               262.5  -1.52697 -0.601566   10.3006 -1.84284 -4.45493 0.153896  0.392673   -1.2662 -0.505185 0.038549 0.048077 0.141315   1.48219  0.299228 0.0798781 -0.000265672  0.000194104  1.08037e-05 -0.0368829  0.0563124   0.025321 0.356754  -0.2735 -9.79869 
               262.6  -1.55749 -0.521211   10.5508 -1.70078 -4.42565 0.158861  0.392673   -1.2662 -0.505185 0.038549 0.048077 0.141315     1.50197    0.289511 -0.00410408 -0.00026648 0.000194313 8.27942e-06 -0.0368319   0.056301  0.0253373  0.356715 -0.273501   -9.7987 
               262.7  -1.61661 -0.598556   10.7313 -1.55361 -4.39422 0.152548  0.392673   -1.2662 -0.505185 0.038549 0.048077 0.141315    1.47655   0.321121 -0.0995782 -0.000264575  0.000193013  8.16837e-06 -0.0368138  0.0562671  0.0253784  0.356695 -0.273481   -9.7987 
               262.8  -1.51258 -0.560314   10.9156 -1.41202 -4.36034 0.144674  0.392673   -1.2662 -0.505185 0.038549 0.048077 0.141315   1.43889    0.3573 -0.113398 -0.000266724  0.000190345  8.00423e-06 -0.0367612  0.0562676   0.025343  0.356659 -0.273491   -9.7987 
               262.9 -1.56159 -0.40839  11.1491  -1.2707 -4.31922 0.142742  0.392673   -1.2662 -0.505185 0.038549 0.048077 0.141315    1.41279   0.323583 -0.0345087 -0.000269447  0.000189119  9.59235e-06 -0.0367566   0.056203  0.0252818  0.356645 -0.273445   -9.7987 
                 263  -1.54594 -0.400638   11.2595 -1.12778 -4.28168 0.149285  0.392673   -1.2662 -0.505185 0.038549 0.048077 0.141315   1.52063  0.362383 -0.104251 -0.000270987  0.000188305  9.74497e-06 -0.0367654  0.0561564  0.0251522 0.356645 -0.27341  -9.7987 
               263.1  -1.53354 -0.465911   11.1009 -0.97968 -4.24977 0.149318  0.392673   -1.2662 -0.505185 0.038549 0.048077 0.141315    1.49152   0.390348 -0.0496112 -0.000267915  0.000188173  1.35331e-05 -0.0367294  0.0562071  0.0250489  0.356631 -0.273453   -9.7987 
               263.2  -1.57187 -0.366351   11.1459 -0.83404  -4.2144 0.156642  0.392673   -1.2662 -0.505185 0.038549 0.048077 0.141315   1.44253    0.3576 0.0559296 -0.00026735 0.000188047 1.20702e-05 -0.0367058  0.0562192  0.0249398  0.356618 -0.273466   -9.7987 
               263.3  -1.57267 -0.369838   11.2724 -0.694582  -4.18366  0.171262  0.392673   -1.2662 -0.505185 0.038549 0.048077 0.141315    1.4809   0.34592 0.0128786 -0.000266588  0.000190983  1.04229e-05 -0.0366384  0.0562552  0.0248172  0.356579 -0.273503   -9.7987 
               263.4 -1.56516 -0.54632  11.6265 -0.547976  -4.15038  0.178773  0.392673   -1.2662 -0.505185 0.038549 0.048077 0.141315   1.46161  0.369714 0.0545177 -0.000266653  0.000191122  7.15168e-06 -0.0366109  0.0562892  0.0247313  0.356568 -0.273532   -9.7987 
               263.5 -1.67251 -0.31075  12.0144 -0.408166  -4.11234  0.190611  0.392673   -1.2662 -0.505185 0.038549 0.048077 0.141315   1.42914  0.390267 0.0331124 -0.000265789   0.00018946  6.32945e-06 -0.0365738  0.0562757  0.0246656  0.35654 -0.27353  -9.7987 
               263.6  -1.70906 -0.510356   12.5355 -0.272212  -4.07252  0.195362  0.392673   -1.2662 -0.505185 0.038549 0.048077 0.141315   1.39787  0.369137 0.0429814 -0.000266542  0.000188739  5.39621e-06 -0.0365295  0.0562619  0.0246619  0.356506 -0.273529   -9.7987 
               263.7  -1.69948 -0.670749   13.1542 -0.132266  -4.02839  0.198518  0.392673   -1.2662 -0.505185 0.038549 0.048077 0.141315    1.41595   0.439727 -0.0313914 -0.000268867  0.000190607  4.83935e-06 -0.0365164  0.0562206  0.0246242   0.35649 -0.273502   -9.7987 
               263.8 -1.73496 -0.41448  13.7473 0.00211114   -3.98517   0.194049  0.392673   -1.2662 -0.505185 0.038549 0.048077 0.141315    1.40412   0.403723 -0.0484641 -0.000270066  0.000186805  3.94284e-06 -0.0364596  0.0562074  0.0246331  0.356447 -0.273504  -9.79871 
               263.9  -1.69461 0.0334356   14.4558 0.144118 -3.94403 0.192398  0.392673   -1.2662 -0.505185 0.038549 0.048077 0.141315    1.47073   0.413116 -0.0836734 -0.00027178 0.000184867 4.15441e-06 -0.0364536   0.056207  0.0245858  0.356443 -0.273505  -9.79871 
                 264 -1.37417 0.358481  15.1826 0.292567 -3.90491 0.193456  0.392673   -1.2662 -0.505185 0.038549 0.048077 0.141315    1.48597   0.403489 -0.0100707 -0.000271836  0.000186281    4.542e-06 -0.0364405  0.0562442  0.0245384  0.356443 -0.273534   -9.7987 
               264.1 -1.03994  1.04293  15.8909 0.433066 -3.85924 0.203253  0.392673   -1.2662 -0.505185 0.038549 0.048077 0.141315   1.31773  0.454688 0.0916367 -0.000268423  0.000181795  4.33967e-06 -0.0364427   0.056233  0.0244974  0.356443 -0.273525   -9.7987 
               264.2 -0.96739 0.762606  16.6727  0.55566 -3.81051 0.213233  0.392673   -1.2662 -0.505185 0.038549 0.048077 0.141315    1.2885  0.468646 0.0913804 -0.000267593  0.000185402  3.56721e-06 -0.0363657  0.0561975  0.0244987  0.356381 -0.273518  -9.79871 
               264.3 -0.853935  0.152136   17.7236 0.673935 -3.75406 0.217831  0.392673   -1.2662 -0.505185 0.038549 0.048077 0.141315    1.23556   0.578764 -0.0291284 -0.000268512  0.000188099  1.18856e-06 -0.0363088  0.0561307  0.0245105  0.356326 -0.273486  -9.79871 
               264.4  -1.04905 -0.252892   18.7425  0.79257 -3.69172  0.21395  0.392673   -1.2662 -0.505185 0.038549 0.048077 0.141315   1.22172  0.594628 -0.012863 -0.000266191  0.000187426  1.51365e-06 -0.0362697  0.0560881  0.0245304  0.356287 -0.273466  -9.79871 
               264.5  -1.22705 -0.290283   19.9868 0.917072 -3.62259 0.213923  0.392673   -1.2662 -0.505185 0.038549 0.048077 0.141315    1.21228   0.687315 -0.0673274 -0.000268468   0.00018698  9.39431e-08 -0.0363089  0.0560501  0.0244956 0.356306 -0.27343 -9.79871 
               264.6  -1.57648 -0.306168   21.3777  1.04681  -3.5519 0.208663  0.392673   -1.2662 -0.505185 0.038549 0.048077 0.141315   1.34884   0.71091 -0.116033 -0.000266896  0.000184026 -1.83965e-06 -0.0363589   0.056057   0.024446  0.356343 -0.273421  -9.79871 
               264.7   -2.05941 -0.0510774    22.5271  1.19383 -3.47264 0.201519  0.392673   -1.2662 -0.505185 0.038549 0.048077 0.141315    1.38705   0.706684 -0.0384756 -0.00026619 0.000180494 4.40039e-07 -0.0364589  0.0560367  0.0243567  0.356406 -0.273379  -9.79871 
               264.8 -2.74726 0.827844  23.0241  1.33376 -3.40423 0.202431  0.392673   -1.2662 -0.505185 0.038549 0.048077 0.141315   1.39454  0.561311 -0.124314 -0.000270199  0.000176853  4.59954e-06 -0.0365238  0.0559444  0.0242852  0.356424 -0.273298  -9.79871 
               264.9 -2.5779 0.30547 23.0072  1.46916 -3.34537 0.204731  0.392673   -1.2662 -0.505185 0.038549 0.048077 0.141315  1.34439 0.526801 0.054937 -0.000274054  0.000178754  1.18375e-05 -0.0365271  0.0558926  0.0242419   0.35641 -0.273263  -9.79871 
                 265  -2.65006 -0.439969    22.421  1.61026 -3.29147 0.217874  0.392673   -1.2662 -0.505185 0.038549 0.048077 0.141315       1.4848     0.530782 -0.000780953 -0.000275236  0.000181753  1.80159e-05 -0.036533 0.0558598  0.024094  0.356407 -0.273239  -9.79871 
               265.1  -2.35595 -0.510559   22.0039  1.75939  -3.2383 0.228695  0.392673   -1.2662 -0.505185 0.038549 0.048077 0.141315   1.63199  0.589107 -0.031242 -0.000278233  0.000180153  1.80574e-05 -0.0364577  0.0558434  0.0239386  0.356355 -0.273252  -9.79872 
               265.2 -1.72794 0.357031  21.9862  1.92337 -3.17931 0.223468  0.392673   -1.2662 -0.505185 0.038549 0.048077 0.141315    1.70184    0.58497 -0.0665158 -0.000281668   0.00017436  1.38853e-05 -0.0364214  0.0558487  0.0239374  0.356334 -0.273268  -9.79872 
               265.3 -1.45933  1.86521  21.7329  2.08844 -3.12137  0.21486  0.392673   -1.2662 -0.505185 0.038549 0.048077 0.141315   1.55931  0.665173 0.0365838 -0.000279447  0.000167318   1.5376e-05 -0.0363758  0.0558284  0.0239422 0.356297 -0.27327 -9.79872 
               265.4 -1.22721  3.41531  21.5306  2.21451 -3.04832 0.233677  0.392673   -1.2662 -0.505185 0.038549 0.048077 0.141315  1.22862  0.70728 0.392069 -0.000276061    0.0001656  1.47137e-05 -0.0362958  0.0557686  0.0240288  0.356223 -0.273261  -9.79872 
               265.5 -2.19983  1.94771  22.2402  2.30817 -2.98075 0.261129  0.392673   -1.2662 -0.505185 0.038549 0.048077 0.141315  1.12224 0.632885 0.377046 -0.00026925 0.000180859 5.89935e-06 -0.0360255  0.0556543  0.0241002  0.356009 -0.273283  -9.79873 
               265.6 -2.45319 0.125161  23.7285    2.421  -2.9186 0.293991  0.392673   -1.2662 -0.505185 0.038549 0.048077 0.141315  1.19682 0.587327 0.509109 -0.000269062  0.000187906  -2.3562e-06 -0.0359897  0.0555795  0.0241978  0.355957 -0.273249  -9.79873 
               265.7 -1.95189 -2.23214  24.3002  2.53385 -2.85388 0.324975  0.392673   -1.2662 -0.505185 0.038549 0.048077 0.141315  1.21811 0.748769 0.414728 -0.000274138  0.000195076  3.47326e-06 -0.0358641  0.0555787  0.0243449  0.355871 -0.273295  -9.79873 
               265.8 -3.36214 -3.27669  24.1528  2.64717 -2.78187 0.353327  0.392673   -1.2662 -0.505185 0.038549 0.048077 0.141315    1.417 0.555096 0.280641 -0.000267176  0.000196542  8.53701e-06 -0.0357588  0.0554369  0.0244783   0.35575 -0.273244  -9.79874 
               265.9 -3.44054 -4.10926  24.5916   2.8006 -2.72966 0.345904  0.392673   -1.2662 -0.505185 0.038549 0.048077 0.141315    1.70286   0.604162 -0.0339663 -0.000268433  0.000196259   4.7871e-06 -0.0357111  0.0554967   0.024757  0.355735 -0.273302  -9.79874 
                 266 -2.71692 -2.46693  24.5975  2.98327  -2.6643 0.320688  0.392673   -1.2662 -0.505185 0.038549 0.048077 0.141315     1.738  0.657524 0.0927998 -0.000275471  0.000185278  6.45108e-06 -0.0357702  0.0554988   0.024997  0.355772 -0.273284  -9.79874 
               266.1  -1.5884 0.400206  24.7018  3.13412 -2.59122 0.317455  0.392673   -1.2662 -0.505185 0.038549 0.048077 0.141315  1.36501  0.70708 0.251549 -0.000280296  0.000170575  5.76627e-06 -0.0357434  0.0554267  0.0252379 0.355729 -0.27325 -9.79874 
               266.2 -1.65235 0.495593  24.9568  3.25859 -2.52542 0.318084  0.392673   -1.2662 -0.505185 0.038549 0.048077 0.141315  1.43126 0.539769 0.180032 -0.000275968  0.000179059  5.41092e-06 -0.0356188  0.0553148  0.0254863  0.355612 -0.273227  -9.79874 
               266.3 -1.66941 0.309244  24.6553  3.39438 -2.46821 0.325924  0.392673   -1.2662 -0.505185 0.038549 0.048077 0.141315  1.47669 0.628269 0.168613 -0.000273823   0.00018221  1.05901e-05 -0.0355632  0.0552634  0.0256547  0.355559 -0.273216  -9.79875 
               266.4  -1.64647 -0.297686   24.2711  3.52919 -2.41025 0.322305  0.392673   -1.2662 -0.505185 0.038549 0.048077 0.141315  1.51522 0.641529 0.155015 -0.000269688  0.000189904  1.13236e-05 -0.0353623  0.0552472  0.0258718  0.355427 -0.273282  -9.79875 
               266.5   -1.74496 0.00398561    24.4025  3.66734  -2.3433 0.325494  0.392673   -1.2662 -0.505185 0.038549 0.048077 0.141315  1.40068 0.605459 0.128335 -0.000268457  0.000187956   6.8021e-06 -0.0352908  0.0551635  0.0260136  0.355351 -0.273257  -9.79875 
               266.6   -1.82262 -0.0324525    24.3501   3.7937 -2.27749 0.324728  0.392673   -1.2662 -0.505185 0.038549 0.048077 0.141315   1.32265  0.641414 0.0679835 -0.000268235  0.000189266  6.89854e-06 -0.0352194  0.0550753  0.0261433 0.355272 -0.27323 -9.79876 
               266.7  -1.80144 -0.275002   24.5277  3.91017 -2.21326 0.317615  0.392673   -1.2662 -0.505185 0.038549 0.048077 0.141315   1.30192  0.661598 0.0585395 -0.000267983  0.000190457  6.31449e-06 -0.0350734  0.0549934  0.0262837  0.355149 -0.273234  -9.79876 
               266.8  -1.86361 -0.439138   24.7239  4.03459 -2.14575 0.313111  0.392673   -1.2662 -0.505185 0.038549 0.048077 0.141315    1.34098   0.692343 0.00597503 -0.00026675 0.000191418 6.07141e-06 -0.0349797  0.0549363  0.0263629  0.355069 -0.273234  -9.79876 
               266.9  -1.9612 -0.20481  24.8543  4.15736 -2.07937 0.313095  0.392673   -1.2662 -0.505185 0.038549 0.048077 0.141315   1.22907  0.660455 0.0619573 -0.000267858  0.000187366  5.92449e-06 -0.0349171  0.0549095  0.0264004  0.355019 -0.273241  -9.79876 
                 267  -1.96835 -0.247964   25.2201  4.28044 -2.01061 0.315344  0.392673   -1.2662 -0.505185 0.038549 0.048077 0.141315    1.29857   0.704382 -0.0271999 -0.000269028   0.00018926  3.61098e-06 -0.0348995  0.0548926  0.0264014  0.355002 -0.273237  -9.79877 
               267.1  -1.95941 -0.300444   25.8095  4.41003 -1.93996 0.316688  0.392673   -1.2662 -0.505185 0.038549 0.048077 0.141315   1.27253  0.705804 0.0520607 -0.000270577  0.000188353  1.89701e-06 -0.0349018  0.0548809  0.0264001  0.354999 -0.273229  -9.79877 
               267.2 -1.97027 -0.13188  26.2131  4.53617 -1.86476 0.322733  0.392673   -1.2662 -0.505185 0.038549 0.048077 0.141315   1.24064  0.732795 0.0723681 -0.000270208  0.000188729  2.24807e-06 -0.0349085  0.0548399  0.0263814  0.354988 -0.273201  -9.79877 
               267.3    -2.01157 -0.00456141     26.8641   4.6545 -1.78698 0.329392  0.392673   -1.2662 -0.505185 0.038549 0.048077 0.141315   1.23815  0.748623 0.0495537 -0.000270556  0.000189319  5.77092e-07 -0.0348867  0.0547815  0.0263871  0.354952 -0.273173  -9.79877 
               267.4    -1.9576 -0.0123429    27.7399  4.77927 -1.70941 0.331955  0.392673   -1.2662 -0.505185 0.038549 0.048077 0.141315   1.19536  0.755997 0.0127387  -0.00027146  0.000190264 -1.71431e-06 -0.0349218  0.0547666  0.0264232  0.354968 -0.273151  -9.79877 
               267.5    -1.9605 -0.0204783    28.3214   4.8997 -1.62827 0.331545  0.392673   -1.2662 -0.505185 0.038549 0.048077 0.141315   1.14954  0.786495 0.0132215 -0.000272019  0.000190497 -2.72298e-07 -0.0349501  0.0547404  0.0264305  0.354975 -0.273124  -9.79877 
               267.6 -1.92327 0.117915  29.0999  5.01569 -1.55007 0.331199  0.392673   -1.2662 -0.505185 0.038549 0.048077 0.141315   1.14595  0.800704 0.0264498 -0.000273175  0.000190339 -5.50727e-07 -0.0349594   0.054765  0.0264517   0.35499 -0.273135  -9.79877 
               267.7   -1.89282 -0.0198711    29.8555  5.13082 -1.46827 0.335812  0.392673   -1.2662 -0.505185 0.038549 0.048077 0.141315   1.16977  0.792809 0.0668025 -0.000273039  0.000189678  -2.6239e-07 -0.0349587  0.0547472  0.0264447  0.354982 -0.273125  -9.79877 
               267.8    -1.8629 -0.0854278    30.4367  5.25673 -1.38849 0.344578  0.392673   -1.2662 -0.505185 0.038549 0.048077 0.141315   1.21273  0.814462 0.0695133 -0.000271729  0.000189177  2.05255e-06 -0.0350179   0.054785  0.0264372  0.355033 -0.273123  -9.79877 
               267.9  -1.84921 -0.269553   30.7679  5.37575 -1.30667 0.351703  0.392673   -1.2662 -0.505185 0.038549 0.048077 0.141315   1.18176  0.875153 0.0845128 -0.000270948  0.000189637  3.58877e-06 -0.0349962  0.0547961  0.0264373  0.355025 -0.273139  -9.79877 
                 268  -1.90944 -0.297352   31.3682  5.49761 -1.22234 0.357792  0.392673   -1.2662 -0.505185 0.038549 0.048077 0.141315   1.20099   0.84593 0.0649978 -0.000271203  0.000188195  9.04447e-07 -0.0350021  0.0548388  0.0264541  0.355046 -0.273161  -9.79877 
               268.1  -2.04543 -0.155948   31.8943  5.61837 -1.14211 0.357805  0.392673   -1.2662 -0.505185 0.038549 0.048077 0.141315   1.18311  0.884344 -0.013224 -0.000267769  0.000186811  8.19505e-07 -0.0349873  0.0549059  0.0264903  0.355066 -0.273206  -9.79876 
               268.2  -2.03284 0.0950001   32.4457  5.73243 -1.05424 0.355955  0.392673   -1.2662 -0.505185 0.038549 0.048077 0.141315   1.13416  0.887655 0.0152887 -0.00026948 0.000187568 3.98947e-07 -0.03496  0.05492 0.026526  0.355056 -0.273226  -9.79876 
               268.3 -2.11005 0.345971   33.236   5.84946 -0.966839    0.3549  0.392673   -1.2662 -0.505185 0.038549 0.048077 0.141315    1.0921  0.903496 0.0202442 -0.000269881  0.000188338 -1.88196e-06 -0.0349665  0.0549624  0.0265374  0.355079 -0.273247  -9.79876 
               268.4 -2.14203 0.657748  33.8866   5.96021 -0.878691  0.352376  0.392673   -1.2662 -0.505185 0.038549 0.048077 0.141315    1.07487    0.87883 -0.0148659 -0.000271173  0.000187829 -3.32929e-07 -0.0350024  0.0549677  0.0265808  0.355101 -0.273234  -9.79876 
               268.5  -2.0447 0.352612  34.4957   6.06552 -0.791554  0.349006  0.392673   -1.2662 -0.505185 0.038549 0.048077 0.141315    1.04105   0.965369 -0.0498771 -0.000273484  0.000191347 -2.16761e-07 -0.0349695  0.0550184  0.0265848  0.355106 -0.273278  -9.79876 
               268.6 -2.11025 0.421979  35.4889   6.16955 -0.695948  0.345677  0.392673   -1.2662 -0.505185 0.038549 0.048077 0.141315    0.989745    0.956616 -0.00381287 -0.000272869  0.000193053 -2.90681e-06 -0.0349916  0.0550347  0.0265772  0.355127 -0.273276  -9.79876 
               268.7 -1.96389 0.510615  36.8084    6.2756 -0.600301  0.347102  0.392673   -1.2662 -0.505185 0.038549 0.048077 0.141315    1.07205    1.01115 -0.0508945 -0.000274382  0.000192017 -6.64607e-06 -0.0350019  0.0550727  0.0265269  0.355151 -0.273291  -9.79876 
               268.8 -1.85251    0.694  37.9335   6.38576 -0.501803  0.350424  0.392673   -1.2662 -0.505185 0.038549 0.048077 0.141315  0.991687  0.986028 0.0444768 -0.000273002   0.00019141 -6.13089e-06 -0.0350373  0.0551214  0.0264845 0.355194  -0.2733 -9.79876 
               268.9 -1.80347 0.838815   39.144   6.48062 -0.398533  0.357231  0.392673   -1.2662 -0.505185 0.038549 0.048077 0.141315  0.911477   1.07644 0.0392928 -0.000272959  0.000190945 -7.99062e-06 -0.0350269  0.0551022  0.0264473   0.35518 -0.273294  -9.79876 
                 269 -1.83646 0.871211  40.6985   6.5539 -0.29115 0.363103  0.392673   -1.2662 -0.505185 0.038549 0.048077 0.141315   0.651461    1.09102 0.00524796 -0.000272519  0.000191875 -1.18366e-05 -0.0349729  0.0550761   0.026441  0.355139 -0.273308  -9.79876 
               269.1 -1.89881 0.690151  43.5273   6.60572 -0.182223  0.351513  0.392673   -1.2662 -0.505185 0.038549 0.048077 0.141315  0.534954   1.19191 -0.201725 -0.000274318  0.000192339 -2.47143e-05 -0.0348656  0.0550691  0.0264582 0.355082 -0.27336 -9.79876 
               269.2 -2.18872 0.833132    46.52    6.66188 -0.0620847   0.332612  0.392673   -1.2662 -0.505185 0.038549 0.048077 0.141315  0.518449   1.20025 -0.191779 -0.000273045  0.000190881 -2.59985e-05 -0.0348889  0.0551016  0.0264405  0.355111 -0.273364  -9.79876 
               269.3 -2.52519  1.40018  48.9509   6.72065 0.0610428  0.323048  0.392673   -1.2662 -0.505185 0.038549 0.048077 0.141315    0.4563   1.17389 -0.143199 -0.000275006  0.000187936 -2.12794e-05 -0.0349923  0.0551121  0.0263721  0.355166 -0.273311  -9.79876 
               269.4 -2.52508  1.52837   51.181   6.7702 0.170103 0.325284  0.392673   -1.2662 -0.505185 0.038549 0.048077 0.141315   0.434036    1.07868 -0.0232711 -0.000278629  0.000189282  -1.8625e-05 -0.0350171   0.055205  0.0262457  0.355232 -0.273337  -9.79875 
               269.5 -2.40031  1.04226  54.0628  6.81042 0.280327 0.324873  0.392673   -1.2662 -0.505185 0.038549 0.048077 0.141315  0.323482   1.23325 -0.114188 -0.000280559    0.0001935 -2.27603e-05 -0.0349848  0.0552849  0.0261581  0.355268 -0.273389  -9.79875 
               269.6 -2.64657  1.14746   56.662   6.8575 0.404467 0.329495  0.392673   -1.2662 -0.505185 0.038549 0.048077 0.141315   0.350841    1.21632 -0.0527046 -0.000280935  0.000189037  -2.2937e-05 -0.0350851  0.0553691  0.0259837  0.355361 -0.273359  -9.79875 
               269.7 -2.19832  1.50255  59.6765  6.93819 0.546303 0.263957  0.392673   -1.2662 -0.505185 0.038549 0.048077 0.141315   0.330066    1.22635 -0.0188861 -0.000286218  0.000189524 -2.59262e-05 -0.035045 0.0554331 0.0258627  0.355389 -0.273405  -9.79875 
               269.8 -2.37266   1.1721  62.7389  6.97939 0.665143 0.264497  0.392673   -1.2662 -0.505185 0.038549 0.048077 0.141315   0.294517    1.24187 -0.0594875 -0.000281999  0.000189509 -2.33708e-05 -0.0350698   0.055556  0.0258155  0.355476 -0.273431  -9.79874 
               269.9 -2.55435  1.37194   64.892  7.00182 0.794065 0.265058  0.392673   -1.2662 -0.505185 0.038549 0.048077 0.141315   0.124046    1.25707 -0.0209808  -0.00027954  0.000187795 -1.77512e-05 -0.0350923  0.0555258  0.0257574  0.355462 -0.273406  -9.79874 
                 270  -2.464 1.69026 67.9112  7.01231 0.927488 0.268705  0.392673   -1.2662 -0.505185 0.038549 0.048077 0.141315  0.0230659    1.32642 -0.0714978 -0.000278614  0.000189645 -2.44088e-05 -0.0351272  0.0554722  0.0257109  0.355438 -0.273368  -9.79875 
               270.1 -2.55608  1.82353  70.7195  7.01925  1.06297 0.255794  0.392673   -1.2662 -0.505185 0.038549 0.048077 0.141315  0.0976252    1.29776 -0.0906659  -0.00028029  0.000190505 -2.27892e-05 -0.0351669  0.0555017  0.0257659  0.355467 -0.273348  -9.79875 
               270.2 -2.60772  2.24181  73.6325  7.05033  1.19019 0.251093  0.392673   -1.2662 -0.505185 0.038549 0.048077 0.141315  0.0261411    1.24778 -0.0910836 -0.000282488  0.000193549 -2.34935e-05 -0.0351551  0.0555885  0.0257235  0.355527 -0.273371  -9.79874 
               270.3 -2.51829  2.60058  76.3343  7.04271  1.32357 0.249718  0.392673   -1.2662 -0.505185 0.038549 0.048077 0.141315 -0.0918148    1.26641 -0.0539333 -0.000284506  0.000190846 -2.14383e-05 -0.0352387  0.0555198  0.0256287  0.355491 -0.273299  -9.79875 
               270.4 -2.50303  2.59119  79.3347  7.03546  1.45036 0.250645  0.392673   -1.2662 -0.505185 0.038549 0.048077 0.141315  -0.111812    1.30252 -0.0619026 -0.000284359  0.000190061 -2.38558e-05 -0.0352551  0.0555445  0.0255724  0.355511 -0.273289  -9.79875 
               270.5 -2.3073 2.53953   82.25  7.02285  1.57781 0.249163  0.392673   -1.2662 -0.505185 0.038549 0.048077 0.141315  -0.124803    1.27136 -0.0106408 -0.000287332  0.000190047 -2.36295e-05 -0.0352106  0.0555779  0.0255148  0.355532 -0.273322  -9.79874 
               270.6 -2.38654  2.94276    84.94   7.0046  1.70432 0.245284  0.392673   -1.2662 -0.505185 0.038549 0.048077 0.141315  -0.263844    1.25017 -0.0453859 -0.000287278  0.000190645 -2.34818e-05 -0.0352008  0.0555866  0.0255128 0.355538 -0.27333 -9.79874 
               270.7 -2.34211  3.25126  88.1083  6.98509  1.83377 0.239723  0.392673   -1.2662 -0.505185 0.038549 0.048077 0.141315  -0.281506     1.2324 -0.0678458 -0.000282765  0.000191187  -2.9372e-05 -0.0352053  0.0554879  0.0255039  0.355467 -0.273328  -9.79875 
               270.8 -2.11856  3.28212  91.0978  6.96522  1.95943 0.233899  0.392673   -1.2662 -0.505185 0.038549 0.048077 0.141315  -0.153504    1.29322 -0.0487214 -0.000287391  0.000189722 -2.39312e-05 -0.0352105  0.0555135  0.0254782  0.355484 -0.273322  -9.79875 
               270.9 -2.09377  3.47692  92.4089  6.95432  2.09601 0.231373  0.392673   -1.2662 -0.505185 0.038549 0.048077 0.141315 -0.0849754     1.3572 -0.0750702 -0.000288732  0.000189246 -8.75564e-06 -0.0352749  0.0555045  0.0254393  0.355469 -0.273274  -9.79875 
                 271 -2.0366 3.67363 92.7214   6.9474  2.22968 0.227158  0.392673   -1.2662 -0.505185 0.038549 0.048077 0.141315 -0.0933221    1.34712 -0.0471171 -0.000288445   0.00018856  1.66828e-06 -0.0352856  0.0555467  0.0254359  0.355496 -0.273262  -9.79875 
               271.1 -2.10474  3.71448  92.9897    6.936  2.35503 0.218481  0.392673   -1.2662 -0.505185 0.038549 0.048077 0.141315  -0.105067    1.31536 -0.0548722 -0.000287749  0.000189718  2.65605e-06 -0.0352093  0.0555304  0.0254764 0.355495 -0.27332 -9.79874 
               271.2 -2.07611  3.65729  93.2573  6.92314  2.48272 0.210242  0.392673   -1.2662 -0.505185 0.038549 0.048077 0.141315  -0.124434    1.28599 -0.0440807 -0.000288553  0.000190959  5.58954e-06 -0.0351657  0.0555044   0.025494  0.355483 -0.273356  -9.79874 
               271.3 -2.14247  3.78698  93.3234  6.90498  2.60529 0.207009  0.392673   -1.2662 -0.505185 0.038549 0.048077 0.141315  -0.137161     1.2702 -0.0562558 -0.000287846  0.000190536  6.49798e-06 -0.0351193  0.0554427  0.0254931  0.355447 -0.273401  -9.79874 
               271.4 -2.1016 3.68293 93.6292  6.88794  2.72557 0.202591  0.392673   -1.2662 -0.505185 0.038549 0.048077 0.141315  -0.145186    1.24618 0.00540728 -0.000288592  0.000192962  4.30305e-06 -0.0350555  0.0554033  0.0255086  0.355432 -0.273454  -9.79874 
               271.5 -2.13815  3.51619  93.7998  6.87295  2.85532 0.199825  0.392673   -1.2662 -0.505185 0.038549 0.048077 0.141315  -0.125406     1.3959 -0.0473722 -0.000288908  0.000193858  6.10762e-06 -0.0350348  0.0553934  0.0255042  0.355429 -0.273471  -9.79874 
               271.6 -2.13439  3.46771  93.7617  6.86953  2.99132 0.195262  0.392673   -1.2662 -0.505185 0.038549 0.048077 0.141315 -0.0850341    1.28781 -0.0371099 -0.000287941  0.000191915  9.52238e-06 -0.0350024  0.0554804  0.0254793  0.355497 -0.273475  -9.79874 
               271.7 -2.1682 3.97372 93.4973 6.86236 3.11316 0.19714  0.392673   -1.2662 -0.505185 0.038549 0.048077 0.141315  -0.0554024     1.15006 -0.00260738 -0.000288212   0.00018878  1.35226e-05 -0.0350319  0.0554718  0.0254535  0.355484 -0.273455  -9.79874 
               271.8 -2.15172  3.51576  93.1504  6.85817   3.2208 0.190598  0.392673   -1.2662 -0.505185 0.038549 0.048077 0.141315 -0.0898736    1.23889 -0.0528962 -0.000287736  0.000191128  1.30872e-05 -0.0349245  0.0554866  0.0255169 0.355518 -0.27353 -9.79874 
               271.9 -2.04012  2.95506  93.1082  6.84922  3.34934 0.179924  0.392673   -1.2662 -0.505185 0.038549 0.048077 0.141315 -0.109726   1.39798 -0.114137 -0.000289705  0.000192412  1.13922e-05 -0.0348656  0.0554903  0.0255002 0.355533 -0.27357 -9.79874 
                 272 -2.06744  3.27477  93.0646  6.83722  3.49121 0.175236  0.392673   -1.2662 -0.505185 0.038549 0.048077 0.141315  -0.107205    1.34058 -0.0711359 -0.000288102  0.000188443  1.16382e-05 -0.0349232  0.0554789  0.0254654  0.355513 -0.273531  -9.79874 
               272.1 -2.13579  3.40655  93.0622  6.82355  3.61611 0.170012  0.392673   -1.2662 -0.505185 0.038549 0.048077 0.141315   -0.12621    1.17367 -0.0355047 -0.000287808   0.00018956  1.03949e-05 -0.0348977  0.0554358  0.0254498  0.355488 -0.273557  -9.79874 
               272.2 -2.13687  3.32414   93.222  6.81146  3.73218 0.169347  0.392673   -1.2662 -0.505185 0.038549 0.048077 0.141315 -0.110436   1.24203 -0.046079 -0.000287654  0.000190307  8.66627e-06 -0.0348583  0.0554242  0.0254032  0.355487 -0.273587  -9.79874 
               272.3 -2.09397  2.95482  93.3433 6.80468 3.86441 0.15987  0.392673   -1.2662 -0.505185 0.038549 0.048077 0.141315 -0.121676    1.4213 -0.175066 -0.000289032  0.000189888  9.85071e-06 -0.0348355  0.0554338  0.0253706 0.355499  -0.2736 -9.79874 
               272.4 -2.13686  3.25831  93.2479  6.79337  3.99763 0.144064  0.392673   -1.2662 -0.505185 0.038549 0.048077 0.141315 -0.132994   1.18092 -0.168226 -0.000286836  0.000186719  1.16689e-05 -0.0348217  0.0554667  0.0253341  0.355525 -0.273602  -9.79874 
               272.5 -2.20233  3.99864  93.3922 6.78115 4.10276 0.13528  0.392673   -1.2662 -0.505185 0.038549 0.048077 0.141315 -0.0867575    1.04655 -0.0978452 -0.000288751  0.000183921  8.86669e-06 -0.0347909  0.0554784  0.0252908  0.355539 -0.273621  -9.79873 
               272.6 -2.24046  3.38939  93.4457  6.77152  4.20918 0.126504  0.392673   -1.2662 -0.505185 0.038549 0.048077 0.141315 -0.145238   1.30694 -0.234511 -0.00028819  0.00018945 1.15132e-05 -0.0346974  0.0554924  0.0252482  0.355568 -0.273683  -9.79873 
               272.7 -2.16058  3.02987  93.3342  6.75482  4.34737 0.105878  0.392673   -1.2662 -0.505185 0.038549 0.048077 0.141315 -0.143421   1.23238 -0.217108 -0.000288704  0.000190524  1.32232e-05 -0.0347314  0.0554925   0.025131   0.35556 -0.273656  -9.79873 
               272.8 -2.24852  4.40589  93.2372  6.74532  4.47231 0.102085  0.392673   -1.2662 -0.505185 0.038549 0.048077 0.141315 -0.135208   1.01655 -0.154235 -0.000287272  0.000182331  1.53346e-05 -0.0348776  0.0555613  0.0249765  0.355578 -0.273535  -9.79874 
               272.9 -2.32204  4.15668  93.2052   6.73682    4.5728 0.0998289  0.392673   -1.2662 -0.505185 0.038549 0.048077 0.141315 -0.0969908   0.947008 -0.0497392 -0.000286845  0.000186634  1.46483e-05 -0.0349203  0.0556065  0.0248932  0.355601 -0.273493  -9.79874 
                 273 -2.27551  3.50011  93.2774   6.73523   4.67604 0.0956819  0.392673   -1.2662 -0.505185 0.038549 0.048077 0.141315 -0.066561   1.14904 -0.176697 -0.000289172  0.000191311  1.40156e-05 -0.0348847  0.0556865  0.0247933 0.355664  -0.2735 -9.79873 
               273.1 -2.19551  3.51369  93.1821   6.72562   4.80858 0.0950582  0.392673   -1.2662 -0.505185 0.038549 0.048077 0.141315 -0.099904   1.22653 -0.093445 -0.00028908 0.000188754 1.53899e-05 -0.0350172  0.0557164   0.024609  0.355656 -0.273395  -9.79874 
               273.2 -2.23681  4.05163   93.199    6.7188   4.93825 0.0928106  0.392673   -1.2662 -0.505185 0.038549 0.048077 0.141315 -0.0812689    1.22953 -0.0560758 -0.000288396  0.000185125  1.51883e-05 -0.0350737  0.0557429  0.0245224  0.355663 -0.273347  -9.79874 
               273.3 -2.21621  4.08073  93.2699   6.71658   5.06022 0.0944353  0.392673   -1.2662 -0.505185 0.038549 0.048077 0.141315 -0.0468312    1.24335 -0.0258694 -0.000287343  0.000187125  1.40816e-05 -0.0350579  0.0557965  0.0244632  0.355703 -0.273346  -9.79874 
               273.4 -2.24021  3.79007   93.238    6.7107   5.18438 0.0895616  0.392673   -1.2662 -0.505185 0.038549 0.048077 0.141315 -0.0050018    1.34007 -0.0896697 -0.000286624  0.000190681   1.5506e-05 -0.0349837  0.0557644    0.02445  0.355696 -0.273404  -9.79874 
               273.5 -2.20797  4.06413  93.0796    6.7073   5.31844 0.0899135  0.392673   -1.2662 -0.505185 0.038549 0.048077 0.141315 -0.0252735    1.27503 7.8464e-05 -0.00028737 0.000187969 1.74821e-05 -0.0350125   0.055762   0.024394  0.355688 -0.273383  -9.79874 
               273.6 -2.26194  4.12022  92.8781   6.69779   5.44058 0.0890373  0.392673   -1.2662 -0.505185 0.038549 0.048077 0.141315 -0.0240453     1.2539  0.0452126 -0.00028538 0.000190941 1.69678e-05 -0.0349912  0.0556712  0.0244301  0.355628 -0.273417  -9.79874 
               273.7 -2.25049   3.6957  92.7314  6.69419  5.56776 0.087734  0.392673   -1.2662 -0.505185 0.038549 0.048077 0.141315 0.00933108    1.38111 -0.0486814 -0.000285196  0.000192729  1.63771e-05 -0.0349284  0.0556444  0.0244378  0.355622 -0.273467  -9.79874 
               273.8 -2.27189  3.73294  92.4288   6.69728   5.70861 0.0862802  0.392673   -1.2662 -0.505185 0.038549 0.048077 0.141315  0.0304804    1.36681 0.00467196 -0.000285138  0.000187772   1.8634e-05 -0.0349647   0.055641   0.024436  0.355612 -0.273442  -9.79874 
               273.9 -2.36798  3.68424   91.645   6.69219   5.84352 0.0823114  0.392673   -1.2662 -0.505185 0.038549 0.048077 0.141315  0.0169439    1.28854 0.00282005 -0.000285047  0.000187932  2.16289e-05 -0.0349967  0.0555548  0.0244691  0.355545 -0.273438  -9.79874 
                 274 -2.41344  3.61315  91.1668   6.69181   5.97218 0.0757678  0.392673   -1.2662 -0.505185 0.038549 0.048077 0.141315   0.0257111     1.33593 -0.00934793 -0.000285485  0.000187783    1.954e-05 -0.0349769  0.0555022  0.0245212  0.355513 -0.273464  -9.79874 
               274.1 -2.40617  3.11537  90.6401   6.69394   6.11424 0.0692327  0.392673   -1.2662 -0.505185 0.038549 0.048077 0.141315 0.00213692    1.45144 -0.0670072 -0.000283502  0.000187361  1.98994e-05 -0.034981 0.0555008 0.0245277  0.355511 -0.273461  -9.79874 
               274.2 -2.47157  3.41948  90.2151   6.69041   6.25747 0.0658109  0.392673   -1.2662 -0.505185 0.038549 0.048077 0.141315 -0.0540326    1.40995 -0.0783956 -0.000281368  0.000183651  1.85758e-05 -0.0349722  0.0554963  0.0244921  0.355509 -0.273467  -9.79874 
               274.3 -2.51129  3.50603  90.3509   6.68445   6.39065 0.0634618  0.392673   -1.2662 -0.505185 0.038549 0.048077 0.141315 0.0225802   1.33654 -0.022914 -0.000282177  0.000185363  1.37181e-05 -0.0349342  0.0554544  0.0244816  0.355486 -0.273502  -9.79874 
               274.4 -2.42967  3.16318  90.3753    6.6861   6.51895 0.0524249  0.392673   -1.2662 -0.505185 0.038549 0.048077 0.141315  0.0406461    1.39263 -0.0911486 -0.000284577  0.000186126  1.43686e-05 -0.0348416  0.0554429  0.0245352  0.355495 -0.273571  -9.79874 
               274.5 -2.41457  3.18437  89.9887   6.68597   6.65436 0.0487553  0.392673   -1.2662 -0.505185 0.038549 0.048077 0.141315  0.0363262     1.3739 -0.0847841 -0.000284045    0.0001839  1.94919e-05 -0.0348121  0.0554145  0.0244725   0.35548 -0.273595  -9.79874 
               274.6 -2.52879  3.36346   89.605   6.68668    6.7859 0.0442749  0.392673   -1.2662 -0.505185 0.038549 0.048077 0.141315  0.0228676    1.28444 -0.0533006 -0.000283625  0.000184117  2.01347e-05 -0.0348041  0.0553991  0.0244648   0.35547 -0.273603  -9.79874 
               274.7 -2.50677  3.24287   89.445   6.69059   6.90903 0.0450917  0.392673   -1.2662 -0.505185 0.038549 0.048077 0.141315  0.0323232    1.35279 0.00883978 -0.000285004  0.000187546  1.69692e-05 -0.0347155  0.0554062  0.0244353  0.355489 -0.273665  -9.79874 
               274.8 -2.57942  2.95625  89.1205   6.69326   7.05021 0.0362998  0.392673   -1.2662 -0.505185 0.038549 0.048077 0.141315  0.0408925    1.45341 -0.0770009 -0.000284781  0.000186906   1.8321e-05 -0.0346868  0.0553824  0.0244421  0.355477 -0.273689  -9.79874 
               274.9 -2.65989  3.47022  88.6904   6.69334    7.1894 0.0355173  0.392673   -1.2662 -0.505185 0.038549 0.048077 0.141315   0.048349    1.34798 -0.0499268 -0.000283517  0.000184909  1.86952e-05 -0.0347063  0.0553419  0.0243971  0.355445 -0.273681  -9.79874 
                 275 -2.75764  3.50181  88.4952   6.69833   7.31215 0.0320375  0.392673   -1.2662 -0.505185 0.038549 0.048077 0.141315  0.110817   1.21573 0.0345459 -0.000284014  0.000187547  1.78993e-05 -0.034653 0.0553139 0.0244366  0.355434 -0.273724  -9.79874 
               275.1 -2.82091  3.28348  88.1361   6.70719   7.42749 0.0349543  0.392673   -1.2662 -0.505185 0.038549 0.048077 0.141315  0.139076   1.34851 0.0125344 -0.000283462  0.000190003  1.84362e-05 -0.0345413  0.0552756  0.0244603 0.355424 -0.27381 -9.79873 
               275.2 -2.75118  2.88092   87.689   6.71266   7.56602 0.0337311  0.392673   -1.2662 -0.505185 0.038549 0.048077 0.141315  0.0962806    1.42262 -0.0270718 -0.00028481 0.000189242 1.84771e-05 -0.0345247   0.055232  0.0244469  0.355395 -0.273828  -9.79873 
               275.3 -2.79842  3.22211  87.5468   6.71618   7.70539 0.0326231  0.392673   -1.2662 -0.505185 0.038549 0.048077 0.141315 0.0900272   1.32788  0.015257 -0.000284451  0.000185957  1.54972e-05 -0.034555 0.0551726 0.0244437  0.355348 -0.273815  -9.79874 
               275.4 -2.81281  3.10218  87.3679    6.7208   7.83183 0.0287902  0.392673   -1.2662 -0.505185 0.038549 0.048077 0.141315   0.0906662     1.35178 -0.00573029 -0.000284766  0.000188272  1.50942e-05 -0.0344885  0.0551138   0.024508  0.355316 -0.273872  -9.79874 
               275.5 -2.79679  2.91921  87.2416   6.72624   7.96253 0.0230638  0.392673   -1.2662 -0.505185 0.038549 0.048077 0.141315 0.0635406   1.39936 -0.037497 -0.000285404  0.000188006  1.38434e-05 -0.034419 0.0550544 0.0245501  0.355283 -0.273931  -9.79874 
               275.6 -2.81466  2.96933  86.9733    6.72205    8.10245 0.00780902  0.392673   -1.2662 -0.505185 0.038549 0.048077 0.141315  0.0223432    1.35418 -0.0591593 -0.000285485  0.000185843  1.45221e-05 -0.0344475  0.0549635  0.0245788  0.355215 -0.273923  -9.79874 
               275.7 -2.85329  3.28133  87.0059      6.7202     8.23283 0.000759205  0.392673   -1.2662 -0.505185 0.038549 0.048077 0.141315  0.0233582    1.30588 -0.0634067 -0.000284968  0.000184299  1.33618e-05 -0.0344378  0.0549295  0.0245958  0.355192 -0.273935  -9.79874 
               275.8 -2.87325  3.09431  87.2239     6.72145     8.35355 -0.00755958  0.392673   -1.2662 -0.505185 0.038549 0.048077 0.141315 0.00285497    1.33863  -0.078798 -0.000284513   0.00018452  1.27773e-05 -0.0343291  0.0549237  0.0246174  0.355202 -0.274014  -9.79874 
               275.9 -2.88584  2.90783  87.2937     6.7171    8.48467 -0.0152975  0.392673   -1.2662 -0.505185 0.038549 0.048077 0.141315 -0.0278957    1.38762  -0.181253 -0.000285966   0.00018557  1.43436e-05 -0.0342486  0.0548763  0.0245865  0.355178 -0.274077  -9.79874 
                 276 -2.96594  3.29502  87.3583    6.71075    8.62169 -0.0259979  0.392673   -1.2662 -0.505185 0.038549 0.048077 0.141315 -0.0223251    1.27585  -0.156241 -0.000286502  0.000182294    1.443e-05 -0.0342923   0.054848  0.0245331  0.355152 -0.274048  -9.79874 
               276.1 -3.15871  3.58239  87.4489    6.71616    8.74866 -0.0361191  0.392673   -1.2662 -0.505185 0.038549 0.048077 0.141315  0.0514975    1.18826 -0.0308072 -0.000285678  0.000182741  1.50213e-05 -0.0343123  0.0548917  0.0245202   0.35518 -0.274028  -9.79874 
               276.2 -2.99692  3.48708  87.3742    6.72649    8.87381 -0.0362517  0.392673   -1.2662 -0.505185 0.038549 0.048077 0.141315 0.0792809   1.29722 -0.128076 -0.000285925  0.000186832  1.75906e-05 -0.034335 0.0549828 0.0244197  0.355241 -0.273998  -9.79874 
               276.3 -2.90125  3.11254  87.2469    6.73674    9.00869 -0.0344311  0.392673   -1.2662 -0.505185 0.038549 0.048077 0.141315 0.0261803   1.36615 -0.119804 -0.000288578  0.000185921  2.00021e-05 -0.0343556  0.0550275  0.0243293   0.35527 -0.273975  -9.79873 
               276.4 -2.68892  2.77938  87.2231    6.73372    9.14305 -0.0568571  0.392673   -1.2662 -0.505185 0.038549 0.048077 0.141315 0.0049104   1.34034 -0.200131 -0.000289635  0.000183682  1.93827e-05 -0.034346 0.0550013 0.0243286  0.355252 -0.273986  -9.79874 
               276.5 -2.63289  2.26437  87.2529     6.7398    9.28632 -0.0713322  0.392673   -1.2662 -0.505185 0.038549 0.048077 0.141315 0.0474753   1.45975 -0.196987 -0.000291613  0.000182676   2.2186e-05 -0.0343697  0.0550222  0.0242426  0.355263 -0.273964  -9.79874 
               276.6 -2.30471  2.62911  87.2743    6.74307    9.43766 -0.0680395  0.392673   -1.2662 -0.505185 0.038549 0.048077 0.141315 0.0593792   1.51435 -0.111898 -0.000295165  0.000178369  2.29404e-05 -0.0344173  0.0550215  0.0240696  0.355255 -0.273926  -9.79874 
               276.7 -2.42198  2.72212  87.2385    6.74718    9.59798 -0.0747659  0.392673   -1.2662 -0.505185 0.038549 0.048077 0.141315  0.104639   1.49524 -0.105521 -0.000291255  0.000179886  2.15836e-05 -0.0345093  0.0549953  0.0240279  0.355224 -0.273863  -9.79874 
               276.8 -2.43708  2.96521  87.2027    6.75685    9.74921 -0.0861772  0.392673   -1.2662 -0.505185 0.038549 0.048077 0.141315  0.106882   1.47191 -0.177504 -0.000290506  0.000181916  2.15267e-05 -0.034496 0.0550045 0.0239778 0.355232 -0.27387 -9.79874 
               276.9 -2.47608  3.58021  87.0225    6.76957    9.88937 -0.0848866  0.392673   -1.2662 -0.505185 0.038549 0.048077 0.141315   0.129356    1.27634 -0.0702203 -0.000287123  0.000180684  2.38867e-05 -0.0345422  0.0550356  0.0238707  0.355247 -0.273831  -9.79874 
                 277 -2.61136  3.42795  86.4061    6.78671    10.0083 -0.0875452  0.392673   -1.2662 -0.505185 0.038549 0.048077 0.141315   0.179366    1.28989 -0.0535951 -0.000284895  0.000183043  2.76912e-05 -0.034466 0.0550419 0.0238617  0.355261 -0.273884  -9.79874 
               277.1 -2.59767  3.01133  85.3913    6.80511    10.1431 -0.0943814  0.392673   -1.2662 -0.505185 0.038549 0.048077 0.141315  0.210219   1.41283 -0.125501 -0.000286661  0.000183453   3.0404e-05 -0.0344666  0.0550322  0.0238014  0.355254 -0.273884  -9.79874 
               277.2 -2.5097 3.43338 84.6857    6.81878    10.2882 -0.0880017  0.392673   -1.2662 -0.505185 0.038549 0.048077 0.141315  0.152689   1.31977 -0.010264 -0.000287957  0.000179911  2.85936e-05 -0.0345402  0.0549816  0.0236625  0.355208 -0.273834  -9.79874 
               277.3 -2.44092  3.59328  84.1629    6.83675     10.411 -0.0883274  0.392673   -1.2662 -0.505185 0.038549 0.048077 0.141315   0.211782    1.24991 -0.0271122 -0.000284424  0.000179409  2.71692e-05 -0.0344904  0.0550088  0.0236371  0.355233 -0.273866  -9.79874 
               277.4 -2.50249   3.0806  83.5601    6.86008    10.5357 -0.0926935  0.392673   -1.2662 -0.505185 0.038549 0.048077 0.141315  0.241652   1.42167 -0.124419 -0.000285252  0.000182958  2.98895e-05 -0.0344233  0.0550231   0.023628   0.35525 -0.273912  -9.79874 
               277.5 -2.48393  2.93076  82.7311   6.88351   10.6831 -0.103339  0.392673   -1.2662 -0.505185 0.038549 0.048077 0.141315    0.25234    1.39187 -0.0826251 -0.000285037  0.000179957  3.06174e-05 -0.0344724  0.0550194  0.0236142  0.355243 -0.273877  -9.79874 
               277.6 -2.62541  3.42353  81.9752   6.90717   10.8229 -0.105528  0.392673   -1.2662 -0.505185 0.038549 0.048077 0.141315     0.26736     1.36105 -0.00257141 -0.000283586  0.000178914  3.14118e-05 -0.0345018  0.0550007  0.0236105  0.355227 -0.273858  -9.79874 
               277.7 -2.6686 3.33222  81.329   6.92755   10.9581 -0.102202  0.392673   -1.2662 -0.505185 0.038549 0.048077 0.141315    0.257636     1.36479 -0.00180597 -0.000283251  0.000183608  3.00874e-05 -0.0344866  0.0549432  0.0235763  0.355186 -0.273872  -9.79874 
               277.8 -2.58109  3.17225  81.0783   6.94685   11.0945 -0.102543  0.392673   -1.2662 -0.505185 0.038549 0.048077 0.141315   0.197271    1.46041 -0.0641431 -0.000283639  0.000185634  2.58887e-05 -0.0344601  0.0549121  0.0235721  0.355166 -0.273893  -9.79874 
               277.9 -2.60046  2.92305  81.1088   6.96142   11.2385 -0.114262  0.392673   -1.2662 -0.505185 0.038549 0.048077 0.141315   0.201827    1.37741 -0.0513783 -0.000283078  0.000183793  2.27157e-05 -0.0344103   0.054847  0.0235992  0.355123 -0.273934  -9.79874 
                 278 -2.57437  3.56804  81.0722   6.97996   11.3645 -0.113906  0.392673   -1.2662 -0.505185 0.038549 0.048077 0.141315  0.155445   1.30803 0.0330155 -0.000283495  0.000180098  2.18769e-05 -0.0343304  0.0548505  0.0235789   0.35513 -0.273991  -9.79874 
               278.1 -2.60638  3.30039  80.9684   6.99817   11.4987 -0.114184  0.392673   -1.2662 -0.505185 0.038549 0.048077 0.141315   0.229134    1.44018 -0.0642691 -0.000279575  0.000181322  2.18726e-05 -0.0343108  0.0548401  0.0235933  0.355124 -0.274005  -9.79874 
               278.2 -2.41908  3.20117  81.1003  7.02561  11.6454 -0.11976  0.392673   -1.2662 -0.505185 0.038549 0.048077 0.141315   0.226728    1.43342 -0.0417754 -0.000281505   0.00018137  2.13044e-05 -0.0343089  0.0548878  0.0235847  0.355158 -0.274004  -9.79874 
               278.3 -2.5762 3.49829  80.832   7.04566   11.7839 -0.117726  0.392673   -1.2662 -0.505185 0.038549 0.048077 0.141315  0.203995   1.25743 0.0842053 -0.000278151  0.000182795  2.41166e-05 -0.0343467   0.054856  0.0235887  0.355134 -0.273978  -9.79874 
               278.4 -2.58886   2.9794  80.5555   7.06822   11.9082 -0.113827  0.392673   -1.2662 -0.505185 0.038549 0.048077 0.141315  0.261983   1.26958 0.0601279 -0.000278155  0.000183284  2.52241e-05 -0.0343317  0.0548486  0.0236262  0.355129 -0.273991  -9.79874 
               278.5 -2.57562  2.44856  80.0977   7.09221   12.0395 -0.105565  0.392673   -1.2662 -0.505185 0.038549 0.048077 0.141315   0.297767    1.43238 0.00717375 -0.000279989  0.000181097  2.71651e-05 -0.0343171  0.0548317  0.0236088  0.355118 -0.274001  -9.79874 
               278.6 -2.60318  2.12238  79.5776   7.11615   12.1835 -0.109597  0.392673   -1.2662 -0.505185 0.038549 0.048077 0.141315 0.261368  1.44139 0.044027 -0.000282861  0.000178802  2.77159e-05 -0.0343009  0.0547663  0.0236442  0.355071 -0.274016  -9.79874 
               278.7 -2.75107   2.5397  78.9391   7.14032   12.3275 -0.110253  0.392673   -1.2662 -0.505185 0.038549 0.048077 0.141315   0.21301   1.47313 0.0378189 -0.000281131  0.000178158  2.82047e-05 -0.0343115  0.0547465  0.0236783 0.355057 -0.27401 -9.79874 
               278.8 -2.84066  2.33985  78.8107   7.16039    12.469 -0.112504  0.392673   -1.2662 -0.505185 0.038549 0.048077 0.141315  0.248024   1.58003 0.0371448 -0.000282025  0.000178739  2.30046e-05 -0.0341897  0.0547152  0.0237497 0.355038  -0.2741 -9.79874 
               278.9 -2.96542  2.56228  78.9993   7.18456   12.6277 -0.111014  0.392673   -1.2662 -0.505185 0.038549 0.048077 0.141315  0.235716   1.49063 0.0470742 -0.000281319  0.000178224  1.90659e-05 -0.0342174  0.0547054  0.0237796  0.355031 -0.274081  -9.79874 
                 279 -3.06266   2.6501  79.2653   7.20591   12.7665 -0.117297  0.392673   -1.2662 -0.505185 0.038549 0.048077 0.141315   0.194515    1.31974 -0.0469438 -0.00028296 0.000184354 1.72584e-05 -0.0341673  0.0546793  0.0238388  0.355013 -0.274119  -9.79874 
               279.1 -3.02633  2.60475  79.3638   7.21917   12.8945 -0.125132  0.392673   -1.2662 -0.505185 0.038549 0.048077 0.141315   0.182787    1.24747 -0.0406112 -0.000284538  0.000183117  1.87933e-05 -0.0341824  0.0546307  0.0238764 0.354978 -0.27411 -9.79874 
               279.2 -3.01296  2.17204  79.4982   7.24022   13.0104 -0.129776  0.392673   -1.2662 -0.505185 0.038549 0.048077 0.141315   0.208492    1.34506 -0.0981407 -0.000286725  0.000181535  2.00652e-05 -0.0340659  0.0546623  0.0238735  0.355003 -0.274193  -9.79874 
               279.3 -2.87731  1.65175   79.367    7.2649   13.1486 -0.148387  0.392673   -1.2662 -0.505185 0.038549 0.048077 0.141315  0.281232   1.47728 -0.246856 -0.000290185  0.000180891  2.23991e-05 -0.0340141  0.0546723  0.0238316   0.35501 -0.274229  -9.79874 
               279.4 -2.72824  2.52775  79.1253    7.2893   13.2966 -0.161321  0.392673   -1.2662 -0.505185 0.038549 0.048077 0.141315   0.256523    1.31703 -0.0864208 -0.000290661  0.000172442  2.64726e-05 -0.0341109  0.0546362  0.0237931  0.354983 -0.274159  -9.79874 
               279.5 -2.6064 2.88988 79.0416  7.32918  13.4263 -0.16062  0.392673   -1.2662 -0.505185 0.038549 0.048077 0.141315  0.322903     1.239 0.0237702 -0.000282615  0.000180687  2.53712e-05 -0.0341597   0.054781  0.0237686  0.355085 -0.274122  -9.79874 
               279.6 -2.57981  2.41781  78.6511   7.36313   13.5534 -0.162459  0.392673   -1.2662 -0.505185 0.038549 0.048077 0.141315   0.370172    1.48104 -0.0848724 -0.000287221  0.000181903  2.58047e-05 -0.0340959  0.0547609   0.023764  0.355072 -0.274168  -9.79874 
               279.7 -2.43909  2.25713  78.1691   7.39324   13.7155 -0.169308  0.392673   -1.2662 -0.505185 0.038549 0.048077 0.141315   0.360147    1.57625 -0.0257402 -0.000289156  0.000176006  2.38512e-05 -0.0341293  0.0546739  0.0237215  0.355009 -0.274144  -9.79874 
               279.8 -2.49301  3.14586  78.1927   7.43049   13.8676 -0.164383  0.392673   -1.2662 -0.505185 0.038549 0.048077 0.141315  0.370966   1.39285 0.0805801 -0.000282113  0.000176099  2.05983e-05 -0.0341715  0.0546781   0.023717  0.355012 -0.274114  -9.79874 
               279.9 -2.53958  2.55304  77.8799   7.45995    14.002 -0.161251  0.392673   -1.2662 -0.505185 0.038549 0.048077 0.141315 0.364141  1.35308 0.063012 -0.00028274 0.000184918 2.16893e-05 -0.034149 0.0546051 0.0237687   0.35496 -0.274132  -9.79874 
                 280 -2.45402  1.82806  77.5603  7.48785  14.1335 -0.15882  0.392673   -1.2662 -0.505185 0.038549 0.048077 0.141315   0.301842    1.39096 -0.0362898  -0.0002839 0.000184124  2.1104e-05 -0.0340758  0.0545694  0.0237425  0.354935 -0.274184  -9.79874 
               280.1 -2.53362  1.27794  77.3656   7.51214   14.2664 -0.160768  0.392673   -1.2662 -0.505185 0.038549 0.048077 0.141315    0.34204     1.3616 -0.0856341 -0.000282682  0.000183635  2.18525e-05 -0.0340153  0.0544978  0.0237343  0.354885 -0.274227  -9.79874 
               280.2 -2.43528 0.991294  77.0734   7.54762   14.3989 -0.168896  0.392673   -1.2662 -0.505185 0.038549 0.048077 0.141315  0.305089   1.14167 0.0169697 -0.000282191   0.00018172  2.42555e-05 -0.0340584  0.0545084  0.0237207  0.354892 -0.274196  -9.79874 
               280.3 -2.15757 0.907257  76.2025   7.57735   14.5227 -0.160948  0.392673   -1.2662 -0.505185 0.038549 0.048077 0.141315  0.336517   1.35246 -0.145824 -0.000282709  0.000180215  2.87123e-05 -0.0341245  0.0545056  0.0235763   0.35489 -0.274146  -9.79874 
               280.4  -2.39523 -0.208394    75.165   7.61635   14.6696 -0.187194  0.392673   -1.2662 -0.505185 0.038549 0.048077 0.141315  0.402263   1.58423 -0.268902 -0.000279713  0.000182918  3.25024e-05 -0.0341075  0.0545417  0.0236142  0.354916 -0.274159  -9.79874 
               280.5 -1.75802  1.38903  75.4667    7.6623   14.8399 -0.205834  0.392673   -1.2662 -0.505185 0.038549 0.048077 0.141315  0.228541   1.59351 -0.206921 -0.00028281  0.00017504  2.2509e-05 -0.0341826   0.054665  0.0234995  0.355004 -0.274107  -9.79874 
               280.6 -2.22648  3.07905   75.299   7.68714   15.0028 -0.216367  0.392673   -1.2662 -0.505185 0.038549 0.048077 0.141315 0.258397  1.45008 -0.15047 -0.000280504  0.000169812  2.35878e-05 -0.0342864  0.0546183  0.0234327  0.354973 -0.274031  -9.79874 
               280.7 -2.08684  3.47654  75.6559   7.71634   15.1509 -0.222263  0.392673   -1.2662 -0.505185 0.038549 0.048077 0.141315  0.234221   1.48793 -0.228845 -0.000283316   0.00017819  1.86761e-05 -0.034335 0.0546674 0.0233394  0.355008 -0.273998  -9.79874 
               280.8 -2.35798  3.20954  75.8115   7.74116   15.2894 -0.237842  0.392673   -1.2662 -0.505185 0.038549 0.048077 0.141315  0.325201   1.39976 -0.227522 -0.000283934  0.000179522  2.07595e-05 -0.0343087  0.0546486  0.0233264  0.354994 -0.274016  -9.79874 
               280.9 -2.19353  2.63292  75.6864      7.78   15.4298 -0.249996  0.392673   -1.2662 -0.505185 0.038549 0.048077 0.141315  0.300024   1.47499 -0.160181 -0.000286775  0.000184633  2.51339e-05 -0.0342764  0.0547663  0.0232258  0.355077 -0.274042  -9.79874 
                 281 -2.16606  2.90157  75.5898   7.81062   15.5839 -0.244052  0.392673   -1.2662 -0.505185 0.038549 0.048077 0.141315  0.230437   1.46667 -0.114578 -0.00028702 0.000179887 2.48731e-05 -0.0343206  0.0547836   0.023029  0.355091 -0.274008  -9.79874 
               281.1 -2.24868  3.12123  75.9226   7.83836   15.7261 -0.249787  0.392673   -1.2662 -0.505185 0.038549 0.048077 0.141315 0.305829  1.36535 -0.15382 -0.00028529  0.00017904 2.12116e-05 -0.0343147  0.0547818  0.0229626   0.35509 -0.274011  -9.79874 
               281.2 -2.17595  3.25995  76.0464   7.86887   15.8515 -0.244505  0.392673   -1.2662 -0.505185 0.038549 0.048077 0.141315    0.197083      1.2831 -0.00966424 -0.000286152  0.000179055  2.40899e-05 -0.0342859  0.0548479  0.0228797  0.355136 -0.274032  -9.79874 
               281.3 -2.30444  2.81951  76.1834  7.88255  15.9774 -0.24217  0.392673   -1.2662 -0.505185 0.038549 0.048077 0.141315    0.19397    1.30856 0.00319623 -0.000282737  0.000181526  2.16138e-05 -0.0342328   0.054805  0.0228579  0.355104 -0.274067  -9.79874 
               281.4 -2.25404  2.62798  77.1302   7.90734    16.111 -0.237006  0.392673   -1.2662 -0.505185 0.038549 0.048077 0.141315   0.216223     1.4169 -0.0410991 -0.000283277  0.000179703  1.57335e-05 -0.0341971  0.0548539  0.0227975  0.355138 -0.274093  -9.79874 
               281.5 -2.27456  2.57289  77.6949   7.92801   16.2492 -0.240696  0.392673   -1.2662 -0.505185 0.038549 0.048077 0.141315   0.228237     1.3897 -0.0276357 -0.000286916  0.000175069  1.75348e-05 -0.0341625   0.054847  0.0227758  0.355132 -0.274116  -9.79874 
               281.6 -2.29656  2.74856  78.3688   7.95279   16.3895 -0.238662  0.392673   -1.2662 -0.505185 0.038549 0.048077 0.141315  0.224669   1.37797 0.0444768 -0.000288292  0.000173197   1.6191e-05 -0.034196 0.0548523 0.0227671  0.355136 -0.274093  -9.79874 
               281.7 -2.34195  2.69788  78.9293   7.97016   16.5288 -0.234412  0.392673   -1.2662 -0.505185 0.038549 0.048077 0.141315  0.192982   1.40926 0.0675949 -0.000287719  0.000173797  1.59771e-05 -0.0341935  0.0547965  0.0227575  0.355097 -0.274093  -9.79874 
               281.8 -2.36452  2.84332  79.5689   7.98867   16.6692 -0.229013  0.392673   -1.2662 -0.505185 0.038549 0.048077 0.141315   0.206566    1.45478 0.00578294 -0.000287742  0.000174068  1.47142e-05 -0.0341721  0.0547505  0.0228065  0.355064 -0.274109  -9.79874 
               281.9 -2.44726  2.85211  80.1527   8.01238   16.8059 -0.229739  0.392673   -1.2662 -0.505185 0.038549 0.048077 0.141315  0.249152   1.39401 0.0304408 -0.000286427   0.00017556  1.47056e-05 -0.0341138  0.0547537  0.0228354  0.355066 -0.274151  -9.79874 
                 282  -2.543 2.95745 80.2512  8.03869  16.9404 -0.22889  0.392673   -1.2662 -0.505185 0.038549 0.048077 0.141315  0.200487   1.35707 0.0267151 -0.000282757  0.000177086  1.78325e-05 -0.0340826  0.0547897  0.0228349  0.355091 -0.274173  -9.79874 
               282.1 -2.55958  2.98471   80.416  8.05853  17.0749 -0.22804  0.392673   -1.2662 -0.505185 0.038549 0.048077 0.141315  0.211998   1.37676 0.0030704 -0.000282288  0.000176687  1.72594e-05 -0.034067 0.0547763 0.0228415  0.355082 -0.274184  -9.79874 
               282.2 -2.6055  2.8836 80.6098   8.07035   17.2088 -0.226895  0.392673   -1.2662 -0.505185 0.038549 0.048077 0.141315   0.133613    1.37318 -0.0243154 -0.000281447  0.000175426  1.76466e-05 -0.0340383  0.0547092   0.022842  0.355034 -0.274206  -9.79874 
               282.3 -2.59011  2.85077  81.1707   8.07575   17.3466 -0.236485  0.392673   -1.2662 -0.505185 0.038549 0.048077 0.141315  0.0585801    1.30302 -0.0710616 -0.000281263  0.000176435   1.3427e-05 -0.0340518  0.0546606  0.0228723     0.355 -0.274198  -9.79874 
               282.4 -2.7579 3.30702 82.0572   8.08056   17.4719 -0.238793  0.392673   -1.2662 -0.505185 0.038549 0.048077 0.141315 0.0723838   1.16111 0.0839911 -0.000277943  0.000176917  1.07416e-05 -0.034087 0.0546206 0.0229049  0.354971 -0.274176  -9.79874 
               282.5 -2.66701  3.04924  82.8446   8.08938    17.588 -0.236757  0.392673   -1.2662 -0.505185 0.038549 0.048077 0.141315 0.0946897   1.28736 0.0501059 -0.000278162  0.000185323  1.11713e-05 -0.034043 0.0546089 0.0229604  0.354965 -0.274209  -9.79874 
               282.6 -2.60573  2.66529  83.2038   8.09669   17.7179 -0.240855  0.392673   -1.2662 -0.505185 0.038549 0.048077 0.141315  0.0876087    1.42464 -0.0943938 -0.000279967   0.00018418  1.27079e-05 -0.0339558  0.0545582  0.0229975  0.354933 -0.274273  -9.79874 
               282.7 -2.57778  3.19215  83.6706   8.10878   17.8564 -0.244368  0.392673   -1.2662 -0.505185 0.038549 0.048077 0.141315  0.109511   1.32229 0.0140748 -0.000279355  0.000180061  1.21186e-05 -0.0339794  0.0545808  0.0230035  0.354947 -0.274255  -9.79874 
               282.8 -2.67098  3.16222  83.8424   8.12042   17.9785 -0.244719  0.392673   -1.2662 -0.505185 0.038549 0.048077 0.141315 0.131735  1.21979 0.102913 -0.000277604  0.000183287  1.49814e-05 -0.0339451  0.0545568  0.0230651  0.354932 -0.274283  -9.79874 
               282.9 -2.59003  2.81014  83.7192   8.13452   18.1035 -0.239645  0.392673   -1.2662 -0.505185 0.038549 0.048077 0.141315     0.12177     1.39679 -0.00948909 -0.000277212  0.000184917  1.80581e-05 -0.0339096  0.0545646  0.0230726   0.35494 -0.274307  -9.79874 
                 283 -2.49185  2.63578  83.7616   8.14636   18.2375 -0.240494  0.392673   -1.2662 -0.505185 0.038549 0.048077 0.141315  0.130621   1.40129 0.0401695 -0.000276965  0.000180552  1.69601e-05 -0.0338369  0.0545641  0.0231147 0.354944 -0.27436 -9.79874 
               283.1 -2.41366  2.78423  83.9262 8.15613 18.3701 -0.2408  0.392673   -1.2662 -0.505185 0.038549 0.048077 0.141315   0.10469   1.32554 0.0455926 -0.000278175  0.000180431  1.53214e-05 -0.0337874  0.0545436  0.0231632  0.354934 -0.274397  -9.79874 
               283.2 -2.45787  2.72665  83.9552   8.16753   18.4975 -0.239227  0.392673   -1.2662 -0.505185 0.038549 0.048077 0.141315  0.114923   1.35504 0.0446398 -0.000277983  0.000183276  1.64636e-05 -0.0337385  0.0545411   0.023202  0.354936 -0.274432  -9.79873 
               283.3 -2.41307   2.4757   83.939   8.17888   18.6361 -0.241971  0.392673   -1.2662 -0.505185 0.038549 0.048077 0.141315   0.121322    1.43336 -0.0408733 -0.000278622  0.000182842  1.61563e-05 -0.0337306  0.0545201  0.0232299 0.354922 -0.27444 -9.79873 
               283.4 -2.44208  2.70183  83.7594   8.18984   18.7761 -0.254942  0.392673   -1.2662 -0.505185 0.038549 0.048077 0.141315   0.148986    1.35408 -0.0845483 -0.00027723 0.000180196 1.81612e-05 -0.0337417  0.0545058  0.0232772  0.354911 -0.274434  -9.79873 
               283.5 -2.52684  3.17415  83.6438   8.20889   18.8968 -0.264212  0.392673   -1.2662 -0.505185 0.038549 0.048077 0.141315  0.133221   1.11403 0.0312363 -0.000277103  0.000180623   1.9651e-05 -0.0337117  0.0545616  0.0233341  0.354953 -0.274452  -9.79873 
               283.6 -2.57694  3.04159  83.1901   8.21987   19.0046 -0.268169  0.392673   -1.2662 -0.505185 0.038549 0.048077 0.141315  0.115508   1.25998 -0.101182 -0.000276658  0.000182721  2.21566e-05 -0.0336317  0.0545436  0.0233755  0.354947 -0.274511  -9.79873 
               283.7 -2.51024  2.29305  83.1157   8.22822   19.1328 -0.286392  0.392673   -1.2662 -0.505185 0.038549 0.048077 0.141315 0.0882041   1.41974 -0.214638 -0.000279108   0.00018403  1.90612e-05 -0.0335263  0.0545034  0.0233641  0.354927 -0.274587  -9.79873 
               283.8 -2.63033  3.32134  83.0794    8.2339    19.272 -0.292022  0.392673   -1.2662 -0.505185 0.038549 0.048077 0.141315  0.0730868    1.17795 -0.0469329 -0.000276819  0.000175507   1.9829e-05 -0.0336408  0.0544863  0.0233323  0.354906 -0.274508  -9.79873 
               283.9 -2.69184  3.12229  83.3338   8.23876   19.3828 -0.296846  0.392673   -1.2662 -0.505185 0.038549 0.048077 0.141315    0.012573     1.07015 -0.00777071 -0.000276915  0.000182323  1.67469e-05 -0.0336078  0.0544839  0.0233146  0.354907 -0.274531  -9.79873 
                 284 -2.62208  2.79497  83.8168   8.24328   19.4977 -0.295656  0.392673   -1.2662 -0.505185 0.038549 0.048077 0.141315  0.0879485    1.19209 -0.0949474 -0.000277695  0.000183687  1.41153e-05 -0.0336004  0.0544839  0.0232374  0.354907 -0.274534  -9.79873 
               284.1 -2.58012  2.78351  84.1681   8.25778   19.6154 -0.286714  0.392673   -1.2662 -0.505185 0.038549 0.048077 0.141315  0.126424   1.13859 0.0714975 -0.000278008  0.000180446    1.633e-05 -0.0336254  0.0545378  0.0231578  0.354942 -0.274511  -9.79873 
               284.2 -2.50341  2.45237  84.2477   8.27062    19.726 -0.279637  0.392673   -1.2662 -0.505185 0.038549 0.048077 0.141315  0.150371   1.22065 0.0278334 -0.00027845 0.000181616 1.80501e-05 -0.0335585  0.0545694  0.0231433  0.354969 -0.274555  -9.79873 
               284.3 -2.5212 2.18193 84.3112   8.28162   19.8507 -0.289016  0.392673   -1.2662 -0.505185 0.038549 0.048077 0.141315   0.116842    1.21185 -0.0195042 -0.000278153  0.000180667   1.7646e-05 -0.0335872  0.0545396  0.0231719  0.354946 -0.274538  -9.79873 
               284.4 -2.45607  2.31676  84.3331    8.2863   19.9706 -0.292916  0.392673   -1.2662 -0.505185 0.038549 0.048077 0.141315  0.0485646    1.18895 -0.0119276 -0.000277446  0.000180161  1.94715e-05 -0.0335908  0.0545137  0.0231984  0.354928 -0.274538  -9.79873 
               284.5 -2.49629  2.48845  85.0359   8.28735   20.0903 -0.293769  0.392673   -1.2662 -0.505185 0.038549 0.048077 0.141315 0.00229413      1.135 -0.0382599 -0.000273104  0.000180873   1.3686e-05 -0.0336032  0.0544804  0.0231943  0.354904 -0.274532  -9.79873 
               284.6 -2.39538  3.00609  85.9263    8.2861   20.1973 -0.291913  0.392673   -1.2662 -0.505185 0.038549 0.048077 0.141315 -0.00927706    0.933772    0.100322 -0.000271112  0.000180901  1.07823e-05 -0.0336225  0.0544598  0.0231898 0.354888 -0.27452 -9.79873 
               284.7 -2.33977  3.11956  86.6609   8.28184   20.2851 -0.280712  0.392673   -1.2662 -0.505185 0.038549 0.048077 0.141315 -0.0579644    1.02009  0.0380595 -0.000269134  0.000182532  1.12066e-05 -0.0335566  0.0544569  0.0231714  0.354892 -0.274566  -9.79873 
               284.8 -2.23386  2.52915   87.514   8.27679   20.3864 -0.286124  0.392673   -1.2662 -0.505185 0.038549 0.048077 0.141315 -0.00929873     1.10099    -0.03715   -0.000269  0.00018593 1.10043e-05 -0.0334904  0.0544323   0.023223  0.354881 -0.274615  -9.79873 
               284.9 -2.28891  2.99022  87.9304   8.27606   20.4924 -0.291964  0.392673   -1.2662 -0.505185 0.038549 0.048077 0.141315 0.0247851  0.862956  0.022944 -0.000269813  0.000183208  1.51711e-05 -0.0335474  0.0544108   0.023258   0.35486 -0.274578  -9.79873 
                 285 -2.32936  3.42024  87.9097   8.27476   20.5641 -0.293168  0.392673   -1.2662 -0.505185 0.038549 0.048077 0.141315 0.0110993  0.620988 0.0570984 -0.000268957  0.000184231  1.88758e-05 -0.0335403  0.0544004  0.0233243  0.354854 -0.274586  -9.79873 
               285.1 -2.32219  3.14876  88.1091  8.27641  20.6123 -0.28853  0.392673   -1.2662 -0.505185 0.038549 0.048077 0.141315 0.00286012   0.483394  0.0855669 -0.000270792  0.000187287  1.81769e-05 -0.0334707  0.0543943  0.0233504  0.354858 -0.274635  -9.79873 
               285.2 -2.30508  2.88559  88.0744    8.2751   20.6568 -0.290008  0.392673   -1.2662 -0.505185 0.038549 0.048077 0.141315  0.0075993    0.46391 -0.0359801 -0.000270796  0.000189414  1.82352e-05 -0.0334293  0.0543631  0.0233898  0.354841 -0.274668  -9.79873 
               285.3 -2.30084  3.05153  88.0662   8.27396   20.6948 -0.297056  0.392673   -1.2662 -0.505185 0.038549 0.048077 0.141315 -0.0193692   0.262003 -0.0326816 -0.000271375  0.000186654  1.90874e-05 -0.033451  0.054356 0.0234506  0.354834 -0.274655  -9.79873 
               285.4 -2.36579  3.13222   88.109   8.26847   20.7114 -0.303564  0.392673   -1.2662 -0.505185 0.038549 0.048077 0.141315 -0.00279124   0.0692947  0.00310914 -0.000270779  0.000187885  1.88436e-05 -0.0334564  0.0543108  0.0234977  0.354802 -0.274659  -9.79873 
               285.5 -2.34052  3.11865   88.167    8.2705    20.712 -0.305511  0.392673   -1.2662 -0.505185 0.038549 0.048077 0.141315  -0.019118 -0.0395699  0.0090015 -0.00027205 0.000188748 1.85217e-05 -0.0334428   0.054338  0.0235198  0.354823 -0.274665  -9.79873 
               285.6 -2.32854  3.02079  88.0815   8.26747   20.7037 -0.304542  0.392673   -1.2662 -0.505185 0.038549 0.048077 0.141315 -0.00579234  -0.0255618  0.00495905 -0.000272544  0.000190211  1.86043e-05 -0.033405 0.0543208 0.0235258  0.354816 -0.274693  -9.79873 
               285.7 -2.31623  2.85115  88.1422   8.26806   20.6988 -0.304769  0.392673   -1.2662 -0.505185 0.038549 0.048077 0.141315 -0.00792788  -0.0152025 -0.00100602 -0.000272927  0.000189204     1.83e-05 -0.0333596  0.0543323  0.0235212   0.35483 -0.274723  -9.79873 
               285.8 -2.32125  2.93775  88.1173   8.26738    20.696 -0.302502  0.392673   -1.2662 -0.505185 0.038549 0.048077 0.141315 -0.0158063 -0.0247656   0.010722 -0.000272744  0.000187917  1.88775e-05 -0.0333561  0.0543356  0.0235041  0.354833 -0.274724  -9.79873 
               285.9 -2.33909  2.91668  88.1291   8.26769   20.6936 -0.303816  0.392673   -1.2662 -0.505185 0.038549 0.048077 0.141315 -0.0104794 -0.0232562 0.00157581 -0.000271557   0.00018774  1.83128e-05 -0.0333515  0.0543496  0.0235242  0.354843 -0.274726  -9.79873 
                 286  -2.335 2.93432 88.1135   8.26612   20.6941 -0.303675  0.392673   -1.2662 -0.505185 0.038549 0.048077 0.141315   -0.0102433   -0.0146044 -5.11536e-05 -0.000271901  0.000186777  1.86236e-05 -0.0333795   0.054345  0.0235223  0.354836 -0.274707  -9.79873 
               286.1 -2.33151   2.9219  88.1125   8.26665   20.6931 -0.304214  0.392673   -1.2662 -0.505185 0.038549 0.048077 0.141315  -0.0079014  -0.0136568 -0.00140691 -0.000272122  0.000187279  1.87056e-05 -0.0333825   0.054363  0.0235303  0.354848 -0.274703  -9.79873 
               286.2 -2.34252   2.9212  88.1121   8.26836   20.6922 -0.303392  0.392673   -1.2662 -0.505185 0.038549 0.048077 0.141315 -0.00391582  -0.0103929 -0.00355724 -0.000271602  0.000186955  1.88347e-05 -0.0333849  0.0543925  0.0235225  0.354868 -0.274697  -9.79873 
               286.3 -2.33358  2.93984  88.1134   8.26842   20.6926 -0.303343  0.392673   -1.2662 -0.505185 0.038549 0.048077 0.141315 -0.00200227 -0.00769534   0.0023921 -0.000272019  0.000185883  1.87171e-05 -0.0333996  0.0543984  0.0235186   0.35487 -0.274686  -9.79873 
               286.4 -2.33291    2.944   88.113   8.26989   20.6916 -0.302505  0.392673   -1.2662 -0.505185 0.038549 0.048077 0.141315 -0.000781738  -0.00605193   0.00865228 -0.00027184 0.000185566 1.87717e-05 -0.033395 0.0544173 0.0235146  0.354884 -0.274687  -9.79873 
               286.5 -2.3313 2.95138 88.1138   8.26932    20.692 -0.302442  0.392673   -1.2662 -0.505185 0.038549 0.048077 0.141315 -0.00408263  -0.0063089  0.00585087 -0.000271804  0.000185503   1.8934e-05 -0.0334052  0.0544149  0.0235215 0.354881 -0.27468 -9.79873 
               286.6 -2.32838  2.92761  88.1164   8.27119   20.6948 -0.301714  0.392673   -1.2662 -0.505185 0.038549 0.048077 0.141315   0.0019794 0.000933627   0.0046184 -0.000272142  0.000186738  1.88053e-05 -0.0334353  0.0544408  0.0235173  0.354894 -0.274656  -9.79873 
               286.7 -2.32449  2.93742  88.1069   8.27169   20.6938 -0.301727  0.392673   -1.2662 -0.505185 0.038549 0.048077 0.141315  0.00240541 0.000555063  0.00523768 -0.000272019   0.00018625  1.90525e-05 -0.0334252  0.0544438  0.0235247  0.354898 -0.274663  -9.79873 
               286.8 -2.32233  2.92642  88.1084   8.27137   20.6923 -0.301192  0.392673   -1.2662 -0.505185 0.038549 0.048077 0.141315 -0.000462888  -0.00142075   0.00664132 -0.000272096  0.000186674   1.8876e-05 -0.0334098  0.0544381  0.0235268  0.354896 -0.274674  -9.79873 
               286.9 -2.31135  2.93872  88.1119   8.27204   20.6953 -0.302229  0.392673   -1.2662 -0.505185 0.038549 0.048077 0.141315 0.00290782 0.00419527 0.00128296 -0.000272589  0.000185487  1.88339e-05 -0.0334409  0.0544466  0.0235409  0.354898 -0.274652  -9.79873 
                 287 -2.30945  2.93767  88.1188   8.27044   20.6961 -0.302995  0.392673   -1.2662 -0.505185 0.038549 0.048077 0.141315 -0.00018742  0.00881511  0.00309721 -0.000272678  0.000185457   1.8445e-05 -0.0334443  0.0544253    0.02355  0.354883 -0.274653  -9.79873 
               287.1 -2.30122  2.94097  88.1179   8.27023   20.6972 -0.302455  0.392673   -1.2662 -0.505185 0.038549 0.048077 0.141315 -0.00378599   0.0115144  0.00544838 -0.000272896  0.000185079  1.84691e-05 -0.0334461   0.054425  0.0235492  0.354882 -0.274651  -9.79873 
               287.2 -2.29859   2.9385  88.1105   8.26804   20.6974 -0.303351  0.392673   -1.2662 -0.505185 0.038549 0.048077 0.141315 -0.00715664  0.00734439 0.000409057 -0.000273164  0.000184946  1.88885e-05 -0.033441  0.054405 0.0235613  0.354869 -0.274658  -9.79873 
               287.3 -2.2984 2.93928 88.1045   8.26829   20.6944 -0.302306  0.392673   -1.2662 -0.505185 0.038549 0.048077 0.141315 -0.00404785 -0.00112953  0.00437312 -0.000273186  0.000184618  1.92431e-05 -0.0334048  0.0544134  0.0235541   0.35488 -0.274681  -9.79873 
               287.4 -2.29979  2.94519  88.1126   8.26928   20.6967 -0.301044  0.392673   -1.2662 -0.505185 0.038549 0.048077 0.141315 -0.00179775   0.0045476  0.00775835 -0.000272911  0.000184483  1.88772e-05 -0.0334252  0.0544302  0.0235465  0.354889 -0.274665  -9.79873 
               287.5 -2.29755  2.95403  88.1208   8.26967   20.6976 -0.301821  0.392673   -1.2662 -0.505185 0.038549 0.048077 0.141315 -0.00142495  0.00560051  0.00303116 -0.000272716  0.000184034   1.8495e-05 -0.0334285  0.0544368  0.0235614  0.354893 -0.274662  -9.79873 
               287.6 -2.29906  2.95033  88.1194   8.27092   20.6976 -0.300488  0.392673   -1.2662 -0.505185 0.038549 0.048077 0.141315 0.00358165 0.00730998 0.00497541 -0.00027268 0.000183891 1.85075e-05 -0.0334212  0.0544504  0.0235521  0.354903 -0.274665  -9.79873 
               287.7 -2.29804  2.94489  88.1172   8.27111   20.6981 -0.299291  0.392673   -1.2662 -0.505185 0.038549 0.048077 0.141315 0.00190244 0.00834134  0.0121524 -0.000272598   0.00018403  1.85918e-05 -0.0334184  0.0544491  0.0235488  0.354903 -0.274667  -9.79873 
               287.8 -2.3098 2.93913 88.1084   8.27142   20.6973 -0.298658  0.392673   -1.2662 -0.505185 0.038549 0.048077 0.141315 -7.75935e-05   0.00591166   0.00967163  -0.0002718 0.000184338 1.91699e-05 -0.0334041   0.054451  0.0235559  0.354906 -0.274677  -9.79873 
               287.9 -2.31749  2.94465  88.1144   8.27072   20.6984 -0.299653  0.392673   -1.2662 -0.505185 0.038549 0.048077 0.141315 -0.0012421 0.00674408 0.00253965 -0.000271159  0.000183975  1.88531e-05 -0.0334099  0.0544428  0.0235726  0.354899 -0.274674  -9.79873 
                 288 -2.31211  2.92793  88.1158   8.26999   20.6985 -0.298752  0.392673   -1.2662 -0.505185 0.038549 0.048077 0.141315 -0.00211765  0.00698716  0.00484551 -0.000271446  0.000184743  1.86915e-05 -0.033403  0.054436 0.0235664 0.354896 -0.27468 -9.79873 
               288.1 -2.30912  2.92767  88.1084    8.2693   20.6974 -0.298927  0.392673   -1.2662 -0.505185 0.038549 0.048077 0.141315 -0.00423047  0.00398704  0.00631585 -0.000271454  0.000184676  1.90785e-05 -0.0333867  0.0544308  0.0235755  0.354894 -0.274692  -9.79873 
               288.2 -2.30633   2.9394  88.1142   8.26924   20.6978 -0.299392  0.392673   -1.2662 -0.505185 0.038549 0.048077 0.141315 -0.00213575  0.00232088  0.00367131 -0.000271628  0.000183916  1.87686e-05 -0.0333878  0.0544337   0.023585  0.354896 -0.274691  -9.79873 
               288.3 -2.31372  2.93219  88.1185   8.26984   20.6997 -0.298773  0.392673   -1.2662 -0.505185 0.038549 0.048077 0.141315 0.000339549   0.0072453  0.00589338 -0.000270966  0.000184278  1.84915e-05 -0.0334023  0.0544422  0.0235821   0.3549 -0.27468 -9.79873 
               288.4 -2.30632  2.93232   88.123   8.27205   20.6988 -0.298672  0.392673   -1.2662 -0.505185 0.038549 0.048077 0.141315 0.00242541 0.00629575  0.0087993 -0.000271055  0.000184479  1.83194e-05 -0.0333836  0.0544655  0.0235914 0.354918 -0.27469 -9.79873 
               288.5 -2.31112  2.93496  88.1123   8.27246   20.6977 -0.298373  0.392673   -1.2662 -0.505185 0.038549 0.048077 0.141315 0.00146301 0.00239383 0.00604554  -0.0002707 0.000184258  1.8908e-05 -0.0333692  0.0544674  0.0235989  0.354922 -0.274699  -9.79873 
               288.6 -2.3157 2.93286 88.1158   8.27128   20.6983 -0.298216  0.392673   -1.2662 -0.505185 0.038549 0.048077 0.141315 -0.000786337   0.00473204   0.00484472 -0.000270236  0.000184143   1.8468e-05 -0.0333741  0.0544528  0.0236042  0.354911 -0.274698  -9.79873 
               288.7 -2.32545  2.93948  88.1172   8.26988   20.6975 -0.298982  0.392673   -1.2662 -0.505185 0.038549 0.048077 0.141315 -0.0042578 0.00327487 0.00597151 -0.000269648  0.000183283  1.79625e-05 -0.0333635  0.0544374  0.0236193  0.354902 -0.274708  -9.79873 
               288.8 -2.31671  2.93319  88.1115   8.27098   20.6974 -0.298368  0.392673   -1.2662 -0.505185 0.038549 0.048077 0.141315 -0.00152872  0.00180377  0.00571427 -0.000270264  0.000183777  1.82385e-05 -0.0333578  0.0544541   0.023618  0.354914 -0.274709  -9.79873 
               288.9 -2.31248  2.93452  88.1161   8.27071   20.6988 -0.298271  0.392673   -1.2662 -0.505185 0.038549 0.048077 0.141315 0.000226133  0.00385893  0.00387015 -0.000270416  0.000183804  1.79335e-05 -0.0333683  0.0544523  0.0236189  0.354912 -0.274702  -9.79873 
                 289   -2.31 2.93519 88.1132   8.27125   20.6984 -0.299404  0.392673   -1.2662 -0.505185 0.038549 0.048077 0.141315 0.000798903   0.0046272  0.00257129 -0.00027041 0.000183712  1.8133e-05 -0.0333608  0.0544566  0.0236347  0.354916 -0.274707  -9.79873 
               289.1 -2.29943  2.94039  88.1116   8.27035   20.6982 -0.300332  0.392673   -1.2662 -0.505185 0.038549 0.048077 0.141315 -0.00303152  0.00339093 -0.00116709 -0.000270956  0.000183098  1.81932e-05 -0.0333552  0.0544472  0.0236477   0.35491 -0.274712  -9.79873 
               289.2 -2.30535   2.9431  88.1115   8.26876   20.6968 -0.301128  0.392673   -1.2662 -0.505185 0.038549 0.048077 0.141315   -0.0056619 -0.000475661  -0.00502388 -0.000270549  0.000182688  1.83406e-05 -0.0333423   0.054433  0.0236549  0.354902 -0.274723  -9.79873 
               289.3 -2.30667  2.94719   88.109    8.2687   20.6955 -0.300489  0.392673   -1.2662 -0.505185 0.038549 0.048077 0.141315 -0.00438901 -0.00152014 -0.00102411 -0.000270354  0.000182202  1.82222e-05 -0.0333296  0.0544378  0.0236461  0.354907 -0.274731  -9.79873 
               289.4 -2.30361  2.95037  88.1123   8.26999    20.696 -0.300271  0.392673   -1.2662 -0.505185 0.038549 0.048077 0.141315  -0.00126423 -7.06894e-05   0.00327755 -0.000270504  0.000181983  1.80548e-05 -0.0333339  0.0544564  0.0236442  0.354919 -0.274726  -9.79873 
               289.5 -2.30518  2.95073  88.1097   8.27025   20.6949 -0.299786  0.392673   -1.2662 -0.505185 0.038549 0.048077 0.141315 -0.000415933  -0.00291575   0.00126315 -0.000270271  0.000181777  1.81228e-05 -0.0333234  0.0544603  0.0236419  0.354923 -0.274732  -9.79873 
               289.6 -2.30607  2.94459  88.1092   8.27025   20.6949 -0.299024  0.392673   -1.2662 -0.505185 0.038549 0.048077 0.141315    0.0013787 -0.000626237   0.00243377 -0.00027026 0.000182138 1.81703e-05 -0.0333245  0.0544601   0.023635  0.354923 -0.274731  -9.79873 
               289.7 -2.31411  2.95249  88.1201   8.26836   20.6958 -0.298813  0.392673   -1.2662 -0.505185 0.038549 0.048077 0.141315 -0.00660048  0.00495549  0.00587706 -0.000269532  0.000181659  1.74685e-05 -0.0333337  0.0544404  0.0236365  0.354908 -0.274728  -9.79873 
               289.8 -2.3109 2.94878 88.1115   8.26979   20.6955 -0.299034  0.392673   -1.2662 -0.505185 0.038549 0.048077 0.141315 -0.00428375  0.00164808  0.00108839 -0.000269615  0.000181899  1.81625e-05 -0.033326 0.0544636 0.0236452 0.354925 -0.27473 -9.79873 
               289.9 -2.30464  2.94608  88.1227   8.26985   20.6965 -0.299719  0.392673   -1.2662 -0.505185 0.038549 0.048077 0.141315  -0.00239375    0.0032181 -0.000842653 -0.000269821  0.000181804  1.76293e-05 -0.0333328  0.0544684  0.0236521  0.354927 -0.274725  -9.79873 
                 290 -2.30778   2.9423  88.1182   8.27041   20.6945 -0.299445  0.392673   -1.2662 -0.505185 0.038549 0.048077 0.141315 -0.000369985 -6.46465e-05   0.00128858 -0.000269624  0.000181803  1.79231e-05 -0.0333108  0.0544755  0.0236515  0.354935 -0.274739  -9.79873 
               290.1 -2.3026 2.93615 88.1088    8.2702   20.6955 -0.299406  0.392673   -1.2662 -0.505185 0.038549 0.048077 0.141315 -0.00220513  0.00224147  0.00282303 -0.000269718  0.000182021  1.86368e-05 -0.0333213  0.0544752  0.0236535  0.354934 -0.274732  -9.79873 
               290.2 -2.31269  2.94501  88.1125   8.27137   20.6963 -0.302239  0.392673   -1.2662 -0.505185 0.038549 0.048077 0.141315   0.0013575  0.00200127 -0.00222043 -0.000268888  0.000181284  1.82705e-05 -0.0333282  0.0544885  0.0236841  0.354942 -0.274726  -9.79873 
               290.3 -2.30788  2.95268  88.1114   8.27171   20.6972 -0.302338  0.392673   -1.2662 -0.505185 0.038549 0.048077 0.141315  0.0032549 0.00437192  0.0020879 -0.000269043  0.000180808  1.82241e-05 -0.0333344  0.0544899  0.0236828  0.354942 -0.274722  -9.79873 
               290.4 -2.30713  2.94963  88.1121   8.27057    20.698 -0.302354  0.392673   -1.2662 -0.505185 0.038549 0.048077 0.141315 -0.00333116  0.00704374   0.0043409 -0.000268933  0.000180825  1.81783e-05 -0.0333381  0.0544766  0.0236849  0.354932 -0.274721  -9.79873 
               290.5 -2.30934  2.93716  88.1175   8.26955   20.6974 -0.302552  0.392673   -1.2662 -0.505185 0.038549 0.048077 0.141315 -0.00606142  0.00303069 -0.00207082 -0.000268861  0.000181355  1.79328e-05 -0.0333256  0.0544697  0.0236892 0.354929 -0.27473 -9.79873 
               290.6 -2.31375  2.94166  88.1035   8.26823   20.6971 -0.302534  0.392673   -1.2662 -0.505185 0.038549 0.048077 0.141315 -0.00724221  0.00423676 -0.00199196 -0.000268525  0.000180995  1.88137e-05 -0.0333203   0.054462  0.0236875  0.354925 -0.274735  -9.79873 
               290.7 -2.31829  2.93799  88.1024   8.26842   20.6982 -0.302532  0.392673   -1.2662 -0.505185 0.038549 0.048077 0.141315  -0.00613565   0.00630905 -0.000123749 -0.000268152  0.000181229  1.88268e-05 -0.0333261  0.0544724  0.0236874 0.354931 -0.27473 -9.79873 
               290.8 -2.32047   2.9323  88.1069   8.26882   20.6971 -0.301749  0.392673   -1.2662 -0.505185 0.038549 0.048077 0.141315 -0.00570658  0.00184843 0.000251195 -0.000268166  0.000181411  1.85878e-05 -0.0333088  0.0544837  0.0236814 0.354941 -0.27474 -9.79873 
               290.9 -2.33003  2.93201  88.1092   8.27048   20.6967 -0.301482  0.392673   -1.2662 -0.505185 0.038549 0.048077 0.141315  0.000769536   0.00155488 -0.000552267 -0.000267757  0.000181183  1.83535e-05 -0.0333021  0.0545054  0.0236789  0.354957 -0.274741  -9.79872 
                 291 -2.33311  2.93102    88.11   8.27061   20.6964 -0.300045  0.392673   -1.2662 -0.505185 0.038549 0.048077 0.141315 -0.000705438    0.0031499   0.00863507 -0.000267448  0.000180895  1.82751e-05 -0.0332968  0.0545067   0.023668  0.354958 -0.274745  -9.79872 
               291.1 -2.33462  2.93777   88.104   8.27049   20.6962 -0.297629  0.392673   -1.2662 -0.505185 0.038549 0.048077 0.141315 -0.00396131  0.00136304   0.0128308 -0.000267337  0.000180527   1.8528e-05 -0.0332913  0.0545089  0.0236548   0.35496 -0.274748  -9.79872 
               291.2 -2.32865  2.93455  88.1061   8.27032   20.6952 -0.297961  0.392673   -1.2662 -0.505185 0.038549 0.048077 0.141315 -0.00309679 -0.00253671  0.00871688 -0.000267705  0.000180378  1.82869e-05 -0.0332825  0.0545105  0.0236698  0.354962 -0.274754  -9.79872 
               291.3 -2.32874   2.9359  88.1053   8.27159   20.6946 -0.297305  0.392673   -1.2662 -0.505185 0.038549 0.048077 0.141315 0.000373474 -0.00233238   0.0100395 -0.000267775  0.000180112  1.84002e-05 -0.033278 0.0545265 0.0236722  0.354974 -0.274755  -9.79872 
               291.4 -2.3243  2.9326 88.1045   8.26976   20.6942 -0.297123  0.392673   -1.2662 -0.505185 0.038549 0.048077 0.141315 -0.00508343 -0.00108586  0.00783601 -0.000267812  0.000180428  1.83044e-05 -0.0332756  0.0545077  0.0236796  0.354962 -0.274759  -9.79872 
               291.5 -2.32249  2.92929  88.1067   8.27051   20.6976 -0.298746  0.392673   -1.2662 -0.505185 0.038549 0.048077 0.141315   -0.0029158   0.00644078 -0.000450495 -0.000268161  0.000180569  1.81674e-05 -0.0333082   0.054523  0.0237001  0.354968 -0.274735  -9.79872 
               291.6 -2.31072    2.935  88.1102   8.26949    20.697 -0.299003  0.392673   -1.2662 -0.505185 0.038549 0.048077 0.141315 -0.00229883  0.00560289 -0.00109396 -0.000268928  0.000180224  1.78398e-05 -0.0332966  0.0545133  0.0237016  0.354963 -0.274745  -9.79872 
               291.7 -2.31646  2.93348   88.096   8.26964   20.6974 -0.298761  0.392673   -1.2662 -0.505185 0.038549 0.048077 0.141315 -0.00368836  0.00745136  0.00223495 -0.00026848  0.00018038 1.83358e-05 -0.0332957  0.0545181  0.0237018  0.354966 -0.274744  -9.79872 
               291.8 -2.31985  2.93079  88.0995 8.26987 20.6972 -0.2987  0.392673   -1.2662 -0.505185 0.038549 0.048077 0.141315 -0.00420297  0.00299104  0.00265251 -0.000268087  0.000180602    1.828e-05 -0.0332883  0.0545251  0.0237045  0.354972 -0.274749  -9.79872 
               291.9 -2.32019  2.92992  88.1043   8.26863   20.6972 -0.298909  0.392673   -1.2662 -0.505185 0.038549 0.048077 0.141315 -0.00555153 0.000990711  0.00264019 -0.000267903  0.000180666  1.81423e-05 -0.033286  0.054516 0.0237068  0.354966 -0.274751  -9.79872 
                 292 -2.31198  2.92701  88.1028   8.26855   20.6942 -0.297141  0.392673   -1.2662 -0.505185 0.038549 0.048077 0.141315 -0.00487467 -0.00536707  0.00872153 -0.000268219  0.000180687  1.81132e-05 -0.0332548  0.0545201  0.0236945  0.354973 -0.274772  -9.79872 
               292.1 -2.30934  2.92876  88.1031   8.26747   20.6955 -0.297013  0.392673   -1.2662 -0.505185 0.038549 0.048077 0.141315 -0.00771256 -0.00123278  0.00441168 -0.000268213  0.000180833  1.82507e-05 -0.0332719   0.054516  0.0237009  0.354968 -0.274761  -9.79872 
               292.2 -2.3044 2.92132 88.1018   8.26678   20.6954 -0.296172  0.392673   -1.2662 -0.505185 0.038549 0.048077 0.141315  -0.00560571 -0.000285799   0.00318406 -0.000268485  0.000181097  1.83863e-05 -0.0332725  0.0545164  0.0236972 0.354968 -0.27476 -9.79872 
               292.3 -2.30438  2.93049   88.101   8.26756   20.6946 -0.299262  0.392673   -1.2662 -0.505185 0.038549 0.048077 0.141315  -0.00266597  0.000762719 -0.000596652 -0.000268234  0.000180509   1.8143e-05 -0.0332662  0.0545279  0.0237315  0.354977 -0.274764  -9.79872 
               292.4 -2.31407  2.94667   88.094   8.26782    20.694 -0.300148  0.392673   -1.2662 -0.505185 0.038549 0.048077 0.141315 -0.00506082  0.00243786 0.000642116 -0.000267495  0.000179778  1.84062e-05 -0.0332598  0.0545341  0.0237424  0.354982 -0.274767  -9.79872 
               292.5 -2.31467  2.93587  88.1018   8.26791    20.694 -0.299762  0.392673   -1.2662 -0.505185 0.038549 0.048077 0.141315   -0.0030631 -0.000544377  5.97046e-05 -0.000267348  0.000180379  1.80623e-05 -0.0332574  0.0545407  0.0237384  0.354986 -0.274768  -9.79872 
               292.6 -2.31775  2.93802  88.1036   8.26999   20.6931 -0.300912  0.392673   -1.2662 -0.505185 0.038549 0.048077 0.141315    0.002502 -0.00168612 -0.00229369 -0.000267126  0.000180136  1.80075e-05 -0.033248 0.0545641   0.02375  0.355003 -0.274772  -9.79872 
               292.7 -2.31945   2.9442  88.1045   8.26917    20.695 -0.299685  0.392673   -1.2662 -0.505185 0.038549 0.048077 0.141315 -0.000685789   0.00294597   0.00308821  -0.0002668 0.000179793 1.80696e-05 -0.0332672  0.0545553  0.0237363 0.354995 -0.27476 -9.79872 
               292.8 -2.31435  2.93155  88.1075   8.26936   20.6949 -0.299617  0.392673   -1.2662 -0.505185 0.038549 0.048077 0.141315 -0.00076638 0.000391078  0.00296961 -0.000266898   0.00018043  1.79487e-05 -0.0332634  0.0545587  0.0237392  0.354998 -0.274762  -9.79872 
               292.9 -2.31615  2.93734     88.1    8.2691   20.6952 -0.299659  0.392673   -1.2662 -0.505185 0.038549 0.048077 0.141315 0.00103099 0.00145824 0.00369318 -0.000266846  0.000179924  1.82055e-05 -0.0332661  0.0545559  0.0237415 0.354995 -0.27476 -9.79872 
                 293 -2.31822  2.93688  88.1049    8.2693   20.6937 -0.298418  0.392673   -1.2662 -0.505185 0.038549 0.048077 0.141315 -6.39808e-05   0.00152726    0.0103153 -0.000266466  0.000180054  1.77304e-05 -0.0332481  0.0545566   0.023737  0.354998 -0.274772  -9.79872 
               293.1 -2.31983  2.93573  88.1059   8.26874   20.6944 -0.297245  0.392673   -1.2662 -0.505185 0.038549 0.048077 0.141315 -0.00458703  0.00349169   0.0105078 -0.000266271  0.000180129   1.7517e-05 -0.0332532  0.0545533  0.0237368  0.354995 -0.274769  -9.79872 
               293.2 -2.32499  2.93409  88.1018    8.2678   20.6944 -0.298391  0.392673   -1.2662 -0.505185 0.038549 0.048077 0.141315 -0.00516932  0.00340871  0.00501801 -0.000266166  0.000180032  1.76482e-05 -0.0332519  0.0545472  0.0237567  0.354992 -0.274771  -9.79872 
               293.3 -2.32079   2.9347  88.1028     8.267   20.6955 -0.298933  0.392673   -1.2662 -0.505185 0.038549 0.048077 0.141315 -0.00555069  0.00617387  0.00553834 -0.000266289  0.000179839  1.73902e-05  -0.03326 0.0545443 0.0237667  0.354989 -0.274766  -9.79872 
               293.4 -2.31772  2.92245  88.1065   8.26734   20.6964 -0.299165  0.392673   -1.2662 -0.505185 0.038549 0.048077 0.141315 -0.00456019  0.00579634  0.00363985 -0.000266337  0.000180266  1.72785e-05 -0.0332612  0.0545539  0.0237739  0.354995 -0.274764  -9.79872 
               293.5 -2.31687  2.92958  88.1079   8.26774   20.6999 -0.298336  0.392673   -1.2662 -0.505185 0.038549 0.048077 0.141315 -0.00244924   0.0108402  0.00125055 -0.000266351  0.000179883  1.71981e-05 -0.0332866  0.0545648  0.0237658  0.354999 -0.274746  -9.79872 
               293.6 -2.31681  2.93858  88.1114   8.26763   20.6985 -0.300846  0.392673   -1.2662 -0.505185 0.038549 0.048077 0.141315 -0.000831162   0.00669046   -0.0025913 -0.00026611 0.000179299 1.69186e-05 -0.0332651  0.0545629  0.0237902     0.355 -0.274761  -9.79872 
               293.7 -2.31467   2.9324  88.1059   8.26918   20.6984 -0.301187  0.392673   -1.2662 -0.505185 0.038549 0.048077 0.141315 0.000291316  0.00754884  0.00165286 -0.000266054  0.000179415  1.70966e-05 -0.0332572    0.05458  0.0237946  0.355013 -0.274764  -9.79872 
               293.8 -2.31315  2.93274  88.1124   8.26787   20.7002 -0.301309  0.392673   -1.2662 -0.505185 0.038549 0.048077 0.141315  -0.0044885  0.00800568 0.000851994 -0.000266017  0.000179418   1.6924e-05 -0.0332679  0.0545686  0.0237968  0.355004 -0.274759  -9.79872 
               293.9  -2.315 2.92572 88.1099   8.26685   20.7001 -0.300738  0.392673   -1.2662 -0.505185 0.038549 0.048077 0.141315 -0.00530345  0.00631232 0.000878787 -0.000266015   0.00017956  1.70166e-05  -0.03326 0.0545622 0.0237925  0.355001 -0.274765  -9.79872 
                 294 -2.31468  2.92998   88.103   8.26744   20.6978 -0.298275  0.392673   -1.2662 -0.505185 0.038549 0.048077 0.141315  -0.002914 0.00337107 0.00811693 -0.000266042   0.00017927  1.73112e-05 -0.0332315  0.0545719  0.0237747  0.355011 -0.274782  -9.79872 
               294.1 -2.31216  2.91713  88.1047   8.26712   20.6977 -0.298615  0.392673   -1.2662 -0.505185 0.038549 0.048077 0.141315 -0.00459284  0.00174802  0.00616845 -0.000265916  0.000180008  1.71806e-05 -0.0332285  0.0545721  0.0237866  0.355011 -0.274784  -9.79872 
               294.2 -2.30964  2.92995  88.1081   8.26725   20.6954 -0.295725  0.392673   -1.2662 -0.505185 0.038549 0.048077 0.141315 -0.00166653 -0.00291001  0.00867863 -0.000265997  0.000179037  1.69536e-05 -0.0332051  0.0545763  0.0237647  0.355017 -0.274799  -9.79872 
               294.3 -2.31452  2.92404  88.1055    8.2664   20.6948 -0.293552  0.392673   -1.2662 -0.505185 0.038549 0.048077 0.141315 -0.00317236 -0.00209268   0.0158088 -0.000265517  0.000179401  1.71368e-05 -0.0332015  0.0545693  0.0237546  0.355013 -0.274802  -9.79872 
               294.4 -2.30883    2.918  88.1154   8.26626   20.6955 -0.292505  0.392673   -1.2662 -0.505185 0.038549 0.048077 0.141315 -0.00573335 -0.00119956   0.0153655 -0.00026556  0.00017972 1.67883e-05 -0.033208 0.0545732 0.0237593  0.355015 -0.274797  -9.79872 
               294.5 -2.31674  2.91718  88.1071   8.26693    20.696 -0.289804  0.392673   -1.2662 -0.505185 0.038549 0.048077 0.141315  -0.00367851 -0.000815669    0.0145248 -0.000265178  0.000179649  1.73792e-05 -0.0332129  0.0545862  0.0237484  0.355023 -0.274792  -9.79872 
               294.6 -2.31977  2.91817  88.1003   8.26682   20.6943 -0.288978  0.392673   -1.2662 -0.505185 0.038549 0.048077 0.141315 -0.00296545 -0.00298618   0.0139664 -0.000265056  0.000179583   1.7689e-05 -0.0331992  0.0545873  0.0237558  0.355025 -0.274801  -9.79872 
               294.7 -2.31292  2.91082  88.1096   8.26761   20.6961 -0.288822  0.392673   -1.2662 -0.505185 0.038549 0.048077 0.141315 -0.00154622  0.00152212   0.0136891 -0.000265346  0.000179919  1.70579e-05 -0.0332183  0.0545985  0.0237691   0.35503 -0.274787  -9.79872 
               294.8 -2.31071  2.91911  88.1076  8.26763  20.6946 -0.28947  0.392673   -1.2662 -0.505185 0.038549 0.048077 0.141315  -0.0020776 -0.00245525    0.011187 -0.000265264  0.000179454  1.71364e-05 -0.0332065  0.0545996  0.0237869  0.355032 -0.274795  -9.79872 
               294.9 -2.3131 2.93571  88.101   8.26937   20.6939 -0.292327  0.392673   -1.2662 -0.505185 0.038549 0.048077 0.141315  0.00289945 -0.00172066  0.00716686 -0.000265201  0.000178273  1.73991e-05 -0.033203  0.054616 0.0238197  0.355044 -0.274796  -9.79872 
                 295 -2.30997  2.93462  88.0995   8.26909   20.6947 -0.292485  0.392673   -1.2662 -0.505185 0.038549 0.048077 0.141315 -0.000841345   0.00306755   0.00853585 -0.000265229  0.000178402  1.76593e-05 -0.0332113  0.0546114  0.0238268   0.35504 -0.274791  -9.79872 
               295.1  -2.305 2.93205 88.0995   8.26867   20.6953 -0.294502  0.392673   -1.2662 -0.505185 0.038549 0.048077 0.141315 -0.00262163  0.00275155 0.000200395 -0.000265487  0.000178739  1.78011e-05 -0.0332147  0.0546084  0.0238507 0.355038 -0.27479 -9.79872 
               295.2 -2.30927   2.9273  88.0943   8.26846   20.6964 -0.295662  0.392673   -1.2662 -0.505185 0.038549 0.048077 0.141315 -0.00143204  0.00521596  -0.0055139 -0.000265233  0.000178808  1.81925e-05 -0.033222 0.0546086 0.0238599  0.355037 -0.274785  -9.79872 
               295.3 -2.31309   2.9242  88.1034   8.26844   20.6977 -0.297199  0.392673   -1.2662 -0.505185 0.038549 0.048077 0.141315 -0.00133752  0.00815772 -0.00372756 -0.000264942  0.000178999  1.75227e-05 -0.0332284  0.0546095  0.0238706  0.355037 -0.274781  -9.79872 
               295.4 -2.30978  2.92855  88.0985   8.26986   20.6981 -0.297772  0.392673   -1.2662 -0.505185 0.038549 0.048077 0.141315 0.000784678  0.00628568 -0.00302473 -0.000265149  0.000178919  1.76962e-05 -0.033225 0.0546259 0.0238739  0.355048 -0.274781  -9.79872 
               295.5 -2.31093  2.92601  88.0946   8.26994   20.7001 -0.298043  0.392673   -1.2662 -0.505185 0.038549 0.048077 0.141315 0.00162683 0.00765495 -0.0031704 -0.000265078  0.000179108   1.7791e-05 -0.0332368  0.0546262  0.0238722  0.355047 -0.274773  -9.79872 
               295.6 -2.30299   2.9271  88.1044    8.2695   20.6992 -0.297862  0.392673   -1.2662 -0.505185 0.038549 0.048077 0.141315 0.000748618  0.00657314  0.00378393 -0.000265401  0.000179145  1.74399e-05 -0.033222 0.0546188 0.0238698  0.355044 -0.274784  -9.79872 
               295.7 -2.28821  2.93813  88.1027   8.26803   20.6999 -0.299348  0.392673   -1.2662 -0.505185 0.038549 0.048077 0.141315 -0.00494391  0.00774847  0.00176095 -0.000266186  0.000178443  1.73628e-05 -0.033224 0.0546039 0.0238864  0.355033 -0.274785  -9.79872 
               295.8 -2.29643  2.91913   88.102   8.26689   20.6994 -0.299983  0.392673   -1.2662 -0.505185 0.038549 0.048077 0.141315  -0.0060779  0.00345618 -0.00163085 -0.00026549 0.000179281 1.74538e-05 -0.0332148  0.0545969  0.0238928   0.35503 -0.274792  -9.79872 
               295.9 -2.29742  2.92328  88.0971   8.26717   20.6997 -0.298729  0.392673   -1.2662 -0.505185 0.038549 0.048077 0.141315 -0.0034219 0.00470843 0.00183093 -0.000265363  0.000178977   1.7646e-05 -0.0332122   0.054606  0.0238812  0.355036 -0.274793  -9.79872 
                 296 -2.29203   2.9263  88.0981   8.26679   20.6995 -0.296064  0.392673   -1.2662 -0.505185 0.038549 0.048077 0.141315 -0.00409844  0.00488652  0.00668314 -0.000265618  0.000178826  1.76428e-05 -0.0332038  0.0546067  0.0238605  0.355038 -0.274798  -9.79872 
               296.1 -2.2904 2.92165  88.097    8.2677   20.6988 -0.295635  0.392673   -1.2662 -0.505185 0.038549 0.048077 0.141315 -0.00178134  0.00275391  0.00178681 -0.000265828  0.000179161  1.80524e-05 -0.033193 0.0546204 0.0238621  0.355048 -0.274803  -9.79872 
               296.2 -2.29004  2.93025  88.0995   8.26807   20.6984 -0.294395  0.392673   -1.2662 -0.505185 0.038549 0.048077 0.141315 0.00150819 0.00195933 0.00347544 -0.000265869  0.000178471  1.77107e-05 -0.0331861  0.0546248  0.0238544  0.355052 -0.274807  -9.79872 
               296.3 -2.29326  2.93537  88.0973   8.26843   20.6974 -0.291958  0.392673   -1.2662 -0.505185 0.038549 0.048077 0.141315 0.000507774  0.00158071   0.0138435 -0.000265436  0.000178382  1.77276e-05 -0.0331745  0.0546274  0.0238404  0.355055 -0.274814  -9.79872 
               296.4 -2.30147  2.93669  88.0949   8.26755   20.6937 -0.291563  0.392673   -1.2662 -0.505185 0.038549 0.048077 0.141315 -0.00441377 -0.00723062   0.0121778 -0.000264773  0.000178437  1.79895e-05 -0.0331433  0.0546179  0.0238512  0.355053 -0.274836  -9.79872 
               296.5 -2.31358  2.91904  88.1035   8.26707   20.6929 -0.291162  0.392673   -1.2662 -0.505185 0.038549 0.048077 0.141315 -0.00340661 -0.00867357  0.00906811  -0.0002642 0.000179251 1.76676e-05 -0.0331434  0.0546167  0.0238567  0.355052 -0.274836  -9.79872 
               296.6 -2.31553  2.92454  88.1004   8.26621   20.6934 -0.291997  0.392673   -1.2662 -0.505185 0.038549 0.048077 0.141315 -0.00404063 -0.00415314  0.00877988 -0.000264049  0.000179037   1.7903e-05 -0.0331552  0.0546115  0.0238722  0.355047 -0.274829  -9.79872 
               296.7 -2.31005  2.92518  88.1024   8.26698   20.6944 -0.292215  0.392673   -1.2662 -0.505185 0.038549 0.048077 0.141315 -0.00325597 -0.00198733  0.00866455 -0.000264143  0.000179017  1.77492e-05 -0.0331673  0.0546246  0.0238828 0.355054 -0.27482 -9.79872 
               296.8 -2.31586  2.93312  88.0997   8.26617   20.6936 -0.289297  0.392673   -1.2662 -0.505185 0.038549 0.048077 0.141315 -0.00336634 -0.00247677  0.00977725 -0.000263853  0.000178355  1.80324e-05 -0.0331609    0.05462  0.0238648  0.355052 -0.274824  -9.79872 
               296.9 -2.31063  2.93265  88.1058   8.26761   20.6926 -0.285095  0.392673   -1.2662 -0.505185 0.038549 0.048077 0.141315  0.00174595 -0.00136852   0.0174255 -0.000264035  0.000178569  1.77894e-05 -0.0331507  0.0546372  0.0238379  0.355065 -0.274828  -9.79872 
                 297 -2.3086  2.9346 88.0996   8.26935   20.6942 -0.287953  0.392673   -1.2662 -0.505185 0.038549 0.048077 0.141315 0.00267922 0.00488877  0.0106829 -0.000263907  0.000178577  1.79795e-05 -0.033166  0.054653 0.0238792  0.355073 -0.274817  -9.79872 
               297.1 -2.31608  2.92781  88.1067  8.26941  20.6951 -0.28848  0.392673   -1.2662 -0.505185 0.038549 0.048077 0.141315 0.00165762 0.00458411 0.00504881 -0.000263432  0.000178992  1.76569e-05 -0.0331707  0.0546509  0.0238924  0.355071 -0.274815  -9.79872 
               297.2 -2.30366  2.92748   88.109  8.26903  20.6945 -0.28939  0.392673   -1.2662 -0.505185 0.038549 0.048077 0.141315 0.00215151 0.00213589 0.00445683 -0.000264099    0.0001785  1.75094e-05 -0.0331641  0.0546439  0.0239055 0.355068 -0.27482 -9.79872 
               297.3 -2.29587  2.93618  88.1038   8.26846   20.6955 -0.293133  0.392673   -1.2662 -0.505185 0.038549 0.048077 0.141315 0.000840484  0.00416231  0.00142592 -0.000264451  0.000177837  1.79028e-05 -0.0331736  0.0546348  0.0239429  0.355061 -0.274816  -9.79872 
               297.4 -2.29915  2.93747  88.0958   8.27039    20.694 -0.293887  0.392673   -1.2662 -0.505185 0.038549 0.048077 0.141315   0.00365322 -0.000912719  0.000810669 -0.000264099  0.000177695  1.84807e-05 -0.0331556  0.0546533  0.0239525  0.355075 -0.274825  -9.79872 
               297.5 -2.29814   2.9307  88.1044   8.27136   20.6968 -0.295735  0.392673   -1.2662 -0.505185 0.038549 0.048077 0.141315  0.00646806   0.0043365 -0.00358253 -0.000264059  0.000178048  1.79877e-05 -0.0331805  0.0546593  0.0239657  0.355076 -0.274808  -9.79872 
               297.6 -2.3045 2.93416 88.1057   8.27096    20.698 -0.296048  0.392673   -1.2662 -0.505185 0.038549 0.048077 0.141315  0.00275079  0.00957774 -0.00139171 -0.000263354  0.000177741  1.78545e-05 -0.0331866  0.0546494  0.0239672  0.355069 -0.274806  -9.79872 
               297.7 -2.30667  2.93899  88.1051   8.27169    20.697 -0.295255  0.392673   -1.2662 -0.505185 0.038549 0.048077 0.141315   0.00106929   0.00696482 -7.74792e-05 -0.000263084  0.000177499  1.76192e-05 -0.033169 0.0546553 0.0239634  0.355075 -0.274816  -9.79872 
               297.8 -2.3112 2.93697 88.1051   8.27182   20.6943 -0.293329  0.392673   -1.2662 -0.505185 0.038549 0.048077 0.141315  0.00125764 0.000923054  0.00174258 -0.000262694  0.000177432  1.76704e-05 -0.0331394  0.0546551  0.0239489  0.355078 -0.274836  -9.79872 
               297.9 -2.30985  2.93502  88.1077   8.27161   20.6953 -0.293412  0.392673   -1.2662 -0.505185 0.038549 0.048077 0.141315 0.000663549   0.0036837  0.00350163 -0.000262581  0.000177407  1.75359e-05 -0.0331479  0.0546517  0.0239509  0.355075 -0.274831  -9.79872 
                 298 -2.30815  2.94003  88.1005   8.27019   20.6949 -0.293469  0.392673   -1.2662 -0.505185 0.038549 0.048077 0.141315 -0.00289471  0.00168975  0.00352865 -0.000262465  0.000177129  1.79806e-05 -0.0331424  0.0546373   0.023954  0.355066 -0.274836  -9.79872 
               298.1 -2.30848  2.95291   88.102   8.26986   20.6936 -0.293428  0.392673   -1.2662 -0.505185 0.038549 0.048077 0.141315 -0.00231957 -0.00176986  0.00158055 -0.000262206  0.000176133  1.80081e-05 -0.0331293  0.0546367  0.0239575  0.355067 -0.274845  -9.79872 
               298.2 -2.30983  2.94962  88.1024   8.26995    20.693 -0.294142  0.392673   -1.2662 -0.505185 0.038549 0.048077 0.141315 0.000179846 -0.00152305  0.00207532 -0.000262034  0.000176511  1.79829e-05 -0.0331252  0.0546384  0.0239652  0.355069 -0.274847  -9.79872 
               298.3 -2.31056    2.936  88.1011   8.26975   20.6972 -0.294835  0.392673   -1.2662 -0.505185 0.038549 0.048077 0.141315 -0.00265398  0.00961972  0.00509853 -0.000261967  0.000177329  1.78508e-05 -0.0331623  0.0546383  0.0239727  0.355064 -0.274823  -9.79872 
               298.4 -2.30805  2.94238  88.1047   8.26869   20.6966 -0.295397  0.392673   -1.2662 -0.505185 0.038549 0.048077 0.141315 -0.00541507  0.00588145  0.00359217 -0.000262049  0.000177074  1.74904e-05 -0.0331498  0.0546304  0.0239838  0.355061 -0.274833  -9.79872 
               298.5 -2.30611  2.93215  88.1009   8.26771   20.6932 -0.292949  0.392673   -1.2662 -0.505185 0.038549 0.048077 0.141315 -0.00547774 -0.00130196   0.0076338 -0.000262346  0.000177236  1.77587e-05 -0.0331163  0.0546251  0.0239673  0.355062 -0.274855  -9.79872 
               298.6 -2.31032  2.93894  88.0937   8.26844   20.6919 -0.290096  0.392673   -1.2662 -0.505185 0.038549 0.048077 0.141315 -0.00322682 -0.00115185   0.0126636 -0.000262101  0.000176831  1.82398e-05 -0.0331053  0.0546387  0.0239522 0.355072 -0.27486 -9.79872 
               298.7 -2.30491  2.94586  88.1006   8.26843   20.6888 -0.288649  0.392673   -1.2662 -0.505185 0.038549 0.048077 0.141315 -0.00351905 -0.00637632   0.0127587 -0.000262266  0.000176485  1.78828e-05 -0.0330796  0.0546411  0.0239527  0.355077 -0.274877  -9.79872 
               298.8 -2.29814  2.93583   88.103   8.26907   20.6888 -0.288895  0.392673   -1.2662 -0.505185 0.038549 0.048077 0.141315 0.00159007 -0.0068481 0.00769868 -0.000262802  0.000176955  1.75632e-05 -0.0330851  0.0546493  0.0239632  0.355081 -0.274872  -9.79872 
               298.9 -2.28911  2.93694  88.1051   8.26888   20.6914 -0.288309  0.392673   -1.2662 -0.505185 0.038549 0.048077 0.141315  0.00226376 0.000636326   0.0130729 -0.000263105  0.000176686  1.75692e-05 -0.0331106   0.054646  0.0239638  0.355076 -0.274856  -9.79872 
                 299 -2.29589  2.93241  88.0964   8.26818   20.6929 -0.289091  0.392673   -1.2662 -0.505185 0.038549 0.048077 0.141315 -0.00305341  0.00302918   0.0101692 -0.000262618  0.000176921  1.82914e-05 -0.0331236  0.0546389  0.0239813   0.35507 -0.274849  -9.79872 
               299.1 -2.29819  2.93682  88.1065   8.26878   20.6914 -0.288561  0.392673   -1.2662 -0.505185 0.038549 0.048077 0.141315 -0.00113875 -0.00172347  0.00570619 -0.000262401  0.000176614   1.7833e-05 -0.0331093  0.0546472  0.0239857  0.355077 -0.274857  -9.79872 
               299.2 -2.29712  2.93362  88.1048   8.26782   20.6941 -0.288923  0.392673   -1.2662 -0.505185 0.038549 0.048077 0.141315 -0.00261563  0.00550108  0.00485687 -0.00026247  0.00017675 1.78781e-05 -0.0331324  0.0546396   0.023993  0.355069 -0.274843  -9.79872 
               299.3 -2.28777  2.93111  88.0972   8.26714   20.6984 -0.288827  0.392673   -1.2662 -0.505185 0.038549 0.048077 0.141315 -0.00611112   0.0121751  0.00651287 -0.000262689  0.000176904  1.82131e-05 -0.0331639  0.0546376  0.0239965  0.355064 -0.274823  -9.79872 
               299.4 -2.29527  2.92552  88.0905   8.26579   20.6975 -0.287097  0.392673   -1.2662 -0.505185 0.038549 0.048077 0.141315 -0.00906185  0.00779659  0.00752012 -0.000262038  0.000176919  1.86228e-05 -0.0331476  0.0546299  0.0239878  0.355061 -0.274834  -9.79872 
               299.5 -2.3097 2.92912 88.0931   8.26755   20.6975 -0.288625  0.392673   -1.2662 -0.505185 0.038549 0.048077 0.141315 -0.00170073  0.00739751  0.00331802 -0.000261114  0.000176402  1.84513e-05 -0.0331408  0.0546524  0.0240083  0.355077 -0.274836  -9.79872 
               299.6 -2.30176  2.93947  88.0961   8.26798   20.6993 -0.290983  0.392673   -1.2662 -0.505185 0.038549 0.048077 0.141315 -0.00010524   0.0129854  0.00127293 -0.000261228   0.00017566  1.80794e-05 -0.0331485  0.0546566   0.024033  0.355078 -0.274831  -9.79872 
               299.7 -2.29933  2.91995  88.1067   8.26882   20.7002 -0.294906  0.392673   -1.2662 -0.505185 0.038549 0.048077 0.141315 -0.00170932   0.0108676 -0.00675679 -0.000261303  0.000176656  1.75924e-05 -0.033147 0.0546639  0.024067  0.355083 -0.274832  -9.79872 
               299.8 -2.30242  2.93413  88.1003   8.26845   20.7012 -0.295544  0.392673   -1.2662 -0.505185 0.038549 0.048077 0.141315 -0.00131713  0.00955984 -0.00977858 -0.00026102 0.000176011 1.80041e-05 -0.033147 0.0546625  0.024066  0.355083 -0.274832  -9.79872 
               299.9 -2.29183   2.9347  88.0978   8.26801   20.7018 -0.296464  0.392673   -1.2662 -0.505185 0.038549 0.048077 0.141315 -0.00256177  0.00976125 -0.00796795 -0.000261603  0.000175938  1.82469e-05 -0.0331441  0.0546586  0.0240663   0.35508 -0.274834  -9.79872 
                 300 -2.30055  2.92749  88.1018    8.2667    20.702 -0.295876  0.392673   -1.2662 -0.505185 0.038549 0.048077 0.141315 -0.00589681  0.00674779   -0.003789 -0.000261095  0.000176225  1.81417e-05 -0.0331386   0.054649   0.024056  0.355075 -0.274839  -9.79872 
               300.1 -2.30449  2.92802  88.0944   8.26823   20.6987 -0.293682  0.392673   -1.2662 -0.505185 0.038549 0.048077 0.141315  0.00023921  0.00116162 -0.00259901 -0.000260989  0.000175958  1.83474e-05 -0.033104 0.0546695 0.0240361  0.355092 -0.274859  -9.79872 
               300.2 -2.29677  2.91846  88.0977   8.26974   20.6982 -0.294536  0.392673   -1.2662 -0.505185 0.038549 0.048077 0.141315  0.00427641 0.000129586    0.001211 -0.000261358  0.000176448  1.82505e-05 -0.0330992  0.0546827  0.0240436 0.355102 -0.27486 -9.79872 
               300.3  -2.286 2.93132  88.103   8.27014   20.6959 -0.291744  0.392673   -1.2662 -0.505185 0.038549 0.048077 0.141315  0.00275124 -0.00175321   0.0105607 -0.000261519  0.000175842  1.79096e-05 -0.033079 0.0546833 0.0240248  0.355104 -0.274873  -9.79872 
               300.4 -2.29242  2.93364  88.0921   8.26802   20.6963 -0.289928  0.392673   -1.2662 -0.505185 0.038549 0.048077 0.141315  -0.00197862 -0.000853936    0.0100705 -0.000261112  0.000175536  1.85333e-05 -0.033084 0.0546633 0.0240152  0.355091 -0.274872  -9.79872 
               300.5 -2.28574  2.93816  88.0967   8.26767   20.6959 -0.289113  0.392673   -1.2662 -0.505185 0.038549 0.048077 0.141315 -0.000721376  -0.00127939   0.00930921 -0.000261414  0.000175148  1.83618e-05 -0.0330809  0.0546616  0.0240155   0.35509 -0.274874  -9.79872 
               300.6 -2.28937  2.93772  88.0969   8.26758   20.6939 -0.287312  0.392673   -1.2662 -0.505185 0.038549 0.048077 0.141315 -0.000824087  -0.00227864    0.0102824 -0.000261103  0.000175199  1.83316e-05 -0.0330631  0.0546618   0.024009  0.355092 -0.274886  -9.79872 
               300.7 -2.29909  2.93486  88.0961  8.26783  20.6916 -0.28678  0.392673   -1.2662 -0.505185 0.038549 0.048077 0.141315 -0.00175925 -0.00682845  0.00648659 -0.00026051 0.000175422 1.83398e-05 -0.0330481  0.0546663  0.0240152  0.355097 -0.274895  -9.79872 
               300.8 -2.2974 2.94038 88.0969   8.26787   20.6923 -0.290348  0.392673   -1.2662 -0.505185 0.038549 0.048077 0.141315 0.000522697 -0.00393308  -0.0027414 -0.000260729  0.000175251  1.81788e-05 -0.0330611  0.0546666  0.0240513  0.355096 -0.274887  -9.79872 
               300.9 -2.29786  2.94091   88.099   8.26883   20.6929 -0.291628  0.392673   -1.2662 -0.505185 0.038549 0.048077 0.141315   0.00180938 -0.000474027    0.0018145 -0.000260594  0.000175241  1.78395e-05 -0.0330691  0.0546754  0.0240618  0.355101 -0.274881  -9.79872 
                 301 -2.30258  2.93426  88.0935   8.26948   20.6918 -0.290547  0.392673   -1.2662 -0.505185 0.038549 0.048077 0.141315 -4.34868e-05  -0.00346916   0.00601374 -0.00026015 0.000175889 1.82018e-05 -0.0330605   0.054682  0.0240555  0.355106 -0.274886  -9.79872 
               301.1 -2.3051 2.93547  88.094   8.27044   20.6895 -0.292578  0.392673   -1.2662 -0.505185 0.038549 0.048077 0.141315   0.0028203  -0.0085363 7.65289e-05 -0.00025991 0.000175692  1.8243e-05 -0.0330456  0.0546898  0.0240781  0.355113 -0.274895  -9.79871 
               301.2 -2.29425  2.92819  88.0923    8.2685    20.687 -0.296412  0.392673   -1.2662 -0.505185 0.038549 0.048077 0.141315 -0.00061805 -0.00913319 -0.00581739 -0.000260477  0.000175927  1.82225e-05 -0.0330345  0.0546659  0.0241117  0.355099 -0.274906  -9.79871 
               301.3 -2.29268   2.9318  88.1033  8.26689  20.6875 -0.29622  0.392673   -1.2662 -0.505185 0.038549 0.048077 0.141315 -0.00437691 -0.00581294 -0.00321039 -0.000260328   0.00017576  1.74671e-05 -0.0330456  0.0546517  0.0241047 0.355088  -0.2749 -9.79872 
               301.4 -2.30075  2.92858  88.0948   8.26605   20.6887 -0.296542  0.392673   -1.2662 -0.505185 0.038549 0.048077 0.141315 -0.00534052 -0.00294364 -0.00611537 -0.000259711  0.000175838  1.79264e-05 -0.0330592  0.0546501  0.0241029  0.355086 -0.274892  -9.79872 
               301.5 -2.29973   2.9264  88.0944   8.26691   20.6882 -0.294872  0.392673   -1.2662 -0.505185 0.038549 0.048077 0.141315 -0.000798187  -0.00250446   0.00313505 -0.000259651  0.000175929  1.80832e-05 -0.0330562  0.0546624   0.024085  0.355094 -0.274892  -9.79872 
               301.6 -2.30374  2.92978  88.0952   8.26867    20.688 -0.293402  0.392673   -1.2662 -0.505185 0.038549 0.048077 0.141315 -0.000849887  0.000855903   0.00690095 -0.000259316  0.000175958  1.80229e-05 -0.0330552  0.0546815  0.0240769 0.355106 -0.27489 -9.79872 
               301.7 -2.29397  2.92466  88.0972   8.26901   20.6873 -0.292642  0.392673   -1.2662 -0.505185 0.038549 0.048077 0.141315 -0.000775424  -0.00210365   0.00548767 -0.000259829  0.000176146  1.81549e-05 -0.0330505   0.054686  0.0240771   0.35511 -0.274892  -9.79871 
               301.8 -2.29833  2.93352  88.0907   8.26933   20.6879 -0.293369  0.392673   -1.2662 -0.505185 0.038549 0.048077 0.141315  0.00150948 -0.00192939  0.00451793 -0.000259607  0.000175457   1.8507e-05 -0.0330577  0.0546888  0.0240877  0.355111 -0.274887  -9.79871 
               301.9 -2.29161  2.93381  88.0911   8.26918   20.6904 -0.292721  0.392673   -1.2662 -0.505185 0.038549 0.048077 0.141315 0.00100194 0.00267706 0.00932481 -0.000259731  0.000175368  1.83514e-05 -0.0330781  0.0546867  0.0240861  0.355107 -0.274875  -9.79872 
                 302 -2.29782  2.93242  88.0899  8.26758  20.6923 -0.29217  0.392673   -1.2662 -0.505185 0.038549 0.048077 0.141315 -0.00390252  0.00430584   0.0088281 -0.000259272  0.000175371  1.85722e-05 -0.0330917  0.0546721  0.0240876  0.355096 -0.274868  -9.79872 
               302.1 -2.29908  2.93684  88.0944   8.26573    20.698 -0.292689  0.392673   -1.2662 -0.505185 0.038549 0.048077 0.141315 -0.00515291   0.0134653  0.00166894 -0.000259198  0.000175045  1.82897e-05 -0.0331338  0.0546591   0.024094  0.355082 -0.274842  -9.79872 
               302.2 -2.29964  2.94104  88.0954   8.26621   20.6978 -0.291442  0.392673   -1.2662 -0.505185 0.038549 0.048077 0.141315 -0.00285702   0.0148639   0.0071774 -0.000259118  0.000174668  1.81019e-05 -0.0331191  0.0546679  0.0240876  0.35509 -0.27485 -9.79872 
               302.3 -2.29109  2.93788  88.1016   8.26819    20.701 -0.290799  0.392673   -1.2662 -0.505185 0.038549 0.048077 0.141315 6.99942e-05   0.0196562  0.00820139 -0.000259516  0.000174654  1.76306e-05 -0.033131 0.0546911 0.0240898 0.355103 -0.27484 -9.79872 
               302.4 -2.29259  2.94443  88.0942   8.26673   20.7003 -0.291968  0.392673   -1.2662 -0.505185 0.038549 0.048077 0.141315  -0.0024973    0.014423 0.000742514 -0.000259387  0.000174426  1.80647e-05 -0.0331124  0.0546755  0.0241061  0.355096 -0.274854  -9.79872 
               302.5 -2.30046  2.93504  88.1024   8.26681   20.6999 -0.292395  0.392673   -1.2662 -0.505185 0.038549 0.048077 0.141315 -0.00158484   0.0120989 0.000345094 -0.000258942  0.000175014  1.77826e-05 -0.033098 0.0546773 0.0241113  0.355098 -0.274863  -9.79872 
               302.6 -2.29918  2.93116     88.1   8.26788   20.6973 -0.292611  0.392673   -1.2662 -0.505185 0.038549 0.048077 0.141315 0.000586764  0.00586963 7.97697e-05 -0.00025883 0.000175262 1.79988e-05 -0.0330665  0.0546876  0.0241158  0.355109 -0.274882  -9.79872 
               302.7 -2.30248  2.93785  88.0972   8.26738   20.6954 -0.293991  0.392673   -1.2662 -0.505185 0.038549 0.048077 0.141315 -0.000362363   0.00019185  -0.00240943 -0.000258787  0.000174803  1.80945e-05 -0.0330478  0.0546811  0.0241291  0.355107 -0.274895  -9.79871 
               302.8 -2.28769  2.92892  88.0962   8.26833   20.6962 -0.293179  0.392673   -1.2662 -0.505185 0.038549 0.048077 0.141315 0.00437024 0.00151263 0.00264121 -0.000259556  0.000175031   1.8121e-05 -0.033053 0.0546899 0.0241197  0.355112 -0.274891  -9.79871 
               302.9 -2.29001   2.9289  88.0942 8.26875 20.6948 -0.2917  0.392673   -1.2662 -0.505185 0.038549 0.048077 0.141315   0.00346594 -2.53599e-06    0.0101478 -0.000259399  0.000175243  1.82429e-05 -0.0330395  0.0546899  0.0241117  0.355114 -0.274899  -9.79871 
                 303 -2.28586  2.92646  88.0958  8.26895  20.6925 -0.29188  0.392673   -1.2662 -0.505185 0.038549 0.048077 0.141315  0.00156979 -0.00332005  0.00686242 -0.000259474   0.00017532  1.81203e-05 -0.0330202  0.0546886  0.0241235  0.355115 -0.274912  -9.79871 
               303.1 -2.27974  2.92378  88.0992   8.26898   20.6945 -0.290808  0.392673   -1.2662 -0.505185 0.038549 0.048077 0.141315 0.00265237  0.0010518 0.00509112 -0.000259855  0.000175488  1.78546e-05 -0.0330388  0.0546879  0.0241183 0.355113  -0.2749 -9.79871 
               303.2 -2.28409  2.93173  88.0989   8.27004   20.6938 -0.290935  0.392673   -1.2662 -0.505185 0.038549 0.048077 0.141315 0.00496043 0.00201554 0.00543203 -0.000259486  0.000175017  1.76709e-05 -0.0330321  0.0546946   0.024127  0.355118 -0.274904  -9.79871 
               303.3 -2.28983  2.92825  88.0945   8.26881   20.6927 -0.291206  0.392673   -1.2662 -0.505185 0.038549 0.048077 0.141315 0.000259817 -0.00068459  0.00523369 -0.000259126  0.000175145  1.79689e-05 -0.0330236  0.0546779  0.0241356  0.355108 -0.274912  -9.79871 
               303.4 -2.28745  2.92637  88.0943   8.26982    20.692 -0.289222  0.392673   -1.2662 -0.505185 0.038549 0.048077 0.141315  0.00330818 -0.00310793  0.00658874 -0.00025904 0.000175294  1.8028e-05 -0.033018 0.0546873 0.0241215  0.355115 -0.274914  -9.79871 
               303.5 -2.28656  2.92672  88.0941   8.27026   20.6908 -0.293144  0.392673   -1.2662 -0.505185 0.038549 0.048077 0.141315  0.00533561 -0.00384615 0.000654255 -0.00025913 0.000175206 1.82301e-05 -0.0330116  0.0546854  0.0241598  0.355114 -0.274919  -9.79871 
               303.6 -2.29449  2.93387  88.0907   8.27029   20.6896 -0.292136  0.392673   -1.2662 -0.505185 0.038549 0.048077 0.141315  0.00190723 -0.00294513 0.000405841 -0.000258437  0.000175137  1.84801e-05 -0.0330035  0.0546819   0.024153  0.355113 -0.274924  -9.79871 
               303.7 -2.2952 2.93306 88.0997   8.26965   20.6924 -0.291454  0.392673   -1.2662 -0.505185 0.038549 0.048077 0.141315 -0.000203311  0.000978556 -0.000945779 -0.000258525  0.000175309  1.80847e-05 -0.0330293  0.0546761   0.024146  0.355106 -0.274908  -9.79871 
               303.8 -2.31032  2.93093  88.0936  8.26799  20.6918 -0.29241  0.392673   -1.2662 -0.505185 0.038549 0.048077 0.141315 -0.00439629  0.00167358 -0.00239659 -0.000257777  0.000175187  1.84045e-05 -0.0330256  0.0546603  0.0241546  0.355097 -0.274913  -9.79871 
               303.9 -2.3045 2.92601 88.0918   8.26614   20.6932 -0.293279  0.392673   -1.2662 -0.505185 0.038549 0.048077 0.141315  -0.0073198  0.00514059 -0.00181743 -0.000257932  0.000175321  1.84079e-05 -0.0330368  0.0546471  0.0241603  0.355087 -0.274907  -9.79872 
                 304 -2.30522  2.92382  88.0931   8.26566   20.6934 -0.291247  0.392673   -1.2662 -0.505185 0.038549 0.048077 0.141315 -0.00803187  0.00431928  0.00211837 -0.00025795 0.000175368 1.82132e-05 -0.0330332  0.0546508  0.0241416   0.35509 -0.274909  -9.79872 
               304.1 -2.30413  2.93605  88.0899   8.26875    20.693 -0.292835  0.392673   -1.2662 -0.505185 0.038549 0.048077 0.141315  0.00189515  0.00257909 -0.00147344 -0.000257963  0.000174702  1.84626e-05 -0.0330255  0.0546857  0.0241573 0.355113 -0.27491 -9.79871 
               304.2 -2.2998 2.93193 88.0956   8.26905   20.6948 -0.292478  0.392673   -1.2662 -0.505185 0.038549 0.048077 0.141315 0.00195934 0.00781985 0.00228032 -0.000258126  0.000174771  1.80019e-05 -0.0330364  0.0546871  0.0241527  0.355113 -0.274903  -9.79871 
               304.3 -2.29916  2.93024  88.0909   8.26847   20.6951 -0.293401  0.392673   -1.2662 -0.505185 0.038549 0.048077 0.141315  -0.00125958   0.00689293 -0.000104895 -0.000257956  0.000174916  1.84239e-05 -0.0330329  0.0546805  0.0241634  0.355109 -0.274906  -9.79871 
               304.4 -2.29931  2.92319  88.0977  8.26907  20.6954 -0.29411  0.392673   -1.2662 -0.505185 0.038549 0.048077 0.141315  0.00111558  0.00381373 -0.00258028 -0.000257924  0.000175313  1.81553e-05 -0.0330309  0.0546866  0.0241688  0.355113 -0.274906  -9.79871 
               304.5 -2.3005 2.92379 88.0998   8.26853   20.6933 -0.291971  0.392673   -1.2662 -0.505185 0.038549 0.048077 0.141315  0.000368065 -0.000492535    0.0029555 -0.000257848  0.000175195  1.81547e-05 -0.0330091  0.0546801  0.0241497  0.355111 -0.274921  -9.79871 
               304.6 -2.30395  2.93604  88.0963    8.2674   20.6917 -0.292223  0.392673   -1.2662 -0.505185 0.038549 0.048077 0.141315 -0.00309388 -0.00299235  0.00371795 -0.000257649  0.000174795  1.84976e-05 -0.0329978   0.054669  0.0241564 0.355106 -0.27493 -9.79871 
               304.7 -2.30078  2.93231  88.0995   8.26777   20.6921 -0.293912  0.392673   -1.2662 -0.505185 0.038549 0.048077 0.141315 -0.00156532 -0.00170894 -0.00316716 -0.000257703  0.000174962  1.84196e-05 -0.033004  0.054675 0.0241735  0.355109 -0.274925  -9.79871 
               304.8 -2.29565  2.93039  88.0988   8.26791   20.6934 -0.293388  0.392673   -1.2662 -0.505185 0.038549 0.048077 0.141315 0.00140828 0.00356454  0.0019983 -0.000257839  0.000174929  1.84102e-05 -0.0330148  0.0546773  0.0241671  0.355109 -0.274918  -9.79871 
               304.9 -2.28575  2.93095  88.0979   8.26793   20.6956 -0.294359  0.392673   -1.2662 -0.505185 0.038549 0.048077 0.141315 -0.00162595  0.00766871  0.00618841 -0.00025802 0.000174837 1.83192e-05 -0.0330301  0.0546777  0.0241791  0.355107 -0.274908  -9.79871 
                 305 -2.28688  2.92311  88.0974   8.26806   20.6946 -0.294732  0.392673   -1.2662 -0.505185 0.038549 0.048077 0.141315 -0.00217425  0.00298593  0.00140465 -0.000257668  0.000175281  1.84269e-05 -0.0330168  0.0546805  0.0241871  0.355111 -0.274917  -9.79871 
               305.1 -2.29174  2.92925  88.1044   8.26801   20.6957 -0.295351  0.392673   -1.2662 -0.505185 0.038549 0.048077 0.141315 -0.00112047  0.00489993 -0.00151046 -0.000257313  0.000174773  1.80214e-05 -0.033022 0.0546819 0.0241919  0.355111 -0.274913  -9.79871 
               305.2  -2.293 2.93627 88.1031   8.26736    20.695 -0.295125  0.392673   -1.2662 -0.505185 0.038549 0.048077 0.141315   -0.0021457    0.0045721 -0.000285202 -0.000257171  0.000174368  1.81153e-05 -0.0330115  0.0546765  0.0241897  0.355109 -0.274921  -9.79871 
               305.3 -2.28948  2.92652  88.0998   8.26836   20.6955 -0.294482  0.392673   -1.2662 -0.505185 0.038549 0.048077 0.141315 -0.000286008   0.00385876   0.00259952 -0.000257275   0.00017493  1.82014e-05 -0.0330109  0.0546891  0.0241859  0.355117 -0.274919  -9.79871 
               305.4 -2.29158  2.91934  88.0971   8.26897   20.6937 -0.293811  0.392673   -1.2662 -0.505185 0.038549 0.048077 0.141315   0.00331985 -0.000670583   0.00253784 -0.000257042  0.000175155  1.84892e-05 -0.0329942  0.0546933  0.0241828  0.355122 -0.274929  -9.79871 
               305.5 -2.28764  2.92937  88.1015   8.26969   20.6963 -0.292839  0.392673   -1.2662 -0.505185 0.038549 0.048077 0.141315 0.00404955  0.0066622  0.0076236 -0.000257083  0.000174544  1.81705e-05 -0.033014 0.0546977 0.0241771  0.355122 -0.274916  -9.79871 
               305.6 -2.29438  2.93589  88.0981  8.27032  20.6989 -0.29002  0.392673   -1.2662 -0.505185 0.038549 0.048077 0.141315 0.00311978  0.0125566  0.0121049 -0.00025652 0.000174283 1.83971e-05 -0.0330281  0.0547027  0.0241599  0.355123 -0.274906  -9.79871 
               305.7 -2.28941  2.92954  88.0993 8.26905 20.6992 -0.2879  0.392673   -1.2662 -0.505185 0.038549 0.048077 0.141315 0.00316387  0.0107039  0.0113886 -0.000256653  0.000174386  1.82809e-05 -0.0330211  0.0546864  0.0241503  0.355114 -0.274912  -9.79871 
